file_id,file_name,full_path,file_extension,file_size_bytes,file_size_mb,last_modified,current_folder,parent_folder,group_name,company_folder,company_code,web_url,download_url,matched_company_id,matched_company_name,document_type
"",CIC 11 Register of Directors.docx,Corporate/No Group/CIC 11 Register of Directors.docx,.docx,0,0,"",No Group,No Group,No Group,No Group,"","","","","",.docx
"",CIC 12 Allotment Journal.docx,Corporate/No Group/CIC 12 Allotment Journal.docx,.docx,0,0,"",No Group,No Group,No Group,No Group,"","","","","",.docx
"",CIC 13 Table of Forms & Documents Lodged with ASIC.docx,Corporate/No Group/CIC 13 Table of Forms & Documents Lodged with ASIC.docx,.docx,0,0,"",No Group,No Group,No Group,No Group,"","","","","",.docx
"",CIC 14 Common Seal Register.docx,Corporate/No Group/CIC 14 Common Seal Register.docx,.docx,0,0,"",No Group,No Group,No Group,No Group,"","","","","",.docx
"",CIC 15 Register of Debenture Holders.docx,Corporate/No Group/CIC 15 Register of Debenture Holders.docx,.docx,0,0,"",No Group,No Group,No Group,No Group,"","","","","",.docx
"",CIC 2 Occupier Consent.docx,Corporate/No Group/CIC 2 Occupier Consent.docx,.docx,0,0,"",No Group,No Group,No Group,No Group,"","","","","",.docx
"",CIC 3 Consent to act as Director - RACHEL ANNE HARDER - signed.pdf,Corporate/No Group/CIC 3 Consent to act as Director - RACHEL ANNE HARDER - signed.pdf,.pdf,0,0,"",No Group,No Group,No Group,No Group,"","","","","",.pdf
"",CIC 4 Consent to act as Secretary - RACHEL ANNE HARDER - Signed.pdf,Corporate/No Group/CIC 4 Consent to act as Secretary - RACHEL ANNE HARDER - Signed.pdf,.pdf,0,0,"",No Group,No Group,No Group,No Group,"","","","","",.pdf
"",CIC 4 Consent to act as Secretary - RACHEL ANNE HARDER.docx,Corporate/No Group/CIC 4 Consent to act as Secretary - RACHEL ANNE HARDER.docx,.docx,0,0,"",No Group,No Group,No Group,No Group,"","","","","",.docx
"",CIC 4 Consent to act as Secretary - RACHEL ANNE HARDER.pdf,Corporate/No Group/CIC 4 Consent to act as Secretary - RACHEL ANNE HARDER.pdf,.pdf,0,0,"",No Group,No Group,No Group,No Group,"","","","","",.pdf
"",CIC 5a Consent to Act as Public Officer.docx,Corporate/No Group/CIC 5a Consent to Act as Public Officer.docx,.docx,0,0,"",No Group,No Group,No Group,No Group,"","","","","",.docx
"",CIC 5b Notice of Appointment of Public Officer.docx,Corporate/No Group/CIC 5b Notice of Appointment of Public Officer.docx,.docx,0,0,"",No Group,No Group,No Group,No Group,"","","","","",.docx
"",CIC 691268452.docx,Corporate/No Group/CIC 691268452.docx,.docx,0,0,"",No Group,No Group,No Group,No Group,"","","","","",.docx
"",CIC 8 Application for ORD Shares - THE PROMISE QLD PTY LTD - Signed.pdf,Corporate/No Group/CIC 8 Application for ORD Shares - THE PROMISE QLD PTY LTD - Signed.pdf,.pdf,0,0,"",No Group,No Group,No Group,No Group,"","","","","",.pdf
"",CIC 8 Application for ORD Shares - THE PROMISE QLD PTY LTD.docx,Corporate/No Group/CIC 8 Application for ORD Shares - THE PROMISE QLD PTY LTD.docx,.docx,0,0,"",No Group,No Group,No Group,No Group,"","","","","",.docx
"",CIC ASIC Consent to Act as Director - Rachel Anne Harder.pdf,Corporate/No Group/CIC ASIC Consent to Act as Director - Rachel Anne Harder.pdf,.pdf,0,0,"",No Group,No Group,No Group,No Group,"","","","","",.pdf
"",CIC Certificate of Registration - Co Invest Capital.pdf,Corporate/No Group/CIC Certificate of Registration - Co Invest Capital.pdf,.pdf,0,0,"",No Group,No Group,No Group,No Group,"","","","","",.pdf
"",CIC Register of Members.pdf,Corporate/No Group/CIC Register of Members.pdf,.pdf,0,0,"",No Group,No Group,No Group,No Group,"","","","","",.pdf
"",CIC Constitution - Co Invest Capital.pdf,Corporate/No Group/CIC Constitution - Co Invest Capital.pdf,.pdf,0,0,"",No Group,No Group,No Group,No Group,"","","","","",.pdf
"",CIC Constitution Signed.pdf,Corporate/No Group/CIC Constitution Signed.pdf,.pdf,0,0,"",No Group,No Group,No Group,No Group,"","","","","",.pdf
"",CIC Constitution.pdf,Corporate/No Group/CIC Constitution.pdf,.pdf,0,0,"",No Group,No Group,No Group,No Group,"","","","","",.pdf
"",CIC 6 Minutes of the Shareholders.docx,Corporate/No Group/CIC 6 Minutes of the Shareholders.docx,.docx,0,0,"",No Group,No Group,No Group,No Group,"","","","","",.docx
"",CIC 7 Minutes of the Directors.docx,Corporate/No Group/CIC 7 Minutes of the Directors.docx,.docx,0,0,"",No Group,No Group,No Group,No Group,"","","","","",.docx
"",CIC 9 Share Certificate - THE PROMISE QLD PTY LTD - ORD - 1758685564.docx,Corporate/No Group/CIC 9 Share Certificate - THE PROMISE QLD PTY LTD - ORD - 1758685564.docx,.docx,0,0,"",No Group,No Group,No Group,No Group,"","","","","",.docx
"",CIC Register of Members.docx,Corporate/No Group/CIC Register of Members.docx,.docx,0,0,"",No Group,No Group,No Group,No Group,"","","","","",.docx
"",CIC Register of Members.xlsx,Corporate/No Group/CIC Register of Members.xlsx,.xlsx,0,0,"",No Group,No Group,No Group,No Group,"","","","","",.xlsx
"",CIC Share Certificate 24-09-2025.pdf,Corporate/No Group/CIC Share Certificate 24-09-2025.pdf,.pdf,0,0,"",No Group,No Group,No Group,No Group,"","","","","",.pdf
"",CIH 10 Register of Members.docx,Corporate/No Group/CIH 10 Register of Members.docx,.docx,0,0,"",No Group,No Group,No Group,No Group,"","","","","",.docx
"",CIH 12 Allotment Journal.docx,Corporate/No Group/CIH 12 Allotment Journal.docx,.docx,0,0,"",No Group,No Group,No Group,No Group,"","","","","",.docx
"",CIH 13 Table of Forms & Documents Lodged with ASIC.docx,Corporate/No Group/CIH 13 Table of Forms & Documents Lodged with ASIC.docx,.docx,0,0,"",No Group,No Group,No Group,No Group,"","","","","",.docx
"",CIH 14 Common Seal Register.docx,Corporate/No Group/CIH 14 Common Seal Register.docx,.docx,0,0,"",No Group,No Group,No Group,No Group,"","","","","",.docx
"",CIH 15 Register of Debenture Holders.docx,Corporate/No Group/CIH 15 Register of Debenture Holders.docx,.docx,0,0,"",No Group,No Group,No Group,No Group,"","","","","",.docx
"",CIH 2 Occupier Consent.docx,Corporate/No Group/CIH 2 Occupier Consent.docx,.docx,0,0,"",No Group,No Group,No Group,No Group,"","","","","",.docx
"",CIH 3 Consent to act as Director - JAKE STANLEY BAIRD.docx,Corporate/No Group/CIH 3 Consent to act as Director - JAKE STANLEY BAIRD.docx,.docx,0,0,"",No Group,No Group,No Group,No Group,"","","","","",.docx
"",CIH 3 Consent to act as Director - JAKE STANLEY BAIRD.pdf,Corporate/No Group/CIH 3 Consent to act as Director - JAKE STANLEY BAIRD.pdf,.pdf,0,0,"",No Group,No Group,No Group,No Group,"","","","","",.pdf
"",CIH 3 Consent to act as Director - RACHEL ANNE HARDER - Signed.pdf,Corporate/No Group/CIH 3 Consent to act as Director - RACHEL ANNE HARDER - Signed.pdf,.pdf,0,0,"",No Group,No Group,No Group,No Group,"","","","","",.pdf
"",CIH 3 Consent to act as Director - RACHEL ANNE HARDER.docx,Corporate/No Group/CIH 3 Consent to act as Director - RACHEL ANNE HARDER.docx,.docx,0,0,"",No Group,No Group,No Group,No Group,"","","","","",.docx
"",CIH 4 Consent to act as Secretary - RACHEL ANNE HARDER - Signed.pdf,Corporate/No Group/CIH 4 Consent to act as Secretary - RACHEL ANNE HARDER - Signed.pdf,.pdf,0,0,"",No Group,No Group,No Group,No Group,"","","","","",.pdf
"",CIH 4 Consent to act as Secretary - RACHEL ANNE HARDER.docx,Corporate/No Group/CIH 4 Consent to act as Secretary - RACHEL ANNE HARDER.docx,.docx,0,0,"",No Group,No Group,No Group,No Group,"","","","","",.docx
"",CIH 5a Consent to Act as Public Officer - RACHEL ANNE HARDER - Signed.pdf,Corporate/No Group/CIH 5a Consent to Act as Public Officer - RACHEL ANNE HARDER - Signed.pdf,.pdf,0,0,"",No Group,No Group,No Group,No Group,"","","","","",.pdf
"",CIH 5a Consent to Act as Public Officer - RACHEL ANNE HARDER.docx,Corporate/No Group/CIH 5a Consent to Act as Public Officer - RACHEL ANNE HARDER.docx,.docx,0,0,"",No Group,No Group,No Group,No Group,"","","","","",.docx
"",CIH 5b Notice of Appointment of Public Officer - RACHEL ANNE HARDER.docx,Corporate/No Group/CIH 5b Notice of Appointment of Public Officer - RACHEL ANNE HARDER.docx,.docx,0,0,"",No Group,No Group,No Group,No Group,"","","","","",.docx
"",CIH 691269333.docx,Corporate/No Group/CIH 691269333.docx,.docx,0,0,"",No Group,No Group,No Group,No Group,"","","","","",.docx
"",CIH 8 Application for A Shares - KIRSTEN RENEE BAIRD.docx,Corporate/No Group/CIH 8 Application for A Shares - KIRSTEN RENEE BAIRD.docx,.docx,0,0,"",No Group,No Group,No Group,No Group,"","","","","",.docx
"",CIH 8 Application for ORD Shares - KIRSTEN RENEE BAIRD.pdf,Corporate/No Group/CIH 8 Application for ORD Shares - KIRSTEN RENEE BAIRD.pdf,.pdf,0,0,"",No Group,No Group,No Group,No Group,"","","","","",.pdf
"",CIH 8 Application for ORD Shares - THE PROMISE QLD PTY LTD.docx,Corporate/No Group/CIH 8 Application for ORD Shares - THE PROMISE QLD PTY LTD.docx,.docx,0,0,"",No Group,No Group,No Group,No Group,"","","","","",.docx
"",CIH ABN Advice Letter.pdf,Corporate/No Group/CIH ABN Advice Letter.pdf,.pdf,0,0,"",No Group,No Group,No Group,No Group,"","","","","",.pdf
"",CIH Application for A Shares THE PROMISE QLD PTY LTD.pdf,Corporate/No Group/CIH Application for A Shares THE PROMISE QLD PTY LTD.pdf,.pdf,0,0,"",No Group,No Group,No Group,No Group,"","","","","",.pdf
"",CIH ASIC Form 252 Public Officer 24-09-2025.pdf,Corporate/No Group/CIH ASIC Form 252 Public Officer 24-09-2025.pdf,.pdf,0,0,"",No Group,No Group,No Group,No Group,"","","","","",.pdf
"",CIH Certifcate of registration - Co Invest Homes.pdf,Corporate/No Group/CIH Certifcate of registration - Co Invest Homes.pdf,.pdf,0,0,"",No Group,No Group,No Group,No Group,"","","","","",.pdf
"",CIH Co Invest Homes Tax File Number.pdf,Corporate/No Group/CIH Co Invest Homes Tax File Number.pdf,.pdf,0,0,"",No Group,No Group,No Group,No Group,"","","","","",.pdf
"",CIH Register of Directors.pdf,Corporate/No Group/CIH Register of Directors.pdf,.pdf,0,0,"",No Group,No Group,No Group,No Group,"","","","","",.pdf
"",CIH Share Application Kirsten Baird 24-09-2025.pdf,Corporate/No Group/CIH Share Application Kirsten Baird 24-09-2025.pdf,.pdf,0,0,"",No Group,No Group,No Group,No Group,"","","","","",.pdf
"",CIH Share Certificate Kirsten Renee Baird.pdf,Corporate/No Group/CIH Share Certificate Kirsten Renee Baird.pdf,.pdf,0,0,"",No Group,No Group,No Group,No Group,"","","","","",.pdf
"",CIH 1 Constitution.pdf,Corporate/No Group/CIH 1 Constitution.pdf,.pdf,0,0,"",No Group,No Group,No Group,No Group,"","","","","",.pdf
"",CIH Constitution.pdf,Corporate/No Group/CIH Constitution.pdf,.pdf,0,0,"",No Group,No Group,No Group,No Group,"","","","","",.pdf
"",CIH 6 Minutes of the Shareholders.docx,Corporate/No Group/CIH 6 Minutes of the Shareholders.docx,.docx,0,0,"",No Group,No Group,No Group,No Group,"","","","","",.docx
"",CIH 7 Minutes of the Directors.docx,Corporate/No Group/CIH 7 Minutes of the Directors.docx,.docx,0,0,"",No Group,No Group,No Group,No Group,"","","","","",.docx
"",CIH 9 Share Certificate - KIRSTEN RENEE BAIRD - A - 1758686462.docx,Corporate/No Group/CIH 9 Share Certificate - KIRSTEN RENEE BAIRD - A - 1758686462.docx,.docx,0,0,"",No Group,No Group,No Group,No Group,"","","","","",.docx
"",CIH 9 Share Certificate - KIRSTEN RENEE BAIRD - ORD - 1758686462.docx,Corporate/No Group/CIH 9 Share Certificate - KIRSTEN RENEE BAIRD - ORD - 1758686462.docx,.docx,0,0,"",No Group,No Group,No Group,No Group,"","","","","",.docx
"",CIH 9 Share Certificate - KIRSTEN RENEE BAIRD - ORD - 1758686462.pdf,Corporate/No Group/CIH 9 Share Certificate - KIRSTEN RENEE BAIRD - ORD - 1758686462.pdf,.pdf,0,0,"",No Group,No Group,No Group,No Group,"","","","","",.pdf
"",CIH 9 Share Certificate - THE PROMISE QLD PTY LTD - A - 1758686462.docx,Corporate/No Group/CIH 9 Share Certificate - THE PROMISE QLD PTY LTD - A - 1758686462.docx,.docx,0,0,"",No Group,No Group,No Group,No Group,"","","","","",.docx
"",CIH 9 Share Certificate - THE PROMISE QLD PTY LTD - ORD - 1758686462.docx,Corporate/No Group/CIH 9 Share Certificate - THE PROMISE QLD PTY LTD - ORD - 1758686462.docx,.docx,0,0,"",No Group,No Group,No Group,No Group,"","","","","",.docx
"",CIH Register of Members.xlsx,Corporate/No Group/CIH Register of Members.xlsx,.xlsx,0,0,"",No Group,No Group,No Group,No Group,"","","","","",.xlsx
"",CIH Share Certificate 24-09-2025.pdf,Corporate/No Group/CIH Share Certificate 24-09-2025.pdf,.pdf,0,0,"",No Group,No Group,No Group,No Group,"","","","","",.pdf
"",GEN 2022.03.31 - Certificate Of Registration - GEN2612 PTY LTD.pdf,Corporate/No Group/GEN 2022.03.31 - Certificate Of Registration - GEN2612 PTY LTD.pdf,.pdf,0,0,"",No Group,No Group,No Group,No Group,"","","","","",.pdf
"",GEN Annual Solvency Resolution FY25.pdf,Corporate/No Group/GEN Annual Solvency Resolution FY25.pdf,.pdf,0,0,"",No Group,No Group,No Group,No Group,"","","","","",.pdf
"",GEN Application for Shares.pdf,Corporate/No Group/GEN Application for Shares.pdf,.pdf,0,0,"",No Group,No Group,No Group,No Group,"","","","","",.pdf
"",GEN ASIC Company Extract 28-06-2024.pdf,Corporate/No Group/GEN ASIC Company Extract 28-06-2024.pdf,.pdf,0,0,"",No Group,No Group,No Group,No Group,"","","","","",.pdf
"",GEN Company Details and Debtors Ledger 30-06-2023.pdf,Corporate/No Group/GEN Company Details and Debtors Ledger 30-06-2023.pdf,.pdf,0,0,"",No Group,No Group,No Group,No Group,"","","","","",.pdf
"",GEN Company Registration Details 31-03-2022.pdf,Corporate/No Group/GEN Company Registration Details 31-03-2022.pdf,.pdf,0,0,"",No Group,No Group,No Group,No Group,"","","","","",.pdf
"",GEN Company Setup 2024.pdf,Corporate/No Group/GEN Company Setup 2024.pdf,.pdf,0,0,"",No Group,No Group,No Group,No Group,"","","","","",.pdf
"",GEN Corporate Key.pdf,Corporate/No Group/GEN Corporate Key.pdf,.pdf,0,0,"",No Group,No Group,No Group,No Group,"","","","","",.pdf
"",GEN Gen2612 - Debtors Report - EOFY25.pdf,Corporate/No Group/GEN Gen2612 - Debtors Report - EOFY25.pdf,.pdf,0,0,"",No Group,No Group,No Group,No Group,"","","","","",.pdf
"",GEN Gen2612 - View company details - EOFY25.pdf,Corporate/No Group/GEN Gen2612 - View company details - EOFY25.pdf,.pdf,0,0,"",No Group,No Group,No Group,No Group,"","","","","",.pdf
"",GEN Officeholder Consent Rachel Harder.pdf,Corporate/No Group/GEN Officeholder Consent Rachel Harder.pdf,.pdf,0,0,"",No Group,No Group,No Group,No Group,"","","","","",.pdf
"",GEN [SIGNED] Gen2612 Pty Ltd - Tax return 2024.pdf,Corporate/No Group/GEN [SIGNED] Gen2612 Pty Ltd - Tax return 2024.pdf,.pdf,0,0,"",No Group,No Group,No Group,No Group,"","","","","",.pdf
"",GEN ATO Account Summary FY25.pdf,Corporate/No Group/GEN ATO Account Summary FY25.pdf,.pdf,0,0,"",No Group,No Group,No Group,No Group,"","","","","",.pdf
"",GEN CTR FY22 US.pdf,Corporate/No Group/GEN CTR FY22 US.pdf,.pdf,0,0,"",No Group,No Group,No Group,No Group,"","","","","",.pdf
"",GEN CTR FY23 US.pdf,Corporate/No Group/GEN CTR FY23 US.pdf,.pdf,0,0,"",No Group,No Group,No Group,No Group,"","","","","",.pdf
"",GEN EOY ATO FY24 Gen2612.pdf,Corporate/No Group/GEN EOY ATO FY24 Gen2612.pdf,.pdf,0,0,"",No Group,No Group,No Group,No Group,"","","","","",.pdf
"",GEN Gen2612 - AgreementDocument 2023FY - Financials & Tax Return Proposal.pdf,Corporate/No Group/GEN Gen2612 - AgreementDocument 2023FY - Financials & Tax Return Proposal.pdf,.pdf,0,0,"",No Group,No Group,No Group,No Group,"","","","","",.pdf
"",GEN Income Tax Statement 01-07-2023 to 01-07-2025 (01-07-2025).pdf,Corporate/No Group/GEN Income Tax Statement 01-07-2023 to 01-07-2025 (01-07-2025).pdf,.pdf,0,0,"",No Group,No Group,No Group,No Group,"","","","","",.pdf
"",GEN Bank Statement Dec 2024-Mar 2025.pdf,Corporate/No Group/GEN Bank Statement Dec 2024-Mar 2025.pdf,.pdf,0,0,"",No Group,No Group,No Group,No Group,"","","","","",.pdf
"",GEN Bank Statement EOY FY24.pdf,Corporate/No Group/GEN Bank Statement EOY FY24.pdf,.pdf,0,0,"",No Group,No Group,No Group,No Group,"","","","","",.pdf
"",GEN Bank Statement FY22.pdf,Corporate/No Group/GEN Bank Statement FY22.pdf,.pdf,0,0,"",No Group,No Group,No Group,No Group,"","","","","",.pdf
"",GEN Bank Statement Jun-Sep 2024.pdf,Corporate/No Group/GEN Bank Statement Jun-Sep 2024.pdf,.pdf,0,0,"",No Group,No Group,No Group,No Group,"","","","","",.pdf
"",GEN Bank Statement Mar-Jun 2025 FY25.pdf,Corporate/No Group/GEN Bank Statement Mar-Jun 2025 FY25.pdf,.pdf,0,0,"",No Group,No Group,No Group,No Group,"","","","","",.pdf
"",GEN Bank Statement Mar-Sep 2024 FY24.pdf,Corporate/No Group/GEN Bank Statement Mar-Sep 2024 FY24.pdf,.pdf,0,0,"",No Group,No Group,No Group,No Group,"","","","","",.pdf
"",GEN Bank Statement Sep-Dec 2024.pdf,Corporate/No Group/GEN Bank Statement Sep-Dec 2024.pdf,.pdf,0,0,"",No Group,No Group,No Group,No Group,"","","","","",.pdf
"",GEN EOY NAB 767243550 FY23 Gen2612.pdf,Corporate/No Group/GEN EOY NAB 767243550 FY23 Gen2612.pdf,.pdf,0,0,"",No Group,No Group,No Group,No Group,"","","","","",.pdf
"",GEN Title 160 Alperton Road Burbank 18-05-2022.pdf,Corporate/No Group/GEN Title 160 Alperton Road Burbank 18-05-2022.pdf,.pdf,0,0,"",No Group,No Group,No Group,No Group,"","","","","",.pdf
"",GEN Title 160 Alperton Road Burbank 28-07-2022.pdf,Corporate/No Group/GEN Title 160 Alperton Road Burbank 28-07-2022.pdf,.pdf,0,0,"",No Group,No Group,No Group,No Group,"","","","","",.pdf
"",GEN [SIGNED] Gen2612 Pty Ltd - Financials 2023.pdf,Corporate/No Group/GEN [SIGNED] Gen2612 Pty Ltd - Financials 2023.pdf,.pdf,0,0,"",No Group,No Group,No Group,No Group,"","","","","",.pdf
"",GEN [SIGNED] Gen2612 Pty Ltd - Financials 2024.pdf,Corporate/No Group/GEN [SIGNED] Gen2612 Pty Ltd - Financials 2024.pdf,.pdf,0,0,"",No Group,No Group,No Group,No Group,"","","","","",.pdf
"",GEN ASIC 480 Cover Letter Annual Statements 16-04-2025.pdf,Corporate/No Group/GEN ASIC 480 Cover Letter Annual Statements 16-04-2025.pdf,.pdf,0,0,"",No Group,No Group,No Group,No Group,"","","","","",.pdf
"",GEN ASIC Company Statement 30-03-2025.pdf,Corporate/No Group/GEN ASIC Company Statement 30-03-2025.pdf,.pdf,0,0,"",No Group,No Group,No Group,No Group,"","","","","",.pdf
"",GEN BAS Statement 01-07-2023 to 01-07-2025 (01-07-2025).pdf,Corporate/No Group/GEN BAS Statement 01-07-2023 to 01-07-2025 (01-07-2025).pdf,.pdf,0,0,"",No Group,No Group,No Group,No Group,"","","","","",.pdf
"",GEN L001 LAS to TEKNA Amendment 20-10-2023.pdf,Corporate/No Group/GEN L001 LAS to TEKNA Amendment 20-10-2023.pdf,.pdf,0,0,"",No Group,No Group,No Group,No Group,"","","","","",.pdf
"",GEN L001 PPSR 202204070045778 07-04-2022.pdf,Corporate/No Group/GEN L001 PPSR 202204070045778 07-04-2022.pdf,.pdf,0,0,"",No Group,No Group,No Group,No Group,"","","","","",.pdf
"",GEN L001 SDS Deed of Amendment and Restatement 17-10-2023.pdf,Corporate/No Group/GEN L001 SDS Deed of Amendment and Restatement 17-10-2023.pdf,.pdf,0,0,"",No Group,No Group,No Group,No Group,"","","","","",.pdf
"",GEN Constitution Gen2612.docx,Corporate/No Group/GEN Constitution Gen2612.docx,.docx,0,0,"",No Group,No Group,No Group,No Group,"","","","","",.docx
"",GEN Constitution Gen2612.pdf,Corporate/No Group/GEN Constitution Gen2612.pdf,.pdf,0,0,"",No Group,No Group,No Group,No Group,"","","","","",.pdf
"",GEN Constitution.docx,Corporate/No Group/GEN Constitution.docx,.docx,0,0,"",No Group,No Group,No Group,No Group,"","","","","",.docx
"",GEN Electronic Signature Disclosure 16-04-2025.pdf,Corporate/No Group/GEN Electronic Signature Disclosure 16-04-2025.pdf,.pdf,0,0,"",No Group,No Group,No Group,No Group,"","","","","",.pdf
"",GEN Deed of Security Prov1322 and Rachel Harder.pdf,Corporate/No Group/GEN Deed of Security Prov1322 and Rachel Harder.pdf,.pdf,0,0,"",No Group,No Group,No Group,No Group,"","","","","",.pdf
"",GEN L001 LAD from THT 15-06-2024.pdf,Corporate/No Group/GEN L001 LAD from THT 15-06-2024.pdf,.pdf,0,0,"",No Group,No Group,No Group,No Group,"","","","","",.pdf
"",GEN L001 LAD to THSI General Loan Agreement 2024.pdf,Corporate/No Group/GEN L001 LAD to THSI General Loan Agreement 2024.pdf,.pdf,0,0,"",No Group,No Group,No Group,No Group,"","","","","",.pdf
"",GEN L001 PPSR 202204070045778 07-04-2022.pdf,Corporate/No Group/GEN L001 PPSR 202204070045778 07-04-2022.pdf,.pdf,0,0,"",No Group,No Group,No Group,No Group,"","","","","",.pdf
"",GEN L001 SDD Team Harder Super 26-12-2024.pdf,Corporate/No Group/GEN L001 SDD Team Harder Super 26-12-2024.pdf,.pdf,0,0,"",No Group,No Group,No Group,No Group,"","","","","",.pdf
"",GEN L001 SDD Team Harder Super Investments 27-12-2024.pdf,Corporate/No Group/GEN L001 SDD Team Harder Super Investments 27-12-2024.pdf,.pdf,0,0,"",No Group,No Group,No Group,No Group,"","","","","",.pdf
"",GEN L001 SDD Tekna 20-10-2023.pdf,Corporate/No Group/GEN L001 SDD Tekna 20-10-2023.pdf,.pdf,0,0,"",No Group,No Group,No Group,No Group,"","","","","",.pdf
"",GEN L001 SDS General Security Deed Tekna 17-10-2023.pdf,Corporate/No Group/GEN L001 SDS General Security Deed Tekna 17-10-2023.pdf,.pdf,0,0,"",No Group,No Group,No Group,No Group,"","","","","",.pdf
"",GEN Loan Agreement - Gen2612 & Rachel.pdf,Corporate/No Group/GEN Loan Agreement - Gen2612 & Rachel.pdf,.pdf,0,0,"",No Group,No Group,No Group,No Group,"","","","","",.pdf
"",GEN Loan Agreement - Gen2612 & Tekna.pdf,Corporate/No Group/GEN Loan Agreement - Gen2612 & Tekna.pdf,.pdf,0,0,"",No Group,No Group,No Group,No Group,"","","","","",.pdf
"",GEN Loan Agreement - Prov1322 & Gen2612.pdf,Corporate/No Group/GEN Loan Agreement - Prov1322 & Gen2612.pdf,.pdf,0,0,"",No Group,No Group,No Group,No Group,"","","","","",.pdf
"",GEN PPSR - Gen2612.pdf,Corporate/No Group/GEN PPSR - Gen2612.pdf,.pdf,0,0,"",No Group,No Group,No Group,No Group,"","","","","",.pdf
"",GEN PPSR Registration.pdf,Corporate/No Group/GEN PPSR Registration.pdf,.pdf,0,0,"",No Group,No Group,No Group,No Group,"","","","","",.pdf
"",GEN Secured Loan Facility Deed.pdf,Corporate/No Group/GEN Secured Loan Facility Deed.pdf,.pdf,0,0,"",No Group,No Group,No Group,No Group,"","","","","",.pdf
"",GEN Security Deed - Gen2612 & Prov1322.pdf,Corporate/No Group/GEN Security Deed - Gen2612 & Prov1322.pdf,.pdf,0,0,"",No Group,No Group,No Group,No Group,"","","","","",.pdf
"",GEN Security Deed - Tekna & GEN2612.pdf,Corporate/No Group/GEN Security Deed - Tekna & GEN2612.pdf,.pdf,0,0,"",No Group,No Group,No Group,No Group,"","","","","",.pdf
"",GEN Security Deed Rachel to Gen2612.pdf,Corporate/No Group/GEN Security Deed Rachel to Gen2612.pdf,.pdf,0,0,"",No Group,No Group,No Group,No Group,"","","","","",.pdf
"",TEK Board Resolution Intercompany Loans 17-10-2023.pdf,Corporate/No Group/TEK Board Resolution Intercompany Loans 17-10-2023.pdf,.pdf,0,0,"",No Group,No Group,No Group,No Group,"","","","","",.pdf
"",GEN MINS 26-12-2023.pdf,Corporate/No Group/GEN MINS 26-12-2023.pdf,.pdf,0,0,"",No Group,No Group,No Group,No Group,"","","","","",.pdf
"",GEN MINS Team Harder Super Meeting 26-12-2024.pdf,Corporate/No Group/GEN MINS Team Harder Super Meeting 26-12-2024.pdf,.pdf,0,0,"",No Group,No Group,No Group,No Group,"","","","","",.pdf
"",GEN Minutes - Prov1322.pdf,Corporate/No Group/GEN Minutes - Prov1322.pdf,.pdf,0,0,"",No Group,No Group,No Group,No Group,"","","","","",.pdf
"",GEN Minutes - Tekna .pdf,Corporate/No Group/GEN Minutes - Tekna .pdf,.pdf,0,0,"",No Group,No Group,No Group,No Group,"","","","","",.pdf
"",GEN Minutes Draft 26-12-2024.pdf,Corporate/No Group/GEN Minutes Draft 26-12-2024.pdf,.pdf,0,0,"",No Group,No Group,No Group,No Group,"","","","","",.pdf
"",GEN MINUTES OF THE MEETING - Borrower THSI.docx,Corporate/No Group/GEN MINUTES OF THE MEETING - Borrower THSI.docx,.docx,0,0,"",No Group,No Group,No Group,No Group,"","","","","",.docx
"",GEN MINUTES OF THE MEETING - Lender GEN2612.docx,Corporate/No Group/GEN MINUTES OF THE MEETING - Lender GEN2612.docx,.docx,0,0,"",No Group,No Group,No Group,No Group,"","","","","",.docx
"",GEN Minutes Signed 20-10-2023.pdf,Corporate/No Group/GEN Minutes Signed 20-10-2023.pdf,.pdf,0,0,"",No Group,No Group,No Group,No Group,"","","","","",.pdf
"",GEN Letter to Commissioner of Tax.pdf,Corporate/No Group/GEN Letter to Commissioner of Tax.pdf,.pdf,0,0,"",No Group,No Group,No Group,No Group,"","","","","",.pdf
"",GEN Register of Charges.pdf,Corporate/No Group/GEN Register of Charges.pdf,.pdf,0,0,"",No Group,No Group,No Group,No Group,"","","","","",.pdf
"",GEN Register of Debentures.pdf,Corporate/No Group/GEN Register of Debentures.pdf,.pdf,0,0,"",No Group,No Group,No Group,No Group,"","","","","",.pdf
"",GEN Resolution of Members Gen2612.docx,Corporate/No Group/GEN Resolution of Members Gen2612.docx,.docx,0,0,"",No Group,No Group,No Group,No Group,"","","","","",.docx
"",GEN Share Certificate Gen2612.docx,Corporate/No Group/GEN Share Certificate Gen2612.docx,.docx,0,0,"",No Group,No Group,No Group,No Group,"","","","","",.docx
"",PROV Annual Solvency Resolution FY24.pdf,Corporate/Team Harder Family Trust Group/PROV Annual Solvency Resolution FY24.pdf,.pdf,0,0,"",Team Harder Family Trust Group,Team Harder Family Trust Group,Team Harder Family Trust Group,Team Harder Family Trust Group,"","","",5,Team Harder Pty Ltd,.pdf
"",PROV Application for Shares Rachel Harder.pdf,Corporate/Team Harder Family Trust Group/PROV Application for Shares Rachel Harder.pdf,.pdf,0,0,"",Team Harder Family Trust Group,Team Harder Family Trust Group,Team Harder Family Trust Group,Team Harder Family Trust Group,"","","",5,Team Harder Pty Ltd,.pdf
"",PROV ASIC Certificate of Registration 06-04-2022.pdf,Corporate/Team Harder Family Trust Group/PROV ASIC Certificate of Registration 06-04-2022.pdf,.pdf,0,0,"",Team Harder Family Trust Group,Team Harder Family Trust Group,Team Harder Family Trust Group,Team Harder Family Trust Group,"","","",5,Team Harder Pty Ltd,.pdf
"",PROV ASIC Company Details 27-12-2024.pdf,Corporate/Team Harder Family Trust Group/PROV ASIC Company Details 27-12-2024.pdf,.pdf,0,0,"",Team Harder Family Trust Group,Team Harder Family Trust Group,Team Harder Family Trust Group,Team Harder Family Trust Group,"","","",5,Team Harder Pty Ltd,.pdf
"",PROV ASIC Company Extract 28-06-2024.pdf,Corporate/Team Harder Family Trust Group/PROV ASIC Company Extract 28-06-2024.pdf,.pdf,0,0,"",Team Harder Family Trust Group,Team Harder Family Trust Group,Team Harder Family Trust Group,Team Harder Family Trust Group,"","","",5,Team Harder Pty Ltd,.pdf
"",PROV ASIC Company Extract 30-06-2023.pdf,Corporate/Team Harder Family Trust Group/PROV ASIC Company Extract 30-06-2023.pdf,.pdf,0,0,"",Team Harder Family Trust Group,Team Harder Family Trust Group,Team Harder Family Trust Group,Team Harder Family Trust Group,"","","",5,Team Harder Pty Ltd,.pdf
"",PROV ASIC Debtors Ledger Report 30-06-2025.pdf,Corporate/Team Harder Family Trust Group/PROV ASIC Debtors Ledger Report 30-06-2025.pdf,.pdf,0,0,"",Team Harder Family Trust Group,Team Harder Family Trust Group,Team Harder Family Trust Group,Team Harder Family Trust Group,"","","",5,Team Harder Pty Ltd,.pdf
"",PROV ASIC Form 484 Reg Office 2024.pdf,Corporate/Team Harder Family Trust Group/PROV ASIC Form 484 Reg Office 2024.pdf,.pdf,0,0,"",Team Harder Family Trust Group,Team Harder Family Trust Group,Team Harder Family Trust Group,Team Harder Family Trust Group,"","","",5,Team Harder Pty Ltd,.pdf
"",PROV Change of Register of Members 2024.pdf,Corporate/Team Harder Family Trust Group/PROV Change of Register of Members 2024.pdf,.pdf,0,0,"",Team Harder Family Trust Group,Team Harder Family Trust Group,Team Harder Family Trust Group,Team Harder Family Trust Group,"","","",5,Team Harder Pty Ltd,.pdf
"",PROV Change of Register of Members Rachel Harder Prov1322.pdf,Corporate/Team Harder Family Trust Group/PROV Change of Register of Members Rachel Harder Prov1322.pdf,.pdf,0,0,"",Team Harder Family Trust Group,Team Harder Family Trust Group,Team Harder Family Trust Group,Team Harder Family Trust Group,"","","",5,Team Harder Pty Ltd,.pdf
"",PROV Corporate Key.pdf,Corporate/Team Harder Family Trust Group/PROV Corporate Key.pdf,.pdf,0,0,"",Team Harder Family Trust Group,Team Harder Family Trust Group,Team Harder Family Trust Group,Team Harder Family Trust Group,"","","",5,Team Harder Pty Ltd,.pdf
"",PROV Officeholder Consent Rachel Harder 2024.pdf,Corporate/Team Harder Family Trust Group/PROV Officeholder Consent Rachel Harder 2024.pdf,.pdf,0,0,"",Team Harder Family Trust Group,Team Harder Family Trust Group,Team Harder Family Trust Group,Team Harder Family Trust Group,"","","",5,Team Harder Pty Ltd,.pdf
"",PROV ATO Account Summary FY23.pdf,Corporate/Team Harder Family Trust Group/PROV ATO Account Summary FY23.pdf,.pdf,0,0,"",Team Harder Family Trust Group,Team Harder Family Trust Group,Team Harder Family Trust Group,Team Harder Family Trust Group,"","","",5,Team Harder Pty Ltd,.pdf
"",PROV ATO Account Summary FY25.pdf,Corporate/Team Harder Family Trust Group/PROV ATO Account Summary FY25.pdf,.pdf,0,0,"",Team Harder Family Trust Group,Team Harder Family Trust Group,Team Harder Family Trust Group,Team Harder Family Trust Group,"","","",5,Team Harder Pty Ltd,.pdf
"",PROV EOY ATO FY24 Prov1322.pdf,Corporate/Team Harder Family Trust Group/PROV EOY ATO FY24 Prov1322.pdf,.pdf,0,0,"",Team Harder Family Trust Group,Team Harder Family Trust Group,Team Harder Family Trust Group,Team Harder Family Trust Group,"","","",5,Team Harder Pty Ltd,.pdf
"",PROV Income Tax Statement 01-07-2023 to 01-07-2025 (01-07-2025).pdf,Corporate/Team Harder Family Trust Group/PROV Income Tax Statement 01-07-2023 to 01-07-2025 (01-07-2025).pdf,.pdf,0,0,"",Team Harder Family Trust Group,Team Harder Family Trust Group,Team Harder Family Trust Group,Team Harder Family Trust Group,"","","",5,Team Harder Pty Ltd,.pdf
"",PROV BAS Statement 01-07-2023 to 01-07-2025 (01-07-2025).pdf,Corporate/Team Harder Family Trust Group/PROV BAS Statement 01-07-2023 to 01-07-2025 (01-07-2025).pdf,.pdf,0,0,"",Team Harder Family Trust Group,Team Harder Family Trust Group,Team Harder Family Trust Group,Team Harder Family Trust Group,"","","",5,Team Harder Pty Ltd,.pdf
"",PROV Change Trustee to Prov1322 Global on the 7042022.pdf,Corporate/Team Harder Family Trust Group/PROV Change Trustee to Prov1322 Global on the 7042022.pdf,.pdf,0,0,"",Team Harder Family Trust Group,Team Harder Family Trust Group,Team Harder Family Trust Group,Team Harder Family Trust Group,"","","",5,Team Harder Pty Ltd,.pdf
"",PROV Constitution Prov1322.pdf,Corporate/Team Harder Family Trust Group/PROV Constitution Prov1322.pdf,.pdf,0,0,"",Team Harder Family Trust Group,Team Harder Family Trust Group,Team Harder Family Trust Group,Team Harder Family Trust Group,"","","",5,Team Harder Pty Ltd,.pdf
"",PROV Constitution.pdf,Corporate/Team Harder Family Trust Group/PROV Constitution.pdf,.pdf,0,0,"",Team Harder Family Trust Group,Team Harder Family Trust Group,Team Harder Family Trust Group,Team Harder Family Trust Group,"","","",5,Team Harder Pty Ltd,.pdf
"",PROV Register of Charges.pdf,Corporate/Team Harder Family Trust Group/PROV Register of Charges.pdf,.pdf,0,0,"",Team Harder Family Trust Group,Team Harder Family Trust Group,Team Harder Family Trust Group,Team Harder Family Trust Group,"","","",5,Team Harder Pty Ltd,.pdf
"",PROV Register of Debentures.pdf,Corporate/Team Harder Family Trust Group/PROV Register of Debentures.pdf,.pdf,0,0,"",Team Harder Family Trust Group,Team Harder Family Trust Group,Team Harder Family Trust Group,Team Harder Family Trust Group,"","","",5,Team Harder Pty Ltd,.pdf
"",PROV Register of Members 2024.pdf,Corporate/Team Harder Family Trust Group/PROV Register of Members 2024.pdf,.pdf,0,0,"",Team Harder Family Trust Group,Team Harder Family Trust Group,Team Harder Family Trust Group,Team Harder Family Trust Group,"","","",5,Team Harder Pty Ltd,.pdf
"",PROV Register of Members.xlsx,Corporate/Team Harder Family Trust Group/PROV Register of Members.xlsx,.xlsx,0,0,"",Team Harder Family Trust Group,Team Harder Family Trust Group,Team Harder Family Trust Group,Team Harder Family Trust Group,"","","",5,Team Harder Pty Ltd,.xlsx
"",PROV Resolution of Members 2024.pdf,Corporate/Team Harder Family Trust Group/PROV Resolution of Members 2024.pdf,.pdf,0,0,"",Team Harder Family Trust Group,Team Harder Family Trust Group,Team Harder Family Trust Group,Team Harder Family Trust Group,"","","",5,Team Harder Pty Ltd,.pdf
"",PROV Share Certificate Rachel Harder.pdf,Corporate/Team Harder Family Trust Group/PROV Share Certificate Rachel Harder.pdf,.pdf,0,0,"",Team Harder Family Trust Group,Team Harder Family Trust Group,Team Harder Family Trust Group,Team Harder Family Trust Group,"","","",5,Team Harder Pty Ltd,.pdf
"",THFT ASIC Invoice - PROV1322 GLOBAL PTY LTD.pdf,Corporate/Team Harder Family Trust Group/THFT ASIC Invoice - PROV1322 GLOBAL PTY LTD.pdf,.pdf,0,0,"",Team Harder Family Trust Group,Team Harder Family Trust Group,Team Harder Family Trust Group,Team Harder Family Trust Group,"","","",5,Team Harder Pty Ltd,.pdf
"",THFT Change of Company Details THFT.pdf,Corporate/Team Harder Family Trust Group/THFT Change of Company Details THFT.pdf,.pdf,0,0,"",Team Harder Family Trust Group,Team Harder Family Trust Group,Team Harder Family Trust Group,Team Harder Family Trust Group,"","","",5,Team Harder Pty Ltd,.pdf
"",THFT 2025-01-22 Sale Of Silver Bullion.pdf,Corporate/Team Harder Family Trust Group/THFT 2025-01-22 Sale Of Silver Bullion.pdf,.pdf,0,0,"",Team Harder Family Trust Group,Team Harder Family Trust Group,Team Harder Family Trust Group,Team Harder Family Trust Group,"","","",5,Team Harder Pty Ltd,.pdf
"",THFT 2025-05-19 Sale Of Silver Bullion.pdf,Corporate/Team Harder Family Trust Group/THFT 2025-05-19 Sale Of Silver Bullion.pdf,.pdf,0,0,"",Team Harder Family Trust Group,Team Harder Family Trust Group,Team Harder Family Trust Group,Team Harder Family Trust Group,"","","",5,Team Harder Pty Ltd,.pdf
"",THFT Crypto.xlsx,Corporate/Team Harder Family Trust Group/THFT Crypto.xlsx,.xlsx,0,0,"",Team Harder Family Trust Group,Team Harder Family Trust Group,Team Harder Family Trust Group,Team Harder Family Trust Group,"","","",5,Team Harder Pty Ltd,.xlsx
"",THFT Invoice INV-66510 for TheHarderFamilyTrust.pdf,Corporate/Team Harder Family Trust Group/THFT Invoice INV-66510 for TheHarderFamilyTrust.pdf,.pdf,0,0,"",Team Harder Family Trust Group,Team Harder Family Trust Group,Team Harder Family Trust Group,Team Harder Family Trust Group,"","","",5,Team Harder Pty Ltd,.pdf
"",THFT Invoice INV-67408 for TheHarderFamilyTrust.pdf,Corporate/Team Harder Family Trust Group/THFT Invoice INV-67408 for TheHarderFamilyTrust.pdf,.pdf,0,0,"",Team Harder Family Trust Group,Team Harder Family Trust Group,Team Harder Family Trust Group,Team Harder Family Trust Group,"","","",5,Team Harder Pty Ltd,.pdf
"",THFT Limeco Share Documents.pdf,Corporate/Team Harder Family Trust Group/THFT Limeco Share Documents.pdf,.pdf,0,0,"",Team Harder Family Trust Group,Team Harder Family Trust Group,Team Harder Family Trust Group,Team Harder Family Trust Group,"","","",5,Team Harder Pty Ltd,.pdf
"",THFT Off market transfer - NAB Trade to WBC Trade.pdf,Corporate/Team Harder Family Trust Group/THFT Off market transfer - NAB Trade to WBC Trade.pdf,.pdf,0,0,"",Team Harder Family Trust Group,Team Harder Family Trust Group,Team Harder Family Trust Group,Team Harder Family Trust Group,"","","",5,Team Harder Pty Ltd,.pdf
"",THFT Sale CRO 20250909.png,Corporate/Team Harder Family Trust Group/THFT Sale CRO 20250909.png,.png,0,0,"",Team Harder Family Trust Group,Team Harder Family Trust Group,Team Harder Family Trust Group,Team Harder Family Trust Group,"","","",5,Team Harder Pty Ltd,.png
"",THFT [SIGNED] Team Harder Family Trust - BAS - 2025-03-31.pdf,Corporate/Team Harder Family Trust Group/THFT [SIGNED] Team Harder Family Trust - BAS - 2025-03-31.pdf,.pdf,0,0,"",Team Harder Family Trust Group,Team Harder Family Trust Group,Team Harder Family Trust Group,Team Harder Family Trust Group,"","","",5,Team Harder Pty Ltd,.pdf
"",THFT [SIGNED] Team Harder Family Trust - BAS - 2025-06-30.pdf,Corporate/Team Harder Family Trust Group/THFT [SIGNED] Team Harder Family Trust - BAS - 2025-06-30.pdf,.pdf,0,0,"",Team Harder Family Trust Group,Team Harder Family Trust Group,Team Harder Family Trust Group,Team Harder Family Trust Group,"","","",5,Team Harder Pty Ltd,.pdf
"",THFT [SIGNED] Team Harder Family Trust - BAS - 30-09-2024.pdf,Corporate/Team Harder Family Trust Group/THFT [SIGNED] Team Harder Family Trust - BAS - 30-09-2024.pdf,.pdf,0,0,"",Team Harder Family Trust Group,Team Harder Family Trust Group,Team Harder Family Trust Group,Team Harder Family Trust Group,"","","",5,Team Harder Pty Ltd,.pdf
"",THFT [SIGNED] Team Harder Family Trust - Tax return 2024.pdf,Corporate/Team Harder Family Trust Group/THFT [SIGNED] Team Harder Family Trust - Tax return 2024.pdf,.pdf,0,0,"",Team Harder Family Trust Group,Team Harder Family Trust Group,Team Harder Family Trust Group,Team Harder Family Trust Group,"","","",5,Team Harder Pty Ltd,.pdf
"",THFT 2023 Tax Return - MountG KB Unit Trust.pdf.pdf,Corporate/Team Harder Family Trust Group/THFT 2023 Tax Return - MountG KB Unit Trust.pdf.pdf,.pdf,0,0,"",Team Harder Family Trust Group,Team Harder Family Trust Group,Team Harder Family Trust Group,Team Harder Family Trust Group,"","","",5,Team Harder Pty Ltd,.pdf
"",THFT ATO Account Summary.pdf,Corporate/Team Harder Family Trust Group/THFT ATO Account Summary.pdf,.pdf,0,0,"",Team Harder Family Trust Group,Team Harder Family Trust Group,Team Harder Family Trust Group,Team Harder Family Trust Group,"","","",5,Team Harder Pty Ltd,.pdf
"",THFT ATO Income tax 001.pdf,Corporate/Team Harder Family Trust Group/THFT ATO Income tax 001.pdf,.pdf,0,0,"",Team Harder Family Trust Group,Team Harder Family Trust Group,Team Harder Family Trust Group,Team Harder Family Trust Group,"","","",5,Team Harder Pty Ltd,.pdf
"",THFT Deed of Novation ATO Gen2612.pdf,Corporate/Team Harder Family Trust Group/THFT Deed of Novation ATO Gen2612.pdf,.pdf,0,0,"",Team Harder Family Trust Group,Team Harder Family Trust Group,Team Harder Family Trust Group,Team Harder Family Trust Group,"","","",5,Team Harder Pty Ltd,.pdf
"",THFT Engagement Letter - TEAM HARDER FAMILY TRUST PROP-8303 MAGNUS BUSINESS ADVISERS AND ACCOUNTANTS.pdf,Corporate/Team Harder Family Trust Group/THFT Engagement Letter - TEAM HARDER FAMILY TRUST PROP-8303 MAGNUS BUSINESS ADVISERS AND ACCOUNTANTS.pdf,.pdf,0,0,"",Team Harder Family Trust Group,Team Harder Family Trust Group,Team Harder Family Trust Group,Team Harder Family Trust Group,"","","",5,Team Harder Pty Ltd,.pdf
"",THFT EOY ATO FY24 Prov1322 ATF THFT.pdf,Corporate/Team Harder Family Trust Group/THFT EOY ATO FY24 Prov1322 ATF THFT.pdf,.pdf,0,0,"",Team Harder Family Trust Group,Team Harder Family Trust Group,Team Harder Family Trust Group,Team Harder Family Trust Group,"","","",5,Team Harder Pty Ltd,.pdf
"",THFT FTTR - THFT FY 2022.pdf,Corporate/Team Harder Family Trust Group/THFT FTTR - THFT FY 2022.pdf,.pdf,0,0,"",Team Harder Family Trust Group,Team Harder Family Trust Group,Team Harder Family Trust Group,Team Harder Family Trust Group,"","","",5,Team Harder Pty Ltd,.pdf
"",THFT FTTR - THFT FY 2023.pdf,Corporate/Team Harder Family Trust Group/THFT FTTR - THFT FY 2023.pdf,.pdf,0,0,"",Team Harder Family Trust Group,Team Harder Family Trust Group,Team Harder Family Trust Group,Team Harder Family Trust Group,"","","",5,Team Harder Pty Ltd,.pdf
"",THFT TEAM HARDER FAMILY TRUST PROP-5699 ENGAGEMENT LETTER MAGNUS BUSINESS ADVISERS AND ACCOUNTANTS.pdf,Corporate/Team Harder Family Trust Group/THFT TEAM HARDER FAMILY TRUST PROP-5699 ENGAGEMENT LETTER MAGNUS BUSINESS ADVISERS AND ACCOUNTANTS.pdf,.pdf,0,0,"",Team Harder Family Trust Group,Team Harder Family Trust Group,Team Harder Family Trust Group,Team Harder Family Trust Group,"","","",5,Team Harder Pty Ltd,.pdf
"",THFT TTR FY22 US.pdf,Corporate/Team Harder Family Trust Group/THFT TTR FY22 US.pdf,.pdf,0,0,"",Team Harder Family Trust Group,Team Harder Family Trust Group,Team Harder Family Trust Group,Team Harder Family Trust Group,"","","",5,Team Harder Pty Ltd,.pdf
"",THFT TTR FY23 US.pdf,Corporate/Team Harder Family Trust Group/THFT TTR FY23 US.pdf,.pdf,0,0,"",Team Harder Family Trust Group,Team Harder Family Trust Group,Team Harder Family Trust Group,Team Harder Family Trust Group,"","","",5,Team Harder Pty Ltd,.pdf
"",THFT 1. WBC 699669 FY25 THFT 21.06.24 - 20.09.24.pdf,Corporate/Team Harder Family Trust Group/THFT 1. WBC 699669 FY25 THFT 21.06.24 - 20.09.24.pdf,.pdf,0,0,"",Team Harder Family Trust Group,Team Harder Family Trust Group,Team Harder Family Trust Group,Team Harder Family Trust Group,"","","",5,Team Harder Pty Ltd,.pdf
"",THFT 2. WBC 699669 FY25 THFT 20.09.24 - 20.12.24.pdf,Corporate/Team Harder Family Trust Group/THFT 2. WBC 699669 FY25 THFT 20.09.24 - 20.12.24.pdf,.pdf,0,0,"",Team Harder Family Trust Group,Team Harder Family Trust Group,Team Harder Family Trust Group,Team Harder Family Trust Group,"","","",5,Team Harder Pty Ltd,.pdf
"",THFT 3. WBC 699669 FY25 THFT 20.12.24 - 21.03.25.pdf,Corporate/Team Harder Family Trust Group/THFT 3. WBC 699669 FY25 THFT 20.12.24 - 21.03.25.pdf,.pdf,0,0,"",Team Harder Family Trust Group,Team Harder Family Trust Group,Team Harder Family Trust Group,Team Harder Family Trust Group,"","","",5,Team Harder Pty Ltd,.pdf
"",THFT 4. WBC 699669 FY25 THFT 21.03.25 - 20.06.25.pdf,Corporate/Team Harder Family Trust Group/THFT 4. WBC 699669 FY25 THFT 21.03.25 - 20.06.25.pdf,.pdf,0,0,"",Team Harder Family Trust Group,Team Harder Family Trust Group,Team Harder Family Trust Group,Team Harder Family Trust Group,"","","",5,Team Harder Pty Ltd,.pdf
"",THFT EOY NAB 288516304 FY24 Trust Tithe.pdf,Corporate/Team Harder Family Trust Group/THFT EOY NAB 288516304 FY24 Trust Tithe.pdf,.pdf,0,0,"",Team Harder Family Trust Group,Team Harder Family Trust Group,Team Harder Family Trust Group,Team Harder Family Trust Group,"","","",5,Team Harder Pty Ltd,.pdf
"",THFT EOY NAB 959276787 FY22 THFT.pdf,Corporate/Team Harder Family Trust Group/THFT EOY NAB 959276787 FY22 THFT.pdf,.pdf,0,0,"",Team Harder Family Trust Group,Team Harder Family Trust Group,Team Harder Family Trust Group,Team Harder Family Trust Group,"","","",5,Team Harder Pty Ltd,.pdf
"",THFT EOY NAB 959276787 FY23 THFT.pdf,Corporate/Team Harder Family Trust Group/THFT EOY NAB 959276787 FY23 THFT.pdf,.pdf,0,0,"",Team Harder Family Trust Group,Team Harder Family Trust Group,Team Harder Family Trust Group,Team Harder Family Trust Group,"","","",5,Team Harder Pty Ltd,.pdf
"",THFT EOY NAB 959276787 FY24 THFT.pdf,Corporate/Team Harder Family Trust Group/THFT EOY NAB 959276787 FY24 THFT.pdf,.pdf,0,0,"",Team Harder Family Trust Group,Team Harder Family Trust Group,Team Harder Family Trust Group,Team Harder Family Trust Group,"","","",5,Team Harder Pty Ltd,.pdf
"",THFT EOY NAB Trade 305383521 FY22 THFT.pdf,Corporate/Team Harder Family Trust Group/THFT EOY NAB Trade 305383521 FY22 THFT.pdf,.pdf,0,0,"",Team Harder Family Trust Group,Team Harder Family Trust Group,Team Harder Family Trust Group,Team Harder Family Trust Group,"","","",5,Team Harder Pty Ltd,.pdf
"",THFT EOY NAB Trade 305383521 FY23 THFT.pdf,Corporate/Team Harder Family Trust Group/THFT EOY NAB Trade 305383521 FY23 THFT.pdf,.pdf,0,0,"",Team Harder Family Trust Group,Team Harder Family Trust Group,Team Harder Family Trust Group,Team Harder Family Trust Group,"","","",5,Team Harder Pty Ltd,.pdf
"",THFT EOY NAB Trade 305383521 FY24 THFT.pdf,Corporate/Team Harder Family Trust Group/THFT EOY NAB Trade 305383521 FY24 THFT.pdf,.pdf,0,0,"",Team Harder Family Trust Group,Team Harder Family Trust Group,Team Harder Family Trust Group,Team Harder Family Trust Group,"","","",5,Team Harder Pty Ltd,.pdf
"",THFT EOY WBC 699669 FY24 THFT.pdf,Corporate/Team Harder Family Trust Group/THFT EOY WBC 699669 FY24 THFT.pdf,.pdf,0,0,"",Team Harder Family Trust Group,Team Harder Family Trust Group,Team Harder Family Trust Group,Team Harder Family Trust Group,"","","",5,Team Harder Pty Ltd,.pdf
"",THFT - Trust Distribution Resolutions - PROP-8035 MAGNUS BUSINESS ADVISERS AND ACCOUNTANTS.pdf,Corporate/Team Harder Family Trust Group/THFT - Trust Distribution Resolutions - PROP-8035 MAGNUS BUSINESS ADVISERS AND ACCOUNTANTS.pdf,.pdf,0,0,"",Team Harder Family Trust Group,Team Harder Family Trust Group,Team Harder Family Trust Group,Team Harder Family Trust Group,"","","",5,Team Harder Pty Ltd,.pdf
"",THFT Deed of Gift - Jared - 15.03.21.pdf,Corporate/Team Harder Family Trust Group/THFT Deed of Gift - Jared - 15.03.21.pdf,.pdf,0,0,"",Team Harder Family Trust Group,Team Harder Family Trust Group,Team Harder Family Trust Group,Team Harder Family Trust Group,"","","",5,Team Harder Pty Ltd,.pdf
"",THFT Deed of Gift - Rachel - 15.03.21.pdf,Corporate/Team Harder Family Trust Group/THFT Deed of Gift - Rachel - 15.03.21.pdf,.pdf,0,0,"",Team Harder Family Trust Group,Team Harder Family Trust Group,Team Harder Family Trust Group,Team Harder Family Trust Group,"","","",5,Team Harder Pty Ltd,.pdf
"",THFT Deed of Gift - Sophie - 15.03.21.pdf,Corporate/Team Harder Family Trust Group/THFT Deed of Gift - Sophie - 15.03.21.pdf,.pdf,0,0,"",Team Harder Family Trust Group,Team Harder Family Trust Group,Team Harder Family Trust Group,Team Harder Family Trust Group,"","","",5,Team Harder Pty Ltd,.pdf
"",THFT GDS Rachel Harder.pdf,Corporate/Team Harder Family Trust Group/THFT GDS Rachel Harder.pdf,.pdf,0,0,"",Team Harder Family Trust Group,Team Harder Family Trust Group,Team Harder Family Trust Group,Team Harder Family Trust Group,"","","",5,Team Harder Pty Ltd,.pdf
"",THFT Gift Deed 01-01-2024.pdf,Corporate/Team Harder Family Trust Group/THFT Gift Deed 01-01-2024.pdf,.pdf,0,0,"",Team Harder Family Trust Group,Team Harder Family Trust Group,Team Harder Family Trust Group,Team Harder Family Trust Group,"","","",5,Team Harder Pty Ltd,.pdf
"",THFT Gift Deed 15-03-2021.pdf,Corporate/Team Harder Family Trust Group/THFT Gift Deed 15-03-2021.pdf,.pdf,0,0,"",Team Harder Family Trust Group,Team Harder Family Trust Group,Team Harder Family Trust Group,Team Harder Family Trust Group,"","","",5,Team Harder Pty Ltd,.pdf
"",THFT Gift Deed FY21.pdf,Corporate/Team Harder Family Trust Group/THFT Gift Deed FY21.pdf,.pdf,0,0,"",Team Harder Family Trust Group,Team Harder Family Trust Group,Team Harder Family Trust Group,Team Harder Family Trust Group,"","","",5,Team Harder Pty Ltd,.pdf
"",THFT Gift Deed.pdf,Corporate/Team Harder Family Trust Group/THFT Gift Deed.pdf,.pdf,0,0,"",Team Harder Family Trust Group,Team Harder Family Trust Group,Team Harder Family Trust Group,Team Harder Family Trust Group,"","","",5,Team Harder Pty Ltd,.pdf
"",THFT Return of Gift Deed THFT.pdf,Corporate/Team Harder Family Trust Group/THFT Return of Gift Deed THFT.pdf,.pdf,0,0,"",Team Harder Family Trust Group,Team Harder Family Trust Group,Team Harder Family Trust Group,Team Harder Family Trust Group,"","","",5,Team Harder Pty Ltd,.pdf
"",THFT Sophie Harder gift-deed.docx,Corporate/Team Harder Family Trust Group/THFT Sophie Harder gift-deed.docx,.docx,0,0,"",Team Harder Family Trust Group,Team Harder Family Trust Group,Team Harder Family Trust Group,Team Harder Family Trust Group,"","","",5,Team Harder Pty Ltd,.docx
"",THFT [SIGNED] Team Harder Family Trust - Financials 2023.pdf,Corporate/Team Harder Family Trust Group/THFT [SIGNED] Team Harder Family Trust - Financials 2023.pdf,.pdf,0,0,"",Team Harder Family Trust Group,Team Harder Family Trust Group,Team Harder Family Trust Group,Team Harder Family Trust Group,"","","",5,Team Harder Pty Ltd,.pdf
"",THFT [SIGNED] Team Harder Family Trust - Financials 2024.pdf,Corporate/Team Harder Family Trust Group/THFT [SIGNED] Team Harder Family Trust - Financials 2024.pdf,.pdf,0,0,"",Team Harder Family Trust Group,Team Harder Family Trust Group,Team Harder Family Trust Group,Team Harder Family Trust Group,"","","",5,Team Harder Pty Ltd,.pdf
"",THFT 2022 Financial - Team Harder Family Trust.pdf,Corporate/Team Harder Family Trust Group/THFT 2022 Financial - Team Harder Family Trust.pdf,.pdf,0,0,"",Team Harder Family Trust Group,Team Harder Family Trust Group,Team Harder Family Trust Group,Team Harder Family Trust Group,"","","",5,Team Harder Pty Ltd,.pdf
"",THFT ATO Activity statement 002.pdf,Corporate/Team Harder Family Trust Group/THFT ATO Activity statement 002.pdf,.pdf,0,0,"",Team Harder Family Trust Group,Team Harder Family Trust Group,Team Harder Family Trust Group,Team Harder Family Trust Group,"","","",5,Team Harder Pty Ltd,.pdf
"",THFT FS FY22.pdf,Corporate/Team Harder Family Trust Group/THFT FS FY22.pdf,.pdf,0,0,"",Team Harder Family Trust Group,Team Harder Family Trust Group,Team Harder Family Trust Group,Team Harder Family Trust Group,"","","",5,Team Harder Pty Ltd,.pdf
"",THFT FS FY23.pdf,Corporate/Team Harder Family Trust Group/THFT FS FY23.pdf,.pdf,0,0,"",Team Harder Family Trust Group,Team Harder Family Trust Group,Team Harder Family Trust Group,Team Harder Family Trust Group,"","","",5,Team Harder Pty Ltd,.pdf
"",THFT Team Harder Family Trust - Balance Sheet - 30-06-2025.pdf,Corporate/Team Harder Family Trust Group/THFT Team Harder Family Trust - Balance Sheet - 30-06-2025.pdf,.pdf,0,0,"",Team Harder Family Trust Group,Team Harder Family Trust Group,Team Harder Family Trust Group,Team Harder Family Trust Group,"","","",5,Team Harder Pty Ltd,.pdf
"",THFT Team Harder Family Trust - Balance Sheet - 30-9-2024.pdf,Corporate/Team Harder Family Trust Group/THFT Team Harder Family Trust - Balance Sheet - 30-9-2024.pdf,.pdf,0,0,"",Team Harder Family Trust Group,Team Harder Family Trust Group,Team Harder Family Trust Group,Team Harder Family Trust Group,"","","",5,Team Harder Pty Ltd,.pdf
"",THFT Team Harder Family Trust - Balance Sheet - 31-03-2025.pdf,Corporate/Team Harder Family Trust Group/THFT Team Harder Family Trust - Balance Sheet - 31-03-2025.pdf,.pdf,0,0,"",Team Harder Family Trust Group,Team Harder Family Trust Group,Team Harder Family Trust Group,Team Harder Family Trust Group,"","","",5,Team Harder Pty Ltd,.pdf
"",THFT Team Harder Family Trust - Beneficiary Loan Transactions - Year-to-Date.pdf,Corporate/Team Harder Family Trust Group/THFT Team Harder Family Trust - Beneficiary Loan Transactions - Year-to-Date.pdf,.pdf,0,0,"",Team Harder Family Trust Group,Team Harder Family Trust Group,Team Harder Family Trust Group,Team Harder Family Trust Group,"","","",5,Team Harder Pty Ltd,.pdf
"",THFT Team Harder Family Trust - P&L - Year-to-Date.pdf,Corporate/Team Harder Family Trust Group/THFT Team Harder Family Trust - P&L - Year-to-Date.pdf,.pdf,0,0,"",Team Harder Family Trust Group,Team Harder Family Trust Group,Team Harder Family Trust Group,Team Harder Family Trust Group,"","","",5,Team Harder Pty Ltd,.pdf
"",THFT Team Harder Family Trust - P&L- Jul to Sep 2024.pdf,Corporate/Team Harder Family Trust Group/THFT Team Harder Family Trust - P&L- Jul to Sep 2024.pdf,.pdf,0,0,"",Team Harder Family Trust Group,Team Harder Family Trust Group,Team Harder Family Trust Group,Team Harder Family Trust Group,"","","",5,Team Harder Pty Ltd,.pdf
"",THFT Team Harder Family Trust - P&L- Year-to-Date.pdf,Corporate/Team Harder Family Trust Group/THFT Team Harder Family Trust - P&L- Year-to-Date.pdf,.pdf,0,0,"",Team Harder Family Trust Group,Team Harder Family Trust Group,Team Harder Family Trust Group,Team Harder Family Trust Group,"","","",5,Team Harder Pty Ltd,.pdf
"",THFT Team Harder Family Trust - P&L.pdf,Corporate/Team Harder Family Trust Group/THFT Team Harder Family Trust - P&L.pdf,.pdf,0,0,"",Team Harder Family Trust Group,Team Harder Family Trust Group,Team Harder Family Trust Group,Team Harder Family Trust Group,"","","",5,Team Harder Pty Ltd,.pdf
"",THFT Bloodline Name Change to THFT.docx,Corporate/Team Harder Family Trust Group/THFT Bloodline Name Change to THFT.docx,.docx,0,0,"",Team Harder Family Trust Group,Team Harder Family Trust Group,Team Harder Family Trust Group,Team Harder Family Trust Group,"","","",5,Team Harder Pty Ltd,.docx
"",THFT Bloodline Name Change to THFT.pdf,Corporate/Team Harder Family Trust Group/THFT Bloodline Name Change to THFT.pdf,.pdf,0,0,"",Team Harder Family Trust Group,Team Harder Family Trust Group,Team Harder Family Trust Group,Team Harder Family Trust Group,"","","",5,Team Harder Pty Ltd,.pdf
"",THFT Bloodline Trust Deed and Name Change THFT.pdf,Corporate/Team Harder Family Trust Group/THFT Bloodline Trust Deed and Name Change THFT.pdf,.pdf,0,0,"",Team Harder Family Trust Group,Team Harder Family Trust Group,Team Harder Family Trust Group,Team Harder Family Trust Group,"","","",5,Team Harder Pty Ltd,.pdf
"",THFT Deed of Variation of Discretionary Trust THFT.pdf,Corporate/Team Harder Family Trust Group/THFT Deed of Variation of Discretionary Trust THFT.pdf,.pdf,0,0,"",Team Harder Family Trust Group,Team Harder Family Trust Group,Team Harder Family Trust Group,Team Harder Family Trust Group,"","","",5,Team Harder Pty Ltd,.pdf
"",THFT Harder Bloodline Trust Certified THFT.pdf,Corporate/Team Harder Family Trust Group/THFT Harder Bloodline Trust Certified THFT.pdf,.pdf,0,0,"",Team Harder Family Trust Group,Team Harder Family Trust Group,Team Harder Family Trust Group,Team Harder Family Trust Group,"","","",5,Team Harder Pty Ltd,.pdf
"",THFT Harder Bloodline Trust Deed THFT.pdf,Corporate/Team Harder Family Trust Group/THFT Harder Bloodline Trust Deed THFT.pdf,.pdf,0,0,"",Team Harder Family Trust Group,Team Harder Family Trust Group,Team Harder Family Trust Group,Team Harder Family Trust Group,"","","",5,Team Harder Pty Ltd,.pdf
"",THFT Trustee Change Harder Dev to Prov1322 THFT.pdf,Corporate/Team Harder Family Trust Group/THFT Trustee Change Harder Dev to Prov1322 THFT.pdf,.pdf,0,0,"",Team Harder Family Trust Group,Team Harder Family Trust Group,Team Harder Family Trust Group,Team Harder Family Trust Group,"","","",5,Team Harder Pty Ltd,.pdf
"",THFT Trustee Changed Rachel to Harder Dev THFT.pdf,Corporate/Team Harder Family Trust Group/THFT Trustee Changed Rachel to Harder Dev THFT.pdf,.pdf,0,0,"",Team Harder Family Trust Group,Team Harder Family Trust Group,Team Harder Family Trust Group,Team Harder Family Trust Group,"","","",5,Team Harder Pty Ltd,.pdf
"",THFT Deed of Novation Gen2612.pdf,Corporate/Team Harder Family Trust Group/THFT Deed of Novation Gen2612.pdf,.pdf,0,0,"",Team Harder Family Trust Group,Team Harder Family Trust Group,Team Harder Family Trust Group,Team Harder Family Trust Group,"","","",5,Team Harder Pty Ltd,.pdf
"",THFT Loan Agreement - Grace & Prov1322.pdf,Corporate/Team Harder Family Trust Group/THFT Loan Agreement - Grace & Prov1322.pdf,.pdf,0,0,"",Team Harder Family Trust Group,Team Harder Family Trust Group,Team Harder Family Trust Group,Team Harder Family Trust Group,"","","",5,Team Harder Pty Ltd,.pdf
"",THFT Loan Agreement - Jared & Prov1322.pdf,Corporate/Team Harder Family Trust Group/THFT Loan Agreement - Jared & Prov1322.pdf,.pdf,0,0,"",Team Harder Family Trust Group,Team Harder Family Trust Group,Team Harder Family Trust Group,Team Harder Family Trust Group,"","","",5,Team Harder Pty Ltd,.pdf
"",THFT Loan Agreement - Prov1322 & Gen2612.pdf,Corporate/Team Harder Family Trust Group/THFT Loan Agreement - Prov1322 & Gen2612.pdf,.pdf,0,0,"",Team Harder Family Trust Group,Team Harder Family Trust Group,Team Harder Family Trust Group,Team Harder Family Trust Group,"","","",5,Team Harder Pty Ltd,.pdf
"",THFT Loan Agreement - Sophie & Prov1322.pdf,Corporate/Team Harder Family Trust Group/THFT Loan Agreement - Sophie & Prov1322.pdf,.pdf,0,0,"",Team Harder Family Trust Group,Team Harder Family Trust Group,Team Harder Family Trust Group,Team Harder Family Trust Group,"","","",5,Team Harder Pty Ltd,.pdf
"",THFT PPSR - Gen2612.pdf,Corporate/Team Harder Family Trust Group/THFT PPSR - Gen2612.pdf,.pdf,0,0,"",Team Harder Family Trust Group,Team Harder Family Trust Group,Team Harder Family Trust Group,Team Harder Family Trust Group,"","","",5,Team Harder Pty Ltd,.pdf
"",THFT PPSR - Sophie.pdf,Corporate/Team Harder Family Trust Group/THFT PPSR - Sophie.pdf,.pdf,0,0,"",Team Harder Family Trust Group,Team Harder Family Trust Group,Team Harder Family Trust Group,Team Harder Family Trust Group,"","","",5,Team Harder Pty Ltd,.pdf
"",THFT PPSR .pdf,Corporate/Team Harder Family Trust Group/THFT PPSR .pdf,.pdf,0,0,"",Team Harder Family Trust Group,Team Harder Family Trust Group,Team Harder Family Trust Group,Team Harder Family Trust Group,"","","",5,Team Harder Pty Ltd,.pdf
"",THFT PPSR.pdf,Corporate/Team Harder Family Trust Group/THFT PPSR.pdf,.pdf,0,0,"",Team Harder Family Trust Group,Team Harder Family Trust Group,Team Harder Family Trust Group,Team Harder Family Trust Group,"","","",5,Team Harder Pty Ltd,.pdf
"",THFT Security Deed - Gen2612 & Prov1322.pdf,Corporate/Team Harder Family Trust Group/THFT Security Deed - Gen2612 & Prov1322.pdf,.pdf,0,0,"",Team Harder Family Trust Group,Team Harder Family Trust Group,Team Harder Family Trust Group,Team Harder Family Trust Group,"","","",5,Team Harder Pty Ltd,.pdf
"",THFT Security Deed - Prov1322 & Grace.pdf,Corporate/Team Harder Family Trust Group/THFT Security Deed - Prov1322 & Grace.pdf,.pdf,0,0,"",Team Harder Family Trust Group,Team Harder Family Trust Group,Team Harder Family Trust Group,Team Harder Family Trust Group,"","","",5,Team Harder Pty Ltd,.pdf
"",THFT Security Deed - Prov1322 & Jared.pdf,Corporate/Team Harder Family Trust Group/THFT Security Deed - Prov1322 & Jared.pdf,.pdf,0,0,"",Team Harder Family Trust Group,Team Harder Family Trust Group,Team Harder Family Trust Group,Team Harder Family Trust Group,"","","",5,Team Harder Pty Ltd,.pdf
"",THFT Security Deed - Prov1322 & Sophie.pdf,Corporate/Team Harder Family Trust Group/THFT Security Deed - Prov1322 & Sophie.pdf,.pdf,0,0,"",Team Harder Family Trust Group,Team Harder Family Trust Group,Team Harder Family Trust Group,Team Harder Family Trust Group,"","","",5,Team Harder Pty Ltd,.pdf
"",THFT Distribution Minute 2022 THFT.docx,Corporate/Team Harder Family Trust Group/THFT Distribution Minute 2022 THFT.docx,.docx,0,0,"",Team Harder Family Trust Group,Team Harder Family Trust Group,Team Harder Family Trust Group,Team Harder Family Trust Group,"","","",5,Team Harder Pty Ltd,.docx
"",THFT Distribution Minute 2022 THFT.pdf,Corporate/Team Harder Family Trust Group/THFT Distribution Minute 2022 THFT.pdf,.pdf,0,0,"",Team Harder Family Trust Group,Team Harder Family Trust Group,Team Harder Family Trust Group,Team Harder Family Trust Group,"","","",5,Team Harder Pty Ltd,.pdf
"",THFT Distribution Minute 2023 THFT.docx,Corporate/Team Harder Family Trust Group/THFT Distribution Minute 2023 THFT.docx,.docx,0,0,"",Team Harder Family Trust Group,Team Harder Family Trust Group,Team Harder Family Trust Group,Team Harder Family Trust Group,"","","",5,Team Harder Pty Ltd,.docx
"",THFT Distribution Minute 2023 THFT.pdf,Corporate/Team Harder Family Trust Group/THFT Distribution Minute 2023 THFT.pdf,.pdf,0,0,"",Team Harder Family Trust Group,Team Harder Family Trust Group,Team Harder Family Trust Group,Team Harder Family Trust Group,"","","",5,Team Harder Pty Ltd,.pdf
"",THFT Distribution Minute 2025 THFT.docx,Corporate/Team Harder Family Trust Group/THFT Distribution Minute 2025 THFT.docx,.docx,0,0,"",Team Harder Family Trust Group,Team Harder Family Trust Group,Team Harder Family Trust Group,Team Harder Family Trust Group,"","","",5,Team Harder Pty Ltd,.docx
"",THFT Distribution Minute FY22 THFT.pdf,Corporate/Team Harder Family Trust Group/THFT Distribution Minute FY22 THFT.pdf,.pdf,0,0,"",Team Harder Family Trust Group,Team Harder Family Trust Group,Team Harder Family Trust Group,Team Harder Family Trust Group,"","","",5,Team Harder Pty Ltd,.pdf
"",THFT Distribution Minute FY23 THFT.docx,Corporate/Team Harder Family Trust Group/THFT Distribution Minute FY23 THFT.docx,.docx,0,0,"",Team Harder Family Trust Group,Team Harder Family Trust Group,Team Harder Family Trust Group,Team Harder Family Trust Group,"","","",5,Team Harder Pty Ltd,.docx
"",THFT Distribution Minute FY24 THFT.docx,Corporate/Team Harder Family Trust Group/THFT Distribution Minute FY24 THFT.docx,.docx,0,0,"",Team Harder Family Trust Group,Team Harder Family Trust Group,Team Harder Family Trust Group,Team Harder Family Trust Group,"","","",5,Team Harder Pty Ltd,.docx
"",THFT Distribution Minute FY24 THFT.pdf,Corporate/Team Harder Family Trust Group/THFT Distribution Minute FY24 THFT.pdf,.pdf,0,0,"",Team Harder Family Trust Group,Team Harder Family Trust Group,Team Harder Family Trust Group,Team Harder Family Trust Group,"","","",5,Team Harder Pty Ltd,.pdf
"",THFT Distribution Minute FY25 THFT.pdf,Corporate/Team Harder Family Trust Group/THFT Distribution Minute FY25 THFT.pdf,.pdf,0,0,"",Team Harder Family Trust Group,Team Harder Family Trust Group,Team Harder Family Trust Group,Team Harder Family Trust Group,"","","",5,Team Harder Pty Ltd,.pdf
"",THFT Minutes - Gen2612.pdf,Corporate/Team Harder Family Trust Group/THFT Minutes - Gen2612.pdf,.pdf,0,0,"",Team Harder Family Trust Group,Team Harder Family Trust Group,Team Harder Family Trust Group,Team Harder Family Trust Group,"","","",5,Team Harder Pty Ltd,.pdf
"",THFT Minutes - Prov1322 & Grace.pdf,Corporate/Team Harder Family Trust Group/THFT Minutes - Prov1322 & Grace.pdf,.pdf,0,0,"",Team Harder Family Trust Group,Team Harder Family Trust Group,Team Harder Family Trust Group,Team Harder Family Trust Group,"","","",5,Team Harder Pty Ltd,.pdf
"",THFT Minutes - Prov1322 & Sophie.pdf,Corporate/Team Harder Family Trust Group/THFT Minutes - Prov1322 & Sophie.pdf,.pdf,0,0,"",Team Harder Family Trust Group,Team Harder Family Trust Group,Team Harder Family Trust Group,Team Harder Family Trust Group,"","","",5,Team Harder Pty Ltd,.pdf
"",THFT Minutes - Prov1322.pdf,Corporate/Team Harder Family Trust Group/THFT Minutes - Prov1322.pdf,.pdf,0,0,"",Team Harder Family Trust Group,Team Harder Family Trust Group,Team Harder Family Trust Group,Team Harder Family Trust Group,"","","",5,Team Harder Pty Ltd,.pdf
"",THFT Limeco Share Transfer.pdf,Corporate/Team Harder Family Trust Group/THFT Limeco Share Transfer.pdf,.pdf,0,0,"",Team Harder Family Trust Group,Team Harder Family Trust Group,Team Harder Family Trust Group,Team Harder Family Trust Group,"","","",5,Team Harder Pty Ltd,.pdf
"",THFT Register of Members.xlsx,Corporate/Team Harder Family Trust Group/THFT Register of Members.xlsx,.xlsx,0,0,"",Team Harder Family Trust Group,Team Harder Family Trust Group,Team Harder Family Trust Group,Team Harder Family Trust Group,"","","",5,Team Harder Pty Ltd,.xlsx
"",THFT Share Certificate.pdf,Corporate/Team Harder Family Trust Group/THFT Share Certificate.pdf,.pdf,0,0,"",Team Harder Family Trust Group,Team Harder Family Trust Group,Team Harder Family Trust Group,Team Harder Family Trust Group,"","","",5,Team Harder Pty Ltd,.pdf
"",THFT share Purchase And Transfer.xlsx,Corporate/Team Harder Family Trust Group/THFT share Purchase And Transfer.xlsx,.xlsx,0,0,"",Team Harder Family Trust Group,Team Harder Family Trust Group,Team Harder Family Trust Group,Team Harder Family Trust Group,"","","",5,Team Harder Pty Ltd,.xlsx
"",THAR Certifcate of Registration TH.pdf,Corporate/Team Harder Super Fund Group/THAR Certifcate of Registration TH.pdf,.pdf,0,0,"",Team Harder Super Fund Group,Team Harder Super Fund Group,Team Harder Super Fund Group,Team Harder Super Fund Group,"","","",5,Team Harder Pty Ltd,.pdf
"",THAR Change of Address Rachel TH.pdf,Corporate/Team Harder Super Fund Group/THAR Change of Address Rachel TH.pdf,.pdf,0,0,"",Team Harder Super Fund Group,Team Harder Super Fund Group,Team Harder Super Fund Group,Team Harder Super Fund Group,"","","",5,Team Harder Pty Ltd,.pdf
"",THAR Change of Office Address TH.pdf,Corporate/Team Harder Super Fund Group/THAR Change of Office Address TH.pdf,.pdf,0,0,"",Team Harder Super Fund Group,Team Harder Super Fund Group,Team Harder Super Fund Group,Team Harder Super Fund Group,"","","",5,Team Harder Pty Ltd,.pdf
"",THAR Consent Company Setup TH.pdf,Corporate/Team Harder Super Fund Group/THAR Consent Company Setup TH.pdf,.pdf,0,0,"",Team Harder Super Fund Group,Team Harder Super Fund Group,Team Harder Super Fund Group,Team Harder Super Fund Group,"","","",5,Team Harder Pty Ltd,.pdf
"",THAR Consent Rachel Director TH.pdf,Corporate/Team Harder Super Fund Group/THAR Consent Rachel Director TH.pdf,.pdf,0,0,"",Team Harder Super Fund Group,Team Harder Super Fund Group,Team Harder Super Fund Group,Team Harder Super Fund Group,"","","",5,Team Harder Pty Ltd,.pdf
"",THAR Consent Robert Director TH.pdf,Corporate/Team Harder Super Fund Group/THAR Consent Robert Director TH.pdf,.pdf,0,0,"",Team Harder Super Fund Group,Team Harder Super Fund Group,Team Harder Super Fund Group,Team Harder Super Fund Group,"","","",5,Team Harder Pty Ltd,.pdf
"",THAR Corporate Key TH.pdf,Corporate/Team Harder Super Fund Group/THAR Corporate Key TH.pdf,.pdf,0,0,"",Team Harder Super Fund Group,Team Harder Super Fund Group,Team Harder Super Fund Group,Team Harder Super Fund Group,"","","",5,Team Harder Pty Ltd,.pdf
"",THAR EOY ASIC FY2023 TH.pdf,Corporate/Team Harder Super Fund Group/THAR EOY ASIC FY2023 TH.pdf,.pdf,0,0,"",Team Harder Super Fund Group,Team Harder Super Fund Group,Team Harder Super Fund Group,Team Harder Super Fund Group,"","","",5,Team Harder Pty Ltd,.pdf
"",THAR EOY ASIC FY24 Team Harder.pdf,Corporate/Team Harder Super Fund Group/THAR EOY ASIC FY24 Team Harder.pdf,.pdf,0,0,"",Team Harder Super Fund Group,Team Harder Super Fund Group,Team Harder Super Fund Group,Team Harder Super Fund Group,"","","",5,Team Harder Pty Ltd,.pdf
"",THAR Formation Documents TH.pdf,Corporate/Team Harder Super Fund Group/THAR Formation Documents TH.pdf,.pdf,0,0,"",Team Harder Super Fund Group,Team Harder Super Fund Group,Team Harder Super Fund Group,Team Harder Super Fund Group,"","","",5,Team Harder Pty Ltd,.pdf
"",THAR Rachel ATO Declaration TH.pdf,Corporate/Team Harder Super Fund Group/THAR Rachel ATO Declaration TH.pdf,.pdf,0,0,"",Team Harder Super Fund Group,Team Harder Super Fund Group,Team Harder Super Fund Group,Team Harder Super Fund Group,"","","",5,Team Harder Pty Ltd,.pdf
"",THAR Registered Office Multiplace TH.pdf,Corporate/Team Harder Super Fund Group/THAR Registered Office Multiplace TH.pdf,.pdf,0,0,"",Team Harder Super Fund Group,Team Harder Super Fund Group,Team Harder Super Fund Group,Team Harder Super Fund Group,"","","",5,Team Harder Pty Ltd,.pdf
"",THAR Resolution of Members on Setup TH.pdf,Corporate/Team Harder Super Fund Group/THAR Resolution of Members on Setup TH.pdf,.pdf,0,0,"",Team Harder Super Fund Group,Team Harder Super Fund Group,Team Harder Super Fund Group,Team Harder Super Fund Group,"","","",5,Team Harder Pty Ltd,.pdf
"",THAR Robert ATO Declaration TH.pdf,Corporate/Team Harder Super Fund Group/THAR Robert ATO Declaration TH.pdf,.pdf,0,0,"",Team Harder Super Fund Group,Team Harder Super Fund Group,Team Harder Super Fund Group,Team Harder Super Fund Group,"","","",5,Team Harder Pty Ltd,.pdf
"",THAR Signed Application for Shares Rachel TH.pdf,Corporate/Team Harder Super Fund Group/THAR Signed Application for Shares Rachel TH.pdf,.pdf,0,0,"",Team Harder Super Fund Group,Team Harder Super Fund Group,Team Harder Super Fund Group,Team Harder Super Fund Group,"","","",5,Team Harder Pty Ltd,.pdf
"",THAR Signed Application for Shares Robert TH.pdf,Corporate/Team Harder Super Fund Group/THAR Signed Application for Shares Robert TH.pdf,.pdf,0,0,"",Team Harder Super Fund Group,Team Harder Super Fund Group,Team Harder Super Fund Group,Team Harder Super Fund Group,"","","",5,Team Harder Pty Ltd,.pdf
"",THAR Solvency ASIC FY22 TH.pdf,Corporate/Team Harder Super Fund Group/THAR Solvency ASIC FY22 TH.pdf,.pdf,0,0,"",Team Harder Super Fund Group,Team Harder Super Fund Group,Team Harder Super Fund Group,Team Harder Super Fund Group,"","","",5,Team Harder Pty Ltd,.pdf
"",THAR Solvency ASIC FY23 Minutes TH.pdf,Corporate/Team Harder Super Fund Group/THAR Solvency ASIC FY23 Minutes TH.pdf,.pdf,0,0,"",Team Harder Super Fund Group,Team Harder Super Fund Group,Team Harder Super Fund Group,Team Harder Super Fund Group,"","","",5,Team Harder Pty Ltd,.pdf
"",THAR Solvency ASIC FY23 TH.pdf,Corporate/Team Harder Super Fund Group/THAR Solvency ASIC FY23 TH.pdf,.pdf,0,0,"",Team Harder Super Fund Group,Team Harder Super Fund Group,Team Harder Super Fund Group,Team Harder Super Fund Group,"","","",5,Team Harder Pty Ltd,.pdf
"",THAR Team Harder - Debtor's Ledger Report - EOFY25.pdf,Corporate/Team Harder Super Fund Group/THAR Team Harder - Debtor's Ledger Report - EOFY25.pdf,.pdf,0,0,"",Team Harder Super Fund Group,Team Harder Super Fund Group,Team Harder Super Fund Group,Team Harder Super Fund Group,"","","",5,Team Harder Pty Ltd,.pdf
"",THAR Team Harder - View company details - EOFY25.pdf,Corporate/Team Harder Super Fund Group/THAR Team Harder - View company details - EOFY25.pdf,.pdf,0,0,"",Team Harder Super Fund Group,Team Harder Super Fund Group,Team Harder Super Fund Group,Team Harder Super Fund Group,"","","",5,Team Harder Pty Ltd,.pdf
"",THAR EOY ATO FY24 Team Harder.pdf,Corporate/Team Harder Super Fund Group/THAR EOY ATO FY24 Team Harder.pdf,.pdf,0,0,"",Team Harder Super Fund Group,Team Harder Super Fund Group,Team Harder Super Fund Group,Team Harder Super Fund Group,"","","",5,Team Harder Pty Ltd,.pdf
"",THAR ASIC Annual Company Statement TEAM HARDER PTY LTD - Payslip.pdf,Corporate/Team Harder Super Fund Group/THAR ASIC Annual Company Statement TEAM HARDER PTY LTD - Payslip.pdf,.pdf,0,0,"",Team Harder Super Fund Group,Team Harder Super Fund Group,Team Harder Super Fund Group,Team Harder Super Fund Group,"","","",5,Team Harder Pty Ltd,.pdf
"",THAR Print _ Australian Taxation Office 20.02.25 NEEDS_REVIEW.pdf,Corporate/Team Harder Super Fund Group/THAR Print _ Australian Taxation Office 20.02.25 NEEDS_REVIEW.pdf,.pdf,0,0,"",Team Harder Super Fund Group,Team Harder Super Fund Group,Team Harder Super Fund Group,Team Harder Super Fund Group,"","","",5,Team Harder Pty Ltd,.pdf
"",THAR Constitution TH.pdf,Corporate/Team Harder Super Fund Group/THAR Constitution TH.pdf,.pdf,0,0,"",Team Harder Super Fund Group,Team Harder Super Fund Group,Team Harder Super Fund Group,Team Harder Super Fund Group,"","","",5,Team Harder Pty Ltd,.pdf
"",THAR Team Harder Company Constitution.docx,Corporate/Team Harder Super Fund Group/THAR Team Harder Company Constitution.docx,.docx,0,0,"",Team Harder Super Fund Group,Team Harder Super Fund Group,Team Harder Super Fund Group,Team Harder Super Fund Group,"","","",5,Team Harder Pty Ltd,.docx
"",THAR Minutes Company Setup TH.pdf,Corporate/Team Harder Super Fund Group/THAR Minutes Company Setup TH.pdf,.pdf,0,0,"",Team Harder Super Fund Group,Team Harder Super Fund Group,Team Harder Super Fund Group,Team Harder Super Fund Group,"","","",5,Team Harder Pty Ltd,.pdf
"",THAR Share Certifcate Rachel TH.pdf,Corporate/Team Harder Super Fund Group/THAR Share Certifcate Rachel TH.pdf,.pdf,0,0,"",Team Harder Super Fund Group,Team Harder Super Fund Group,Team Harder Super Fund Group,Team Harder Super Fund Group,"","","",5,Team Harder Pty Ltd,.pdf
"",THAR Share Certifcate Robert TH.pdf,Corporate/Team Harder Super Fund Group/THAR Share Certifcate Robert TH.pdf,.pdf,0,0,"",Team Harder Super Fund Group,Team Harder Super Fund Group,Team Harder Super Fund Group,Team Harder Super Fund Group,"","","",5,Team Harder Pty Ltd,.pdf
"",THSF Change to Register of Members THSI.pdf,Corporate/Team Harder Super Fund Group/THSF Change to Register of Members THSI.pdf,.pdf,0,0,"",Team Harder Super Fund Group,Team Harder Super Fund Group,Team Harder Super Fund Group,Team Harder Super Fund Group,"","","",5,Team Harder Pty Ltd,.pdf
"",THSF Corporate Key THSI.pdf,Corporate/Team Harder Super Fund Group/THSF Corporate Key THSI.pdf,.pdf,0,0,"",Team Harder Super Fund Group,Team Harder Super Fund Group,Team Harder Super Fund Group,Team Harder Super Fund Group,"","","",5,Team Harder Pty Ltd,.pdf
"",THSF EOY ASIC FY23 THSI.pdf,Corporate/Team Harder Super Fund Group/THSF EOY ASIC FY23 THSI.pdf,.pdf,0,0,"",Team Harder Super Fund Group,Team Harder Super Fund Group,Team Harder Super Fund Group,Team Harder Super Fund Group,"","","",5,Team Harder Pty Ltd,.pdf
"",THSF EOY ASIC FY24 THSI.pdf,Corporate/Team Harder Super Fund Group/THSF EOY ASIC FY24 THSI.pdf,.pdf,0,0,"",Team Harder Super Fund Group,Team Harder Super Fund Group,Team Harder Super Fund Group,Team Harder Super Fund Group,"","","",5,Team Harder Pty Ltd,.pdf
"",THSF Formation Documents THSF.pdf,Corporate/Team Harder Super Fund Group/THSF Formation Documents THSF.pdf,.pdf,0,0,"",Team Harder Super Fund Group,Team Harder Super Fund Group,Team Harder Super Fund Group,Team Harder Super Fund Group,"","","",5,Team Harder Pty Ltd,.pdf
"",THSF Registered Office Multiplace THSI.pdf,Corporate/Team Harder Super Fund Group/THSF Registered Office Multiplace THSI.pdf,.pdf,0,0,"",Team Harder Super Fund Group,Team Harder Super Fund Group,Team Harder Super Fund Group,Team Harder Super Fund Group,"","","",5,Team Harder Pty Ltd,.pdf
"",THSF Solvency_Resolution_(TEAM_HARDER_SUPER_INVESTMENTS_PTY_LTD).pdf,Corporate/Team Harder Super Fund Group/THSF Solvency_Resolution_(TEAM_HARDER_SUPER_INVESTMENTS_PTY_LTD).pdf,.pdf,0,0,"",Team Harder Super Fund Group,Team Harder Super Fund Group,Team Harder Super Fund Group,Team Harder Super Fund Group,"","","",5,Team Harder Pty Ltd,.pdf
"",THSF THSI - Debtor's Ledger Report - EOFY25.pdf,Corporate/Team Harder Super Fund Group/THSF THSI - Debtor's Ledger Report - EOFY25.pdf,.pdf,0,0,"",Team Harder Super Fund Group,Team Harder Super Fund Group,Team Harder Super Fund Group,Team Harder Super Fund Group,"","","",5,Team Harder Pty Ltd,.pdf
"",THSF THSI - View company details - EOFY25.pdf,Corporate/Team Harder Super Fund Group/THSF THSI - View company details - EOFY25.pdf,.pdf,0,0,"",Team Harder Super Fund Group,Team Harder Super Fund Group,Team Harder Super Fund Group,Team Harder Super Fund Group,"","","",5,Team Harder Pty Ltd,.pdf
"",THSF $5335.50 ATO Payment THSF.pdf,Corporate/Team Harder Super Fund Group/THSF $5335.50 ATO Payment THSF.pdf,.pdf,0,0,"",Team Harder Super Fund Group,Team Harder Super Fund Group,Team Harder Super Fund Group,Team Harder Super Fund Group,"","","",5,Team Harder Pty Ltd,.pdf
"",THSF [SIGNED] Engagement Docs - Team Harder SF 2023.pdf.pdf,Corporate/Team Harder Super Fund Group/THSF [SIGNED] Engagement Docs - Team Harder SF 2023.pdf.pdf,.pdf,0,0,"",Team Harder Super Fund Group,Team Harder Super Fund Group,Team Harder Super Fund Group,Team Harder Super Fund Group,"","","",5,Team Harder Pty Ltd,.pdf
"",THSF [SIGNED] Engagement Docs - Team Harder SF 2024.pdf.pdf,Corporate/Team Harder Super Fund Group/THSF [SIGNED] Engagement Docs - Team Harder SF 2024.pdf.pdf,.pdf,0,0,"",Team Harder Super Fund Group,Team Harder Super Fund Group,Team Harder Super Fund Group,Team Harder Super Fund Group,"","","",5,Team Harder Pty Ltd,.pdf
"",THSF [SIGNED] Team Harder Super Investments Pty Ltd  - PAYGIN Sept 2024.pdf,Corporate/Team Harder Super Fund Group/THSF [SIGNED] Team Harder Super Investments Pty Ltd  - PAYGIN Sept 2024.pdf,.pdf,0,0,"",Team Harder Super Fund Group,Team Harder Super Fund Group,Team Harder Super Fund Group,Team Harder Super Fund Group,"","","",5,Team Harder Pty Ltd,.pdf
"",THSF [SIGNED] Team Harder Super Investments Pty Ltd - Consolidated Tax Return 2024.pdf,Corporate/Team Harder Super Fund Group/THSF [SIGNED] Team Harder Super Investments Pty Ltd - Consolidated Tax Return 2024.pdf,.pdf,0,0,"",Team Harder Super Fund Group,Team Harder Super Fund Group,Team Harder Super Fund Group,Team Harder Super Fund Group,"","","",5,Team Harder Pty Ltd,.pdf
"",THSF [SIGNED] Team Harder Super Investments Pty Ltd - PAYGIN June 2025.pdf,Corporate/Team Harder Super Fund Group/THSF [SIGNED] Team Harder Super Investments Pty Ltd - PAYGIN June 2025.pdf,.pdf,0,0,"",Team Harder Super Fund Group,Team Harder Super Fund Group,Team Harder Super Fund Group,Team Harder Super Fund Group,"","","",5,Team Harder Pty Ltd,.pdf
"",THSF ATO Account Summary.pdf,Corporate/Team Harder Super Fund Group/THSF ATO Account Summary.pdf,.pdf,0,0,"",Team Harder Super Fund Group,Team Harder Super Fund Group,Team Harder Super Fund Group,Team Harder Super Fund Group,"","","",5,Team Harder Pty Ltd,.pdf
"",THSF ATO Income tax 001.pdf,Corporate/Team Harder Super Fund Group/THSF ATO Income tax 001.pdf,.pdf,0,0,"",Team Harder Super Fund Group,Team Harder Super Fund Group,Team Harder Super Fund Group,Team Harder Super Fund Group,"","","",5,Team Harder Pty Ltd,.pdf
"",THSF ATO Income tax 002.pdf,Corporate/Team Harder Super Fund Group/THSF ATO Income tax 002.pdf,.pdf,0,0,"",Team Harder Super Fund Group,Team Harder Super Fund Group,Team Harder Super Fund Group,Team Harder Super Fund Group,"","","",5,Team Harder Pty Ltd,.pdf
"",THSF EOY ATO FY23 040723 THSF .pdf,Corporate/Team Harder Super Fund Group/THSF EOY ATO FY23 040723 THSF .pdf,.pdf,0,0,"",Team Harder Super Fund Group,Team Harder Super Fund Group,Team Harder Super Fund Group,Team Harder Super Fund Group,"","","",5,Team Harder Pty Ltd,.pdf
"",THSF EOY ATO FY23 THSF.pdf,Corporate/Team Harder Super Fund Group/THSF EOY ATO FY23 THSF.pdf,.pdf,0,0,"",Team Harder Super Fund Group,Team Harder Super Fund Group,Team Harder Super Fund Group,Team Harder Super Fund Group,"","","",5,Team Harder Pty Ltd,.pdf
"",THSF EOY ATO FY23 THSI.pdf,Corporate/Team Harder Super Fund Group/THSF EOY ATO FY23 THSI.pdf,.pdf,0,0,"",Team Harder Super Fund Group,Team Harder Super Fund Group,Team Harder Super Fund Group,Team Harder Super Fund Group,"","","",5,Team Harder Pty Ltd,.pdf
"",THSF EOY ATO FY24 THSI.pdf,Corporate/Team Harder Super Fund Group/THSF EOY ATO FY24 THSI.pdf,.pdf,0,0,"",Team Harder Super Fund Group,Team Harder Super Fund Group,Team Harder Super Fund Group,Team Harder Super Fund Group,"","","",5,Team Harder Pty Ltd,.pdf
"",THSF PAYG No Longer Required_2025_TEAM HARDER SUPER FUND.pdf,Corporate/Team Harder Super Fund Group/THSF PAYG No Longer Required_2025_TEAM HARDER SUPER FUND.pdf,.pdf,0,0,"",Team Harder Super Fund Group,Team Harder Super Fund Group,Team Harder Super Fund Group,Team Harder Super Fund Group,"","","",5,Team Harder Pty Ltd,.pdf
"",THSF 1. WBC 727658 FY25 THSF - 11.07.24 - 11.10.24.pdf,Corporate/Team Harder Super Fund Group/THSF 1. WBC 727658 FY25 THSF - 11.07.24 - 11.10.24.pdf,.pdf,0,0,"",Team Harder Super Fund Group,Team Harder Super Fund Group,Team Harder Super Fund Group,Team Harder Super Fund Group,"","","",5,Team Harder Pty Ltd,.pdf
"",THSF 1. WBC 727658 FY26 THSF - 11.04.25 - 11.07.25.pdf,Corporate/Team Harder Super Fund Group/THSF 1. WBC 727658 FY26 THSF - 11.04.25 - 11.07.25.pdf,.pdf,0,0,"",Team Harder Super Fund Group,Team Harder Super Fund Group,Team Harder Super Fund Group,Team Harder Super Fund Group,"","","",5,Team Harder Pty Ltd,.pdf
"",THSF 2. WBC 727658 FY25 THSF - 11.10.24 - 10.01.25.pdf,Corporate/Team Harder Super Fund Group/THSF 2. WBC 727658 FY25 THSF - 11.10.24 - 10.01.25.pdf,.pdf,0,0,"",Team Harder Super Fund Group,Team Harder Super Fund Group,Team Harder Super Fund Group,Team Harder Super Fund Group,"","","",5,Team Harder Pty Ltd,.pdf
"",THSF 3. WBC 727658 FY25 THSF - 10.01.25 - 11.04.25.pdf,Corporate/Team Harder Super Fund Group/THSF 3. WBC 727658 FY25 THSF - 10.01.25 - 11.04.25.pdf,.pdf,0,0,"",Team Harder Super Fund Group,Team Harder Super Fund Group,Team Harder Super Fund Group,Team Harder Super Fund Group,"","","",5,Team Harder Pty Ltd,.pdf
"",THSF 4. WBC 727658 FY25 THSF - 11.04.25 - 11.07.25.pdf,Corporate/Team Harder Super Fund Group/THSF 4. WBC 727658 FY25 THSF - 11.04.25 - 11.07.25.pdf,.pdf,0,0,"",Team Harder Super Fund Group,Team Harder Super Fund Group,Team Harder Super Fund Group,Team Harder Super Fund Group,"","","",5,Team Harder Pty Ltd,.pdf
"",THSF PortfolioHoldings_103425-25727_25-07-01_1706548061044.pdf,Corporate/Team Harder Super Fund Group/THSF PortfolioHoldings_103425-25727_25-07-01_1706548061044.pdf,.pdf,0,0,"",Team Harder Super Fund Group,Team Harder Super Fund Group,Team Harder Super Fund Group,Team Harder Super Fund Group,"","","",5,Team Harder Pty Ltd,.pdf
"",THSF TotalWealthSnapshot_103425-49946_25-07-01_1708162556607.pdf,Corporate/Team Harder Super Fund Group/THSF TotalWealthSnapshot_103425-49946_25-07-01_1708162556607.pdf,.pdf,0,0,"",Team Harder Super Fund Group,Team Harder Super Fund Group,Team Harder Super Fund Group,Team Harder Super Fund Group,"","","",5,Team Harder Pty Ltd,.pdf
"",THSF TransactionReport_NT2400350_20250630_20250630_20250701051544.xls,Corporate/Team Harder Super Fund Group/THSF TransactionReport_NT2400350_20250630_20250630_20250701051544.xls,.xls,0,0,"",Team Harder Super Fund Group,Team Harder Super Fund Group,Team Harder Super Fund Group,Team Harder Super Fund Group,"","","",5,Team Harder Pty Ltd,.xls
"",THSF Transactions Report (PDF)-208084695-01072025050902.pdf,Corporate/Team Harder Super Fund Group/THSF Transactions Report (PDF)-208084695-01072025050902.pdf,.pdf,0,0,"",Team Harder Super Fund Group,Team Harder Super Fund Group,Team Harder Super Fund Group,Team Harder Super Fund Group,"","","",5,Team Harder Pty Ltd,.pdf
"",THSF [SIGNED] 2024 Dividend Resolution - W2G ASSETS PTY LTD.pdf,Corporate/Team Harder Super Fund Group/THSF [SIGNED] 2024 Dividend Resolution - W2G ASSETS PTY LTD.pdf,.pdf,0,0,"",Team Harder Super Fund Group,Team Harder Super Fund Group,Team Harder Super Fund Group,Team Harder Super Fund Group,"","","",5,Team Harder Pty Ltd,.pdf
"",THSF Resolution of Expenditure THSI.pdf,Corporate/Team Harder Super Fund Group/THSF Resolution of Expenditure THSI.pdf,.pdf,0,0,"",Team Harder Super Fund Group,Team Harder Super Fund Group,Team Harder Super Fund Group,Team Harder Super Fund Group,"","","",5,Team Harder Pty Ltd,.pdf
"",THSF [SIGNED] Audit Report - Team Harder SF 2023.pdf.pdf,Corporate/Team Harder Super Fund Group/THSF [SIGNED] Audit Report - Team Harder SF 2023.pdf.pdf,.pdf,0,0,"",Team Harder Super Fund Group,Team Harder Super Fund Group,Team Harder Super Fund Group,Team Harder Super Fund Group,"","","",5,Team Harder Pty Ltd,.pdf
"",THSF [SIGNED] Audit Report - Team Harder SF 2024.pdf.pdf,Corporate/Team Harder Super Fund Group/THSF [SIGNED] Audit Report - Team Harder SF 2024.pdf.pdf,.pdf,0,0,"",Team Harder Super Fund Group,Team Harder Super Fund Group,Team Harder Super Fund Group,Team Harder Super Fund Group,"","","",5,Team Harder Pty Ltd,.pdf
"",THSF [SIGNED] Team Harder Super Funds - Financials 2024.pdf,Corporate/Team Harder Super Fund Group/THSF [SIGNED] Team Harder Super Funds - Financials 2024.pdf,.pdf,0,0,"",Team Harder Super Fund Group,Team Harder Super Fund Group,Team Harder Super Fund Group,Team Harder Super Fund Group,"","","",5,Team Harder Pty Ltd,.pdf
"",THSF [SIGNED] Team Harder Super Investments Pty Ltd - Consolidated Financials 2024.pdf,Corporate/Team Harder Super Fund Group/THSF [SIGNED] Team Harder Super Investments Pty Ltd - Consolidated Financials 2024.pdf,.pdf,0,0,"",Team Harder Super Fund Group,Team Harder Super Fund Group,Team Harder Super Fund Group,Team Harder Super Fund Group,"","","",5,Team Harder Pty Ltd,.pdf
"",THSF ASIC_480_Cover_letter_for_Annual_Statements_SYL_(TEAM_HARDER_SUPER_INVESTMENTS_PTY_LTD).pdf,Corporate/Team Harder Super Fund Group/THSF ASIC_480_Cover_letter_for_Annual_Statements_SYL_(TEAM_HARDER_SUPER_INVESTMENTS_PTY_LTD).pdf,.pdf,0,0,"",Team Harder Super Fund Group,Team Harder Super Fund Group,Team Harder Super Fund Group,Team Harder Super Fund Group,"","","",5,Team Harder Pty Ltd,.pdf
"",THSF ASIC_Company_Statement_(TEAM_HARDER_SUPER_INVESTMENTS_PTY_LTD).pdf,Corporate/Team Harder Super Fund Group/THSF ASIC_Company_Statement_(TEAM_HARDER_SUPER_INVESTMENTS_PTY_LTD).pdf,.pdf,0,0,"",Team Harder Super Fund Group,Team Harder Super Fund Group,Team Harder Super Fund Group,Team Harder Super Fund Group,"","","",5,Team Harder Pty Ltd,.pdf
"",THSF ATO Activity statement 002.pdf,Corporate/Team Harder Super Fund Group/THSF ATO Activity statement 002.pdf,.pdf,0,0,"",Team Harder Super Fund Group,Team Harder Super Fund Group,Team Harder Super Fund Group,Team Harder Super Fund Group,"","","",5,Team Harder Pty Ltd,.pdf
"",THSF ATO Activity statement 003.pdf,Corporate/Team Harder Super Fund Group/THSF ATO Activity statement 003.pdf,.pdf,0,0,"",Team Harder Super Fund Group,Team Harder Super Fund Group,Team Harder Super Fund Group,Team Harder Super Fund Group,"","","",5,Team Harder Pty Ltd,.pdf
"",THSF ATO Activity statement 004.pdf,Corporate/Team Harder Super Fund Group/THSF ATO Activity statement 004.pdf,.pdf,0,0,"",Team Harder Super Fund Group,Team Harder Super Fund Group,Team Harder Super Fund Group,Team Harder Super Fund Group,"","","",5,Team Harder Pty Ltd,.pdf
"",THSF [SIGNED] 129 Notice - Team Harder SF 2024.pdf NEEDS_REVIEW.pdf,Corporate/Team Harder Super Fund Group/THSF [SIGNED] 129 Notice - Team Harder SF 2024.pdf NEEDS_REVIEW.pdf,.pdf,0,0,"",Team Harder Super Fund Group,Team Harder Super Fund Group,Team Harder Super Fund Group,Team Harder Super Fund Group,"","","",5,Team Harder Pty Ltd,.pdf
"",THSF Off market transfer - NAB Trade to WBC Trade NEEDS_REVIEW.pdf,Corporate/Team Harder Super Fund Group/THSF Off market transfer - NAB Trade to WBC Trade NEEDS_REVIEW.pdf,.pdf,0,0,"",Team Harder Super Fund Group,Team Harder Super Fund Group,Team Harder Super Fund Group,Team Harder Super Fund Group,"","","",5,Team Harder Pty Ltd,.pdf
"",THSF PortfolioHoldings_103425-17878_25-07-01_1710177347770 NEEDS_REVIEW.pdf,Corporate/Team Harder Super Fund Group/THSF PortfolioHoldings_103425-17878_25-07-01_1710177347770 NEEDS_REVIEW.pdf,.pdf,0,0,"",Team Harder Super Fund Group,Team Harder Super Fund Group,Team Harder Super Fund Group,Team Harder Super Fund Group,"","","",5,Team Harder Pty Ltd,.pdf
"",THSF TotalWealthSnapshot_103425-31184_25-07-01_1711012683667 NEEDS_REVIEW.pdf,Corporate/Team Harder Super Fund Group/THSF TotalWealthSnapshot_103425-31184_25-07-01_1711012683667 NEEDS_REVIEW.pdf,.pdf,0,0,"",Team Harder Super Fund Group,Team Harder Super Fund Group,Team Harder Super Fund Group,Team Harder Super Fund Group,"","","",5,Team Harder Pty Ltd,.pdf
"",THSF TransactionReport_NT2627039_20250630_20250630_20250701051134 NEEDS_REVIEW.xls,Corporate/Team Harder Super Fund Group/THSF TransactionReport_NT2627039_20250630_20250630_20250701051134 NEEDS_REVIEW.xls,.xls,0,0,"",Team Harder Super Fund Group,Team Harder Super Fund Group,Team Harder Super Fund Group,Team Harder Super Fund Group,"","","",5,Team Harder Pty Ltd,.xls
"",THSF Transactions Report (PDF)-208084860-01072025051134 NEEDS_REVIEW.pdf,Corporate/Team Harder Super Fund Group/THSF Transactions Report (PDF)-208084860-01072025051134 NEEDS_REVIEW.pdf,.pdf,0,0,"",Team Harder Super Fund Group,Team Harder Super Fund Group,Team Harder Super Fund Group,Team Harder Super Fund Group,"","","",5,Team Harder Pty Ltd,.pdf
"",THSF Certified 11.07.2024 - SMSF Deed - THSF.pdf,Corporate/Team Harder Super Fund Group/THSF Certified 11.07.2024 - SMSF Deed - THSF.pdf,.pdf,0,0,"",Team Harder Super Fund Group,Team Harder Super Fund Group,Team Harder Super Fund Group,Team Harder Super Fund Group,"","","",5,Team Harder Pty Ltd,.pdf
"",THSF SMSF Deed - THSF.pdf,Corporate/Team Harder Super Fund Group/THSF SMSF Deed - THSF.pdf,.pdf,0,0,"",Team Harder Super Fund Group,Team Harder Super Fund Group,Team Harder Super Fund Group,Team Harder Super Fund Group,"","","",5,Team Harder Pty Ltd,.pdf
"",THSF Summary.pdf,Corporate/Team Harder Super Fund Group/THSF Summary.pdf,.pdf,0,0,"",Team Harder Super Fund Group,Team Harder Super Fund Group,Team Harder Super Fund Group,Team Harder Super Fund Group,"","","",5,Team Harder Pty Ltd,.pdf
"",THSF Register of Members.xlsx,Corporate/Team Harder Super Fund Group/THSF Register of Members.xlsx,.xlsx,0,0,"",Team Harder Super Fund Group,Team Harder Super Fund Group,Team Harder Super Fund Group,Team Harder Super Fund Group,"","","",5,Team Harder Pty Ltd,.xlsx
"",W2G - Debtor's Ledger Report - EOFY25.pdf,Corporate/Team Harder Super Investments Group/W2G - Debtor's Ledger Report - EOFY25.pdf,.pdf,0,0,"",Team Harder Super Investments Group,Team Harder Super Investments Group,Team Harder Super Investments Group,Team Harder Super Investments Group,"","","",10,Team Harder Super Investments Pty Ltd,.pdf
"",W2G - View company details - EOFY25.pdf,Corporate/Team Harder Super Investments Group/W2G - View company details - EOFY25.pdf,.pdf,0,0,"",Team Harder Super Investments Group,Team Harder Super Investments Group,Team Harder Super Investments Group,Team Harder Super Investments Group,"","","",10,Team Harder Super Investments Pty Ltd,.pdf
"",W2G Annual ASIC Review MAGNUS BUSINESS ADVISERS AND ACCOUNTANTS.pdf,Corporate/Team Harder Super Investments Group/W2G Annual ASIC Review MAGNUS BUSINESS ADVISERS AND ACCOUNTANTS.pdf,.pdf,0,0,"",Team Harder Super Investments Group,Team Harder Super Investments Group,Team Harder Super Investments Group,Team Harder Super Investments Group,"","","",10,Team Harder Super Investments Pty Ltd,.pdf
"","W2G ASIC -  Debtor's Ledger Report $290 was paid June 30, 2023 - 2.pdf","Corporate/Team Harder Super Investments Group/W2G ASIC -  Debtor's Ledger Report $290 was paid June 30, 2023 - 2.pdf",.pdf,0,0,"",Team Harder Super Investments Group,Team Harder Super Investments Group,Team Harder Super Investments Group,Team Harder Super Investments Group,"","","",10,Team Harder Super Investments Pty Ltd,.pdf
"",W2G ASIC W2G Assets 05.07.2023 Debtor's Ledger Report.pdf,Corporate/Team Harder Super Investments Group/W2G ASIC W2G Assets 05.07.2023 Debtor's Ledger Report.pdf,.pdf,0,0,"",Team Harder Super Investments Group,Team Harder Super Investments Group,Team Harder Super Investments Group,Team Harder Super Investments Group,"","","",10,Team Harder Super Investments Pty Ltd,.pdf
"",W2G Assets ASIC - View company details.pdf,Corporate/Team Harder Super Investments Group/W2G Assets ASIC - View company details.pdf,.pdf,0,0,"",Team Harder Super Investments Group,Team Harder Super Investments Group,Team Harder Super Investments Group,Team Harder Super Investments Group,"","","",10,Team Harder Super Investments Pty Ltd,.pdf
"",W2G Assets PTY LTD Form 484 17 05 2022.pdf,Corporate/Team Harder Super Investments Group/W2G Assets PTY LTD Form 484 17 05 2022.pdf,.pdf,0,0,"",Team Harder Super Investments Group,Team Harder Super Investments Group,Team Harder Super Investments Group,Team Harder Super Investments Group,"","","",10,Team Harder Super Investments Pty Ltd,.pdf
"",W2G Certificate of Registration W2G.pdf,Corporate/Team Harder Super Investments Group/W2G Certificate of Registration W2G.pdf,.pdf,0,0,"",Team Harder Super Investments Group,Team Harder Super Investments Group,Team Harder Super Investments Group,Team Harder Super Investments Group,"","","",10,Team Harder Super Investments Pty Ltd,.pdf
"",W2G Change of Address W2G.pdf,Corporate/Team Harder Super Investments Group/W2G Change of Address W2G.pdf,.pdf,0,0,"",Team Harder Super Investments Group,Team Harder Super Investments Group,Team Harder Super Investments Group,Team Harder Super Investments Group,"","","",10,Team Harder Super Investments Pty Ltd,.pdf
"",W2G EOY ASIC FY24 W2G.pdf,Corporate/Team Harder Super Investments Group/W2G EOY ASIC FY24 W2G.pdf,.pdf,0,0,"",Team Harder Super Investments Group,Team Harder Super Investments Group,Team Harder Super Investments Group,Team Harder Super Investments Group,"","","",10,Team Harder Super Investments Pty Ltd,.pdf
"",W2G Form484.pdf,Corporate/Team Harder Super Investments Group/W2G Form484.pdf,.pdf,0,0,"",Team Harder Super Investments Group,Team Harder Super Investments Group,Team Harder Super Investments Group,Team Harder Super Investments Group,"","","",10,Team Harder Super Investments Pty Ltd,.pdf
"",W2G Resignation of Director RH W2G.pdf,Corporate/Team Harder Super Investments Group/W2G Resignation of Director RH W2G.pdf,.pdf,0,0,"",Team Harder Super Investments Group,Team Harder Super Investments Group,Team Harder Super Investments Group,Team Harder Super Investments Group,"","","",10,Team Harder Super Investments Pty Ltd,.pdf
"",W2G [Magnus_Business_Advisers__Accountants]_W2G_ (1).pdf,Corporate/Team Harder Super Investments Group/W2G [Magnus_Business_Advisers__Accountants]_W2G_ (1).pdf,.pdf,0,0,"",Team Harder Super Investments Group,Team Harder Super Investments Group,Team Harder Super Investments Group,Team Harder Super Investments Group,"","","",10,Team Harder Super Investments Pty Ltd,.pdf
"",W2G [Magnus_Business_Advisers__Accountants]_W2G_.pdf,Corporate/Team Harder Super Investments Group/W2G [Magnus_Business_Advisers__Accountants]_W2G_.pdf,.pdf,0,0,"",Team Harder Super Investments Group,Team Harder Super Investments Group,Team Harder Super Investments Group,Team Harder Super Investments Group,"","","",10,Team Harder Super Investments Pty Ltd,.pdf
"",W2G 2009 overall Group Consolidation.xls,Corporate/Team Harder Super Investments Group/W2G 2009 overall Group Consolidation.xls,.xls,0,0,"",Team Harder Super Investments Group,Team Harder Super Investments Group,Team Harder Super Investments Group,Team Harder Super Investments Group,"","","",10,Team Harder Super Investments Pty Ltd,.xls
"",W2G 2010 overall Group Consolidation.xls,Corporate/Team Harder Super Investments Group/W2G 2010 overall Group Consolidation.xls,.xls,0,0,"",Team Harder Super Investments Group,Team Harder Super Investments Group,Team Harder Super Investments Group,Team Harder Super Investments Group,"","","",10,Team Harder Super Investments Pty Ltd,.xls
"",W2G 8 Nevilles Valuation.pdf,Corporate/Team Harder Super Investments Group/W2G 8 Nevilles Valuation.pdf,.pdf,0,0,"",Team Harder Super Investments Group,Team Harder Super Investments Group,Team Harder Super Investments Group,Team Harder Super Investments Group,"","","",10,Team Harder Super Investments Pty Ltd,.pdf
"",W2G Assets BOQ 21446327 23FY.pdf,Corporate/Team Harder Super Investments Group/W2G Assets BOQ 21446327 23FY.pdf,.pdf,0,0,"",Team Harder Super Investments Group,Team Harder Super Investments Group,Team Harder Super Investments Group,Team Harder Super Investments Group,"","","",10,Team Harder Super Investments Pty Ltd,.pdf
"",W2G Assets Dividend.docx,Corporate/Team Harder Super Investments Group/W2G Assets Dividend.docx,.docx,0,0,"",Team Harder Super Investments Group,Team Harder Super Investments Group,Team Harder Super Investments Group,Team Harder Super Investments Group,"","","",10,Team Harder Super Investments Pty Ltd,.docx
"",W2G Assets HP 0809.xlsx,Corporate/Team Harder Super Investments Group/W2G Assets HP 0809.xlsx,.xlsx,0,0,"",Team Harder Super Investments Group,Team Harder Super Investments Group,Team Harder Super Investments Group,Team Harder Super Investments Group,"","","",10,Team Harder Super Investments Pty Ltd,.xlsx
"",W2G ASSETS PTY LTD - 7852 2022.pdf,Corporate/Team Harder Super Investments Group/W2G ASSETS PTY LTD - 7852 2022.pdf,.pdf,0,0,"",Team Harder Super Investments Group,Team Harder Super Investments Group,Team Harder Super Investments Group,Team Harder Super Investments Group,"","","",10,Team Harder Super Investments Pty Ltd,.pdf
"",W2G BOQ 21446327 FY24 CLOSED 28.12.23.pdf,Corporate/Team Harder Super Investments Group/W2G BOQ 21446327 FY24 CLOSED 28.12.23.pdf,.pdf,0,0,"",Team Harder Super Investments Group,Team Harder Super Investments Group,Team Harder Super Investments Group,Team Harder Super Investments Group,"","","",10,Team Harder Super Investments Pty Ltd,.pdf
"",W2G BOQ Loan 23084038 FY24 CLOSED 08.12.23.pdf,Corporate/Team Harder Super Investments Group/W2G BOQ Loan 23084038 FY24 CLOSED 08.12.23.pdf,.pdf,0,0,"",Team Harder Super Investments Group,Team Harder Super Investments Group,Team Harder Super Investments Group,Team Harder Super Investments Group,"","","",10,Team Harder Super Investments Pty Ltd,.pdf
"",W2G Dividend CFT.docx,Corporate/Team Harder Super Investments Group/W2G Dividend CFT.docx,.docx,0,0,"",Team Harder Super Investments Group,Team Harder Super Investments Group,Team Harder Super Investments Group,Team Harder Super Investments Group,"","","",10,Team Harder Super Investments Pty Ltd,.docx
"",W2G Dividend HFT.docx,Corporate/Team Harder Super Investments Group/W2G Dividend HFT.docx,.docx,0,0,"",Team Harder Super Investments Group,Team Harder Super Investments Group,Team Harder Super Investments Group,Team Harder Super Investments Group,"","","",10,Team Harder Super Investments Pty Ltd,.docx
"",W2G Dividend PFT.docx,Corporate/Team Harder Super Investments Group/W2G Dividend PFT.docx,.docx,0,0,"",Team Harder Super Investments Group,Team Harder Super Investments Group,Team Harder Super Investments Group,Team Harder Super Investments Group,"","","",10,Team Harder Super Investments Pty Ltd,.docx
"",W2G DOC130822-13082022145740.pdf,Corporate/Team Harder Super Investments Group/W2G DOC130822-13082022145740.pdf,.pdf,0,0,"",Team Harder Super Investments Group,Team Harder Super Investments Group,Team Harder Super Investments Group,Team Harder Super Investments Group,"","","",10,Team Harder Super Investments Pty Ltd,.pdf
"",W2G DOC130822-13082022145754.pdf,Corporate/Team Harder Super Investments Group/W2G DOC130822-13082022145754.pdf,.pdf,0,0,"",Team Harder Super Investments Group,Team Harder Super Investments Group,Team Harder Super Investments Group,Team Harder Super Investments Group,"","","",10,Team Harder Super Investments Pty Ltd,.pdf
"",W2G DOC130822-13082022150449.pdf,Corporate/Team Harder Super Investments Group/W2G DOC130822-13082022150449.pdf,.pdf,0,0,"",Team Harder Super Investments Group,Team Harder Super Investments Group,Team Harder Super Investments Group,Team Harder Super Investments Group,"","","",10,Team Harder Super Investments Pty Ltd,.pdf
"",W2G DOC130822-13082022150523.pdf,Corporate/Team Harder Super Investments Group/W2G DOC130822-13082022150523.pdf,.pdf,0,0,"",Team Harder Super Investments Group,Team Harder Super Investments Group,Team Harder Super Investments Group,Team Harder Super Investments Group,"","","",10,Team Harder Super Investments Pty Ltd,.pdf
"",W2G DOC130822-13082022150547.pdf,Corporate/Team Harder Super Investments Group/W2G DOC130822-13082022150547.pdf,.pdf,0,0,"",Team Harder Super Investments Group,Team Harder Super Investments Group,Team Harder Super Investments Group,Team Harder Super Investments Group,"","","",10,Team Harder Super Investments Pty Ltd,.pdf
"",W2G DOC130822-13082022150621.pdf,Corporate/Team Harder Super Investments Group/W2G DOC130822-13082022150621.pdf,.pdf,0,0,"",Team Harder Super Investments Group,Team Harder Super Investments Group,Team Harder Super Investments Group,Team Harder Super Investments Group,"","","",10,Team Harder Super Investments Pty Ltd,.pdf
"",W2G DOC130822-13082022150702.pdf,Corporate/Team Harder Super Investments Group/W2G DOC130822-13082022150702.pdf,.pdf,0,0,"",Team Harder Super Investments Group,Team Harder Super Investments Group,Team Harder Super Investments Group,Team Harder Super Investments Group,"","","",10,Team Harder Super Investments Pty Ltd,.pdf
"",W2G EOFY 22_23 BOQ 4038 W2G Assets .pdf,Corporate/Team Harder Super Investments Group/W2G EOFY 22_23 BOQ 4038 W2G Assets .pdf,.pdf,0,0,"",Team Harder Super Investments Group,Team Harder Super Investments Group,Team Harder Super Investments Group,Team Harder Super Investments Group,"","","",10,Team Harder Super Investments Pty Ltd,.pdf
"",W2G EOFY 22_23 BOQ 6327 W2G Assets .pdf,Corporate/Team Harder Super Investments Group/W2G EOFY 22_23 BOQ 6327 W2G Assets .pdf,.pdf,0,0,"",Team Harder Super Investments Group,Team Harder Super Investments Group,Team Harder Super Investments Group,Team Harder Super Investments Group,"","","",10,Team Harder Super Investments Pty Ltd,.pdf
"",W2G FBT 2010.xlsx,Corporate/Team Harder Super Investments Group/W2G FBT 2010.xlsx,.xlsx,0,0,"",Team Harder Super Investments Group,Team Harder Super Investments Group,Team Harder Super Investments Group,Team Harder Super Investments Group,"","","",10,Team Harder Super Investments Pty Ltd,.xlsx
"",W2G Group Structure Chart 12.11.09.xlsx,Corporate/Team Harder Super Investments Group/W2G Group Structure Chart 12.11.09.xlsx,.xlsx,0,0,"",Team Harder Super Investments Group,Team Harder Super Investments Group,Team Harder Super Investments Group,Team Harder Super Investments Group,"","","",10,Team Harder Super Investments Pty Ltd,.xlsx
"",W2G Interest Workpapers.xlsx,Corporate/Team Harder Super Investments Group/W2G Interest Workpapers.xlsx,.xlsx,0,0,"",Team Harder Super Investments Group,Team Harder Super Investments Group,Team Harder Super Investments Group,Team Harder Super Investments Group,"","","",10,Team Harder Super Investments Pty Ltd,.xlsx
"",W2G PortfolioHoldings_103425-56598_25-07-01_1713568661565.pdf,Corporate/Team Harder Super Investments Group/W2G PortfolioHoldings_103425-56598_25-07-01_1713568661565.pdf,.pdf,0,0,"",Team Harder Super Investments Group,Team Harder Super Investments Group,Team Harder Super Investments Group,Team Harder Super Investments Group,"","","",10,Team Harder Super Investments Pty Ltd,.pdf
"",W2G Resolution W2G not to spend money 23122023.pdf,Corporate/Team Harder Super Investments Group/W2G Resolution W2G not to spend money 23122023.pdf,.pdf,0,0,"",Team Harder Super Investments Group,Team Harder Super Investments Group,Team Harder Super Investments Group,Team Harder Super Investments Group,"","","",10,Team Harder Super Investments Pty Ltd,.pdf
"",W2G Salary Sacrifice Arrangement.xls,Corporate/Team Harder Super Investments Group/W2G Salary Sacrifice Arrangement.xls,.xls,0,0,"",Team Harder Super Investments Group,Team Harder Super Investments Group,Team Harder Super Investments Group,Team Harder Super Investments Group,"","","",10,Team Harder Super Investments Pty Ltd,.xls
"",W2G Sale of Shares to LYW - W2G ASSETS 29-4-2020.pdf,Corporate/Team Harder Super Investments Group/W2G Sale of Shares to LYW - W2G ASSETS 29-4-2020.pdf,.pdf,0,0,"",Team Harder Super Investments Group,Team Harder Super Investments Group,Team Harder Super Investments Group,Team Harder Super Investments Group,"","","",10,Team Harder Super Investments Pty Ltd,.pdf
"",W2G TotalWealthSnapshot_103425-20495_25-07-01_1714346517147.pdf,Corporate/Team Harder Super Investments Group/W2G TotalWealthSnapshot_103425-20495_25-07-01_1714346517147.pdf,.pdf,0,0,"",Team Harder Super Investments Group,Team Harder Super Investments Group,Team Harder Super Investments Group,Team Harder Super Investments Group,"","","",10,Team Harder Super Investments Pty Ltd,.pdf
"",W2G Transactions Report (PDF)-208085044-01072025051514.pdf,Corporate/Team Harder Super Investments Group/W2G Transactions Report (PDF)-208085044-01072025051514.pdf,.pdf,0,0,"",Team Harder Super Investments Group,Team Harder Super Investments Group,Team Harder Super Investments Group,Team Harder Super Investments Group,"","","",10,Team Harder Super Investments Pty Ltd,.pdf
"",W2G ATO Account Summary.pdf,Corporate/Team Harder Super Investments Group/W2G ATO Account Summary.pdf,.pdf,0,0,"",Team Harder Super Investments Group,Team Harder Super Investments Group,Team Harder Super Investments Group,Team Harder Super Investments Group,"","","",10,Team Harder Super Investments Pty Ltd,.pdf
"",W2G ATO Income tax 551.pdf,Corporate/Team Harder Super Investments Group/W2G ATO Income tax 551.pdf,.pdf,0,0,"",Team Harder Super Investments Group,Team Harder Super Investments Group,Team Harder Super Investments Group,Team Harder Super Investments Group,"","","",10,Team Harder Super Investments Pty Ltd,.pdf
"",W2G ATO W2G Assets Accounts Summary 30.06.2023.pdf,Corporate/Team Harder Super Investments Group/W2G ATO W2G Assets Accounts Summary 30.06.2023.pdf,.pdf,0,0,"",Team Harder Super Investments Group,Team Harder Super Investments Group,Team Harder Super Investments Group,Team Harder Super Investments Group,"","","",10,Team Harder Super Investments Pty Ltd,.pdf
"",W2G EOY ATO FY24 W2G.pdf,Corporate/Team Harder Super Investments Group/W2G EOY ATO FY24 W2G.pdf,.pdf,0,0,"",Team Harder Super Investments Group,Team Harder Super Investments Group,Team Harder Super Investments Group,Team Harder Super Investments Group,"","","",10,Team Harder Super Investments Pty Ltd,.pdf
"",W2G FBT car benefit calculator.xls,Corporate/Team Harder Super Investments Group/W2G FBT car benefit calculator.xls,.xls,0,0,"",Team Harder Super Investments Group,Team Harder Super Investments Group,Team Harder Super Investments Group,Team Harder Super Investments Group,"","","",10,Team Harder Super Investments Pty Ltd,.xls
"",W2G Assets Financial Workpapers 2010.xls,Corporate/Team Harder Super Investments Group/W2G Assets Financial Workpapers 2010.xls,.xls,0,0,"",Team Harder Super Investments Group,Team Harder Super Investments Group,Team Harder Super Investments Group,Team Harder Super Investments Group,"","","",10,Team Harder Super Investments Pty Ltd,.xls
"",W2G Assets Financial Workpapers 2011.xls,Corporate/Team Harder Super Investments Group/W2G Assets Financial Workpapers 2011.xls,.xls,0,0,"",Team Harder Super Investments Group,Team Harder Super Investments Group,Team Harder Super Investments Group,Team Harder Super Investments Group,"","","",10,Team Harder Super Investments Pty Ltd,.xls
"",W2G Assets Financial Workpapers 2012.xls,Corporate/Team Harder Super Investments Group/W2G Assets Financial Workpapers 2012.xls,.xls,0,0,"",Team Harder Super Investments Group,Team Harder Super Investments Group,Team Harder Super Investments Group,Team Harder Super Investments Group,"","","",10,Team Harder Super Investments Pty Ltd,.xls
"",W2G ATO Activity statement 001.pdf,Corporate/Team Harder Super Investments Group/W2G ATO Activity statement 001.pdf,.pdf,0,0,"",Team Harder Super Investments Group,Team Harder Super Investments Group,Team Harder Super Investments Group,Team Harder Super Investments Group,"","","",10,Team Harder Super Investments Pty Ltd,.pdf
"",W2G EOFY 22_23 W2G Assets NAB 8188 Trade Statement .pdf,Corporate/Team Harder Super Investments Group/W2G EOFY 22_23 W2G Assets NAB 8188 Trade Statement .pdf,.pdf,0,0,"",Team Harder Super Investments Group,Team Harder Super Investments Group,Team Harder Super Investments Group,Team Harder Super Investments Group,"","","",10,Team Harder Super Investments Pty Ltd,.pdf
"",W2G EOFY W2G Assets NAB 2009 Statement .pdf,Corporate/Team Harder Super Investments Group/W2G EOFY W2G Assets NAB 2009 Statement .pdf,.pdf,0,0,"",Team Harder Super Investments Group,Team Harder Super Investments Group,Team Harder Super Investments Group,Team Harder Super Investments Group,"","","",10,Team Harder Super Investments Pty Ltd,.pdf
"",W2G Financial Workpapers 2009.xls,Corporate/Team Harder Super Investments Group/W2G Financial Workpapers 2009.xls,.xls,0,0,"",Team Harder Super Investments Group,Team Harder Super Investments Group,Team Harder Super Investments Group,Team Harder Super Investments Group,"","","",10,Team Harder Super Investments Pty Ltd,.xls
"",W2G Constitution W2G.pdf,Corporate/Team Harder Super Investments Group/W2G Constitution W2G.pdf,.pdf,0,0,"",Team Harder Super Investments Group,Team Harder Super Investments Group,Team Harder Super Investments Group,Team Harder Super Investments Group,"","","",10,Team Harder Super Investments Pty Ltd,.pdf
"",W2G Minutes.pdf,Corporate/Team Harder Super Investments Group/W2G Minutes.pdf,.pdf,0,0,"",Team Harder Super Investments Group,Team Harder Super Investments Group,Team Harder Super Investments Group,Team Harder Super Investments Group,"","","",10,Team Harder Super Investments Pty Ltd,.pdf
"",W2G Register of Members.xlsx,Corporate/Team Harder Super Investments Group/W2G Register of Members.xlsx,.xlsx,0,0,"",Team Harder Super Investments Group,Team Harder Super Investments Group,Team Harder Super Investments Group,Team Harder Super Investments Group,"","","",10,Team Harder Super Investments Pty Ltd,.xlsx
"",W2G Share Certificate W2G.pdf,Corporate/Team Harder Super Investments Group/W2G Share Certificate W2G.pdf,.pdf,0,0,"",Team Harder Super Investments Group,Team Harder Super Investments Group,Team Harder Super Investments Group,Team Harder Super Investments Group,"","","",10,Team Harder Super Investments Pty Ltd,.pdf
"",TA - Debtor's Ledger Report - EOFY25.pdf,Corporate/Tekna Group/TA - Debtor's Ledger Report - EOFY25.pdf,.pdf,0,0,"",Tekna Group,Tekna Group,Tekna Group,Tekna Group,"","","",1,Tekna Pty Ltd,.pdf
"",TA Certificate Rego TA.pdf,Corporate/Tekna Group/TA Certificate Rego TA.pdf,.pdf,0,0,"",Tekna Group,Tekna Group,Tekna Group,Tekna Group,"","","",1,Tekna Pty Ltd,.pdf
"",TA Company Setup TA.pdf,Corporate/Tekna Group/TA Company Setup TA.pdf,.pdf,0,0,"",Tekna Group,Tekna Group,Tekna Group,Tekna Group,"","","",1,Tekna Pty Ltd,.pdf
"",TA EOY ASIC FY24 TA.pdf,Corporate/Tekna Group/TA EOY ASIC FY24 TA.pdf,.pdf,0,0,"",Tekna Group,Tekna Group,Tekna Group,Tekna Group,"","","",1,Tekna Pty Ltd,.pdf
"",TA Tekna Admin - View company details - EOFY25.pdf,Corporate/Tekna Group/TA Tekna Admin - View company details - EOFY25.pdf,.pdf,0,0,"",Tekna Group,Tekna Group,Tekna Group,Tekna Group,"","","",1,Tekna Pty Ltd,.pdf
"",TA Computer TA.pdf,Corporate/Tekna Group/TA Computer TA.pdf,.pdf,0,0,"",Tekna Group,Tekna Group,Tekna Group,Tekna Group,"","","",1,Tekna Pty Ltd,.pdf
"",TA Skid Steer Toyota Bucket TA.pdf,Corporate/Tekna Group/TA Skid Steer Toyota Bucket TA.pdf,.pdf,0,0,"",Tekna Group,Tekna Group,Tekna Group,Tekna Group,"","","",1,Tekna Pty Ltd,.pdf
"",TA Skid Steer Toyota TA.pdf,Corporate/Tekna Group/TA Skid Steer Toyota TA.pdf,.pdf,0,0,"",Tekna Group,Tekna Group,Tekna Group,Tekna Group,"","","",1,Tekna Pty Ltd,.pdf
"",TA Truck TA.pdf,Corporate/Tekna Group/TA Truck TA.pdf,.pdf,0,0,"",Tekna Group,Tekna Group,Tekna Group,Tekna Group,"","","",1,Tekna Pty Ltd,.pdf
"",TA ATO Account Summary.pdf,Corporate/Tekna Group/TA ATO Account Summary.pdf,.pdf,0,0,"",Tekna Group,Tekna Group,Tekna Group,Tekna Group,"","","",1,Tekna Pty Ltd,.pdf
"",TA ATO Income tax 001.pdf,Corporate/Tekna Group/TA ATO Income tax 001.pdf,.pdf,0,0,"",Tekna Group,Tekna Group,Tekna Group,Tekna Group,"","","",1,Tekna Pty Ltd,.pdf
"",TA Consolidated Tax Return FY24 Tekna Admin.pdf,Corporate/Tekna Group/TA Consolidated Tax Return FY24 Tekna Admin.pdf,.pdf,0,0,"",Tekna Group,Tekna Group,Tekna Group,Tekna Group,"","","",1,Tekna Pty Ltd,.pdf
"",TA EOY ATO FY24 TA.pdf,Corporate/Tekna Group/TA EOY ATO FY24 TA.pdf,.pdf,0,0,"",Tekna Group,Tekna Group,Tekna Group,Tekna Group,"","","",1,Tekna Pty Ltd,.pdf
"",TA Excavator TA.pdf,Corporate/Tekna Group/TA Excavator TA.pdf,.pdf,0,0,"",Tekna Group,Tekna Group,Tekna Group,Tekna Group,"","","",1,Tekna Pty Ltd,.pdf
"",TA Tekna Admin BAS Report for April-June 2024FY.xlsx,Corporate/Tekna Group/TA Tekna Admin BAS Report for April-June 2024FY.xlsx,.xlsx,0,0,"",Tekna Group,Tekna Group,Tekna Group,Tekna Group,"","","",1,Tekna Pty Ltd,.xlsx
"",TA Tekna Admin BAS Report for Jan-Mar 2024FY ATO Lodge.pdf,Corporate/Tekna Group/TA Tekna Admin BAS Report for Jan-Mar 2024FY ATO Lodge.pdf,.pdf,0,0,"",Tekna Group,Tekna Group,Tekna Group,Tekna Group,"","","",1,Tekna Pty Ltd,.pdf
"",TA Tekna Admin BAS Report for Jan-Mar 2024FY.xlsx,Corporate/Tekna Group/TA Tekna Admin BAS Report for Jan-Mar 2024FY.xlsx,.xlsx,0,0,"",Tekna Group,Tekna Group,Tekna Group,Tekna Group,"","","",1,Tekna Pty Ltd,.xlsx
"",TA 1. Tekna Admin WBC 699 642 FY25.pdf,Corporate/Tekna Group/TA 1. Tekna Admin WBC 699 642 FY25.pdf,.pdf,0,0,"",Tekna Group,Tekna Group,Tekna Group,Tekna Group,"","","",1,Tekna Pty Ltd,.pdf
"",TA 1. WBC 3160 CC FY25.pdf,Corporate/Tekna Group/TA 1. WBC 3160 CC FY25.pdf,.pdf,0,0,"",Tekna Group,Tekna Group,Tekna Group,Tekna Group,"","","",1,Tekna Pty Ltd,.pdf
"",TA 2. Tekna Admin WBC 699 642 FY25.pdf,Corporate/Tekna Group/TA 2. Tekna Admin WBC 699 642 FY25.pdf,.pdf,0,0,"",Tekna Group,Tekna Group,Tekna Group,Tekna Group,"","","",1,Tekna Pty Ltd,.pdf
"",TA 2. WBC 3160 CC FY25.pdf,Corporate/Tekna Group/TA 2. WBC 3160 CC FY25.pdf,.pdf,0,0,"",Tekna Group,Tekna Group,Tekna Group,Tekna Group,"","","",1,Tekna Pty Ltd,.pdf
"",TA 3. Tekna Admin WBC 699 642 FY25.pdf,Corporate/Tekna Group/TA 3. Tekna Admin WBC 699 642 FY25.pdf,.pdf,0,0,"",Tekna Group,Tekna Group,Tekna Group,Tekna Group,"","","",1,Tekna Pty Ltd,.pdf
"",TA 3. WBC 3160 CC FY25.pdf,Corporate/Tekna Group/TA 3. WBC 3160 CC FY25.pdf,.pdf,0,0,"",Tekna Group,Tekna Group,Tekna Group,Tekna Group,"","","",1,Tekna Pty Ltd,.pdf
"",TA 4. Tekna Admin WBC 699 642 FY25.pdf,Corporate/Tekna Group/TA 4. Tekna Admin WBC 699 642 FY25.pdf,.pdf,0,0,"",Tekna Group,Tekna Group,Tekna Group,Tekna Group,"","","",1,Tekna Pty Ltd,.pdf
"",TA 4. WBC 3160 CC FY25.pdf,Corporate/Tekna Group/TA 4. WBC 3160 CC FY25.pdf,.pdf,0,0,"",Tekna Group,Tekna Group,Tekna Group,Tekna Group,"","","",1,Tekna Pty Ltd,.pdf
"",TA 5. WBC 3160 CC FY25.pdf,Corporate/Tekna Group/TA 5. WBC 3160 CC FY25.pdf,.pdf,0,0,"",Tekna Group,Tekna Group,Tekna Group,Tekna Group,"","","",1,Tekna Pty Ltd,.pdf
"",TA 6. WBC 3160 CC FY25.pdf,Corporate/Tekna Group/TA 6. WBC 3160 CC FY25.pdf,.pdf,0,0,"",Tekna Group,Tekna Group,Tekna Group,Tekna Group,"","","",1,Tekna Pty Ltd,.pdf
"",TA 7. WBC 3160 CC FY25.pdf,Corporate/Tekna Group/TA 7. WBC 3160 CC FY25.pdf,.pdf,0,0,"",Tekna Group,Tekna Group,Tekna Group,Tekna Group,"","","",1,Tekna Pty Ltd,.pdf
"",TA 8. WBC 3160 CC FY25.pdf,Corporate/Tekna Group/TA 8. WBC 3160 CC FY25.pdf,.pdf,0,0,"",Tekna Group,Tekna Group,Tekna Group,Tekna Group,"","","",1,Tekna Pty Ltd,.pdf
"",TA EOY NAB 268693995 FY24 TA.pdf,Corporate/Tekna Group/TA EOY NAB 268693995 FY24 TA.pdf,.pdf,0,0,"",Tekna Group,Tekna Group,Tekna Group,Tekna Group,"","","",1,Tekna Pty Ltd,.pdf
"",TA EOY WBC 699642 FY24 TA.pdf,Corporate/Tekna Group/TA EOY WBC 699642 FY24 TA.pdf,.pdf,0,0,"",Tekna Group,Tekna Group,Tekna Group,Tekna Group,"","","",1,Tekna Pty Ltd,.pdf
"",TA ATO Activity statement 002.pdf,Corporate/Tekna Group/TA ATO Activity statement 002.pdf,.pdf,0,0,"",Tekna Group,Tekna Group,Tekna Group,Tekna Group,"","","",1,Tekna Pty Ltd,.pdf
"",TA Print _ Australian Taxation Office april-june NEEDS_REVIEW.pdf,Corporate/Tekna Group/TA Print _ Australian Taxation Office april-june NEEDS_REVIEW.pdf,.pdf,0,0,"",Tekna Group,Tekna Group,Tekna Group,Tekna Group,"","","",1,Tekna Pty Ltd,.pdf
"",TA Print _ Australian Taxation Office jan-marc NEEDS_REVIEW.pdf,Corporate/Tekna Group/TA Print _ Australian Taxation Office jan-marc NEEDS_REVIEW.pdf,.pdf,0,0,"",Tekna Group,Tekna Group,Tekna Group,Tekna Group,"","","",1,Tekna Pty Ltd,.pdf
"",TA Print _ Australian Taxation Office NEEDS_REVIEW.pdf,Corporate/Tekna Group/TA Print _ Australian Taxation Office NEEDS_REVIEW.pdf,.pdf,0,0,"",Tekna Group,Tekna Group,Tekna Group,Tekna Group,"","","",1,Tekna Pty Ltd,.pdf
"",TA Tekna_Admin_-_Management_Report (1) NEEDS_REVIEW.pdf,Corporate/Tekna Group/TA Tekna_Admin_-_Management_Report (1) NEEDS_REVIEW.pdf,.pdf,0,0,"",Tekna Group,Tekna Group,Tekna Group,Tekna Group,"","","",1,Tekna Pty Ltd,.pdf
"",TA Tekna_Admin_Account_Transactions NEEDS_REVIEW.xlsx,Corporate/Tekna Group/TA Tekna_Admin_Account_Transactions NEEDS_REVIEW.xlsx,.xlsx,0,0,"",Tekna Group,Tekna Group,Tekna Group,Tekna Group,"","","",1,Tekna Pty Ltd,.xlsx
"",TA Constitution TA.pdf,Corporate/Tekna Group/TA Constitution TA.pdf,.pdf,0,0,"",Tekna Group,Tekna Group,Tekna Group,Tekna Group,"","","",1,Tekna Pty Ltd,.pdf
"",TA Tekna Admin Pty Ltd.Company Constitution.231204.DRAFT.docx,Corporate/Tekna Group/TA Tekna Admin Pty Ltd.Company Constitution.231204.DRAFT.docx,.docx,0,0,"",Tekna Group,Tekna Group,Tekna Group,Tekna Group,"","","",1,Tekna Pty Ltd,.docx
"",TA General Security Deed TD to TA.pdf,Corporate/Tekna Group/TA General Security Deed TD to TA.pdf,.pdf,0,0,"",Tekna Group,Tekna Group,Tekna Group,Tekna Group,"","","",1,Tekna Pty Ltd,.pdf
"",TA Loan TD to TA.pdf,Corporate/Tekna Group/TA Loan TD to TA.pdf,.pdf,0,0,"",Tekna Group,Tekna Group,Tekna Group,Tekna Group,"","","",1,Tekna Pty Ltd,.pdf
"",TA PPSR Token TA.pdf,Corporate/Tekna Group/TA PPSR Token TA.pdf,.pdf,0,0,"",Tekna Group,Tekna Group,Tekna Group,Tekna Group,"","","",1,Tekna Pty Ltd,.pdf
"",TA PPSR Verification TA.pdf,Corporate/Tekna Group/TA PPSR Verification TA.pdf,.pdf,0,0,"",Tekna Group,Tekna Group,Tekna Group,Tekna Group,"","","",1,Tekna Pty Ltd,.pdf
"",TA Share Certificate TA.pdf,Corporate/Tekna Group/TA Share Certificate TA.pdf,.pdf,0,0,"",Tekna Group,Tekna Group,Tekna Group,Tekna Group,"","","",1,Tekna Pty Ltd,.pdf
"",TD Appoint of Director JH TD.pdf,Corporate/Tekna Group/TD Appoint of Director JH TD.pdf,.pdf,0,0,"",Tekna Group,Tekna Group,Tekna Group,Tekna Group,"","","",1,Tekna Pty Ltd,.pdf
"",TD ASIC Change of Name 22-10-2021.pdf,Corporate/Tekna Group/TD ASIC Change of Name 22-10-2021.pdf,.pdf,0,0,"",Tekna Group,Tekna Group,Tekna Group,Tekna Group,"","","",1,Tekna Pty Ltd,.pdf
"",TD ASIC Form 484 Director 24-06-2024.pdf,Corporate/Tekna Group/TD ASIC Form 484 Director 24-06-2024.pdf,.pdf,0,0,"",Tekna Group,Tekna Group,Tekna Group,Tekna Group,"","","",1,Tekna Pty Ltd,.pdf
"",TD Company Setup TD.pdf,Corporate/Tekna Group/TD Company Setup TD.pdf,.pdf,0,0,"",Tekna Group,Tekna Group,Tekna Group,Tekna Group,"","","",1,Tekna Pty Ltd,.pdf
"",TD Corporate Key TD.pdf,Corporate/Tekna Group/TD Corporate Key TD.pdf,.pdf,0,0,"",Tekna Group,Tekna Group,Tekna Group,Tekna Group,"","","",1,Tekna Pty Ltd,.pdf
"",TD EOY ASIC FY23 TD.pdf,Corporate/Tekna Group/TD EOY ASIC FY23 TD.pdf,.pdf,0,0,"",Tekna Group,Tekna Group,Tekna Group,Tekna Group,"","","",1,Tekna Pty Ltd,.pdf
"",TD EOY ASIC FY24 TD.pdf,Corporate/Tekna Group/TD EOY ASIC FY24 TD.pdf,.pdf,0,0,"",Tekna Group,Tekna Group,Tekna Group,Tekna Group,"","","",1,Tekna Pty Ltd,.pdf
"",TD MINS Draft 19-07-2020.pdf,Corporate/Tekna Group/TD MINS Draft 19-07-2020.pdf,.pdf,0,0,"",Tekna Group,Tekna Group,Tekna Group,Tekna Group,"","","",1,Tekna Pty Ltd,.pdf
"",TD MINS Solvency Statement 19-07-2018.pdf,Corporate/Tekna Group/TD MINS Solvency Statement 19-07-2018.pdf,.pdf,0,0,"",Tekna Group,Tekna Group,Tekna Group,Tekna Group,"","","",1,Tekna Pty Ltd,.pdf
"",TD Registered Office Multiplace TD.pdf,Corporate/Tekna Group/TD Registered Office Multiplace TD.pdf,.pdf,0,0,"",Tekna Group,Tekna Group,Tekna Group,Tekna Group,"","","",1,Tekna Pty Ltd,.pdf
"",TD Resignation of Director AC TD.pdf,Corporate/Tekna Group/TD Resignation of Director AC TD.pdf,.pdf,0,0,"",Tekna Group,Tekna Group,Tekna Group,Tekna Group,"","","",1,Tekna Pty Ltd,.pdf
"",TD Resignation of Director SH TD.pdf,Corporate/Tekna Group/TD Resignation of Director SH TD.pdf,.pdf,0,0,"",Tekna Group,Tekna Group,Tekna Group,Tekna Group,"","","",1,Tekna Pty Ltd,.pdf
"",TD Solvency ASIC FY13 TD.pdf,Corporate/Tekna Group/TD Solvency ASIC FY13 TD.pdf,.pdf,0,0,"",Tekna Group,Tekna Group,Tekna Group,Tekna Group,"","","",1,Tekna Pty Ltd,.pdf
"",TD Solvency ASIC FY14 TD.pdf,Corporate/Tekna Group/TD Solvency ASIC FY14 TD.pdf,.pdf,0,0,"",Tekna Group,Tekna Group,Tekna Group,Tekna Group,"","","",1,Tekna Pty Ltd,.pdf
"",TD Solvency ASIC FY15 TD.pdf,Corporate/Tekna Group/TD Solvency ASIC FY15 TD.pdf,.pdf,0,0,"",Tekna Group,Tekna Group,Tekna Group,Tekna Group,"","","",1,Tekna Pty Ltd,.pdf
"",TD Solvency ASIC FY16 TD.pdf,Corporate/Tekna Group/TD Solvency ASIC FY16 TD.pdf,.pdf,0,0,"",Tekna Group,Tekna Group,Tekna Group,Tekna Group,"","","",1,Tekna Pty Ltd,.pdf
"",TD Solvency ASIC FY17 TD.pdf,Corporate/Tekna Group/TD Solvency ASIC FY17 TD.pdf,.pdf,0,0,"",Tekna Group,Tekna Group,Tekna Group,Tekna Group,"","","",1,Tekna Pty Ltd,.pdf
"",TD Solvency ASIC FY19 TD.pdf,Corporate/Tekna Group/TD Solvency ASIC FY19 TD.pdf,.pdf,0,0,"",Tekna Group,Tekna Group,Tekna Group,Tekna Group,"","","",1,Tekna Pty Ltd,.pdf
"",TD Solvency ASIC FY21 TD.pdf,Corporate/Tekna Group/TD Solvency ASIC FY21 TD.pdf,.pdf,0,0,"",Tekna Group,Tekna Group,Tekna Group,Tekna Group,"","","",1,Tekna Pty Ltd,.pdf
"",TD Solvency ASIC FY22 TD.pdf,Corporate/Tekna Group/TD Solvency ASIC FY22 TD.pdf,.pdf,0,0,"",Tekna Group,Tekna Group,Tekna Group,Tekna Group,"","","",1,Tekna Pty Ltd,.pdf
"",TD Solvency ASIC FY23 TD.pdf,Corporate/Tekna Group/TD Solvency ASIC FY23 TD.pdf,.pdf,0,0,"",Tekna Group,Tekna Group,Tekna Group,Tekna Group,"","","",1,Tekna Pty Ltd,.pdf
"",TD Tekna Drafting - View company details - EOFY25.pdf,Corporate/Tekna Group/TD Tekna Drafting - View company details - EOFY25.pdf,.pdf,0,0,"",Tekna Group,Tekna Group,Tekna Group,Tekna Group,"","","",1,Tekna Pty Ltd,.pdf
"",TD CMA-Report-70-COLLETT-STREET-EIGHT-MILE-PLAINS-QLD-4113-71824245-8f1f-42f5-8b28-f5a273c87f05.pdf,Corporate/Tekna Group/TD CMA-Report-70-COLLETT-STREET-EIGHT-MILE-PLAINS-QLD-4113-71824245-8f1f-42f5-8b28-f5a273c87f05.pdf,.pdf,0,0,"",Tekna Group,Tekna Group,Tekna Group,Tekna Group,"","","",1,Tekna Pty Ltd,.pdf
"",TD Current_Title_Search_50497112.pdf,Corporate/Tekna Group/TD Current_Title_Search_50497112.pdf,.pdf,0,0,"",Tekna Group,Tekna Group,Tekna Group,Tekna Group,"","","",1,Tekna Pty Ltd,.pdf
"",TD Deed of Notation - Signed Shared Equity Docs.pdf,Corporate/Tekna Group/TD Deed of Notation - Signed Shared Equity Docs.pdf,.pdf,0,0,"",Tekna Group,Tekna Group,Tekna Group,Tekna Group,"","","",1,Tekna Pty Ltd,.pdf
"",TD Executed - 20240117 - Tekna Pty Ltd - National Mortgage Form.pdf,Corporate/Tekna Group/TD Executed - 20240117 - Tekna Pty Ltd - National Mortgage Form.pdf,.pdf,0,0,"",Tekna Group,Tekna Group,Tekna Group,Tekna Group,"","","",1,Tekna Pty Ltd,.pdf
"",TD GEN Information Certificate.pdf,Corporate/Tekna Group/TD GEN Information Certificate.pdf,.pdf,0,0,"",Tekna Group,Tekna Group,Tekna Group,Tekna Group,"","","",1,Tekna Pty Ltd,.pdf
"",TD HOME-2311-Valuation Report [SIGNED] 21-Nov-2023 R.pdf,Corporate/Tekna Group/TD HOME-2311-Valuation Report [SIGNED] 21-Nov-2023 R.pdf,.pdf,0,0,"",Tekna Group,Tekna Group,Tekna Group,Tekna Group,"","","",1,Tekna Pty Ltd,.pdf
"",TD How to Pay.xlsx,Corporate/Tekna Group/TD How to Pay.xlsx,.xlsx,0,0,"",Tekna Group,Tekna Group,Tekna Group,Tekna Group,"","","",1,Tekna Pty Ltd,.xlsx
"",TD Neville Street Breakup of Funds.pdf,Corporate/Tekna Group/TD Neville Street Breakup of Funds.pdf,.pdf,0,0,"",Tekna Group,Tekna Group,Tekna Group,Tekna Group,"","","",1,Tekna Pty Ltd,.pdf
"",TD NEVILLES PLACE CTS 32586 LOT 5 CMS.pdf,Corporate/Tekna Group/TD NEVILLES PLACE CTS 32586 LOT 5 CMS.pdf,.pdf,0,0,"",Tekna Group,Tekna Group,Tekna Group,Tekna Group,"","","",1,Tekna Pty Ltd,.pdf
"",TD NEVILLES PLACE CTS 32586 LOT 5 Disc Invoice.pdf,Corporate/Tekna Group/TD NEVILLES PLACE CTS 32586 LOT 5 Disc Invoice.pdf,.pdf,0,0,"",Tekna Group,Tekna Group,Tekna Group,Tekna Group,"","","",1,Tekna Pty Ltd,.pdf
"",TD NEVILLES PLACE CTS 32586 LOT 5 Disc.pdf,Corporate/Tekna Group/TD NEVILLES PLACE CTS 32586 LOT 5 Disc.pdf,.pdf,0,0,"",Tekna Group,Tekna Group,Tekna Group,Tekna Group,"","","",1,Tekna Pty Ltd,.pdf
"",TD Signed Purchase Contract - Neville St - COS.pdf,Corporate/Tekna Group/TD Signed Purchase Contract - Neville St - COS.pdf,.pdf,0,0,"",Tekna Group,Tekna Group,Tekna Group,Tekna Group,"","","",1,Tekna Pty Ltd,.pdf
"",TD Singed doc - waiting on aron.pdf,Corporate/Tekna Group/TD Singed doc - waiting on aron.pdf,.pdf,0,0,"",Tekna Group,Tekna Group,Tekna Group,Tekna Group,"","","",1,Tekna Pty Ltd,.pdf
"",TD Tekna Pty Ltd.Deed of Variation.240117.DRAFT.docx,Corporate/Tekna Group/TD Tekna Pty Ltd.Deed of Variation.240117.DRAFT.docx,.docx,0,0,"",Tekna Group,Tekna Group,Tekna Group,Tekna Group,"","","",1,Tekna Pty Ltd,.docx
"",TD VAL A001 7 Wallaby Parade Rochedale 13-11-2023.pdf,Corporate/Tekna Group/TD VAL A001 7 Wallaby Parade Rochedale 13-11-2023.pdf,.pdf,0,0,"",Tekna Group,Tekna Group,Tekna Group,Tekna Group,"","","",1,Tekna Pty Ltd,.pdf
"",TD ATO Account Summary 01-07-2025.pdf,Corporate/Tekna Group/TD ATO Account Summary 01-07-2025.pdf,.pdf,0,0,"",Tekna Group,Tekna Group,Tekna Group,Tekna Group,"","","",1,Tekna Pty Ltd,.pdf
"",TD ATO BAS and Income Tax Statement 2262022 - 26062024 26-06-2024.pdf,Corporate/Tekna Group/TD ATO BAS and Income Tax Statement 2262022 - 26062024 26-06-2024.pdf,.pdf,0,0,"",Tekna Group,Tekna Group,Tekna Group,Tekna Group,"","","",1,Tekna Pty Ltd,.pdf
"",TD ATO Income tax 551.pdf,Corporate/Tekna Group/TD ATO Income tax 551.pdf,.pdf,0,0,"",Tekna Group,Tekna Group,Tekna Group,Tekna Group,"","","",1,Tekna Pty Ltd,.pdf
"",TD ATO Notice Amended Assessment FY20 18-10-2022.pdf,Corporate/Tekna Group/TD ATO Notice Amended Assessment FY20 18-10-2022.pdf,.pdf,0,0,"",Tekna Group,Tekna Group,Tekna Group,Tekna Group,"","","",1,Tekna Pty Ltd,.pdf
"",TD ATO Revised Tax Return FY22 - Pitcher Partners.pdf,Corporate/Tekna Group/TD ATO Revised Tax Return FY22 - Pitcher Partners.pdf,.pdf,0,0,"",Tekna Group,Tekna Group,Tekna Group,Tekna Group,"","","",1,Tekna Pty Ltd,.pdf
"",TD ATO Tax Return FY21 TD.pdf,Corporate/Tekna Group/TD ATO Tax Return FY21 TD.pdf,.pdf,0,0,"",Tekna Group,Tekna Group,Tekna Group,Tekna Group,"","","",1,Tekna Pty Ltd,.pdf
"",TD ATO Tax Return FY22 TD.pdf,Corporate/Tekna Group/TD ATO Tax Return FY22 TD.pdf,.pdf,0,0,"",Tekna Group,Tekna Group,Tekna Group,Tekna Group,"","","",1,Tekna Pty Ltd,.pdf
"",TD BAS Q1 FY24.pdf,Corporate/Tekna Group/TD BAS Q1 FY24.pdf,.pdf,0,0,"",Tekna Group,Tekna Group,Tekna Group,Tekna Group,"","","",1,Tekna Pty Ltd,.pdf
"",TD BAS Q4 FY24.pdf,Corporate/Tekna Group/TD BAS Q4 FY24.pdf,.pdf,0,0,"",Tekna Group,Tekna Group,Tekna Group,Tekna Group,"","","",1,Tekna Pty Ltd,.pdf
"",TD BAS Statement 26-06-2022 to 26-06-2024 (26-06-2024).pdf,Corporate/Tekna Group/TD BAS Statement 26-06-2022 to 26-06-2024 (26-06-2024).pdf,.pdf,0,0,"",Tekna Group,Tekna Group,Tekna Group,Tekna Group,"","","",1,Tekna Pty Ltd,.pdf
"",TD CTR FY20 S.pdf,Corporate/Tekna Group/TD CTR FY20 S.pdf,.pdf,0,0,"",Tekna Group,Tekna Group,Tekna Group,Tekna Group,"","","",1,Tekna Pty Ltd,.pdf
"",TD CTR FY20 US.pdf,Corporate/Tekna Group/TD CTR FY20 US.pdf,.pdf,0,0,"",Tekna Group,Tekna Group,Tekna Group,Tekna Group,"","","",1,Tekna Pty Ltd,.pdf
"",TD CTR FY21 Amendments US.pdf,Corporate/Tekna Group/TD CTR FY21 Amendments US.pdf,.pdf,0,0,"",Tekna Group,Tekna Group,Tekna Group,Tekna Group,"","","",1,Tekna Pty Ltd,.pdf
"",TD Income Tax Statement 26-06-2022 to 26-06-2024 (26-06-2024).pdf,Corporate/Tekna Group/TD Income Tax Statement 26-06-2022 to 26-06-2024 (26-06-2024).pdf,.pdf,0,0,"",Tekna Group,Tekna Group,Tekna Group,Tekna Group,"","","",1,Tekna Pty Ltd,.pdf
"",TD TFN Advice.pdf,Corporate/Tekna Group/TD TFN Advice.pdf,.pdf,0,0,"",Tekna Group,Tekna Group,Tekna Group,Tekna Group,"","","",1,Tekna Pty Ltd,.pdf
"",TD 01. Tekna Drafting  WBC 699 626  FY25.pdf,Corporate/Tekna Group/TD 01. Tekna Drafting  WBC 699 626  FY25.pdf,.pdf,0,0,"",Tekna Group,Tekna Group,Tekna Group,Tekna Group,"","","",1,Tekna Pty Ltd,.pdf
"",TD 02. Tekna Drafting  WBC 699 626  FY25.pdf,Corporate/Tekna Group/TD 02. Tekna Drafting  WBC 699 626  FY25.pdf,.pdf,0,0,"",Tekna Group,Tekna Group,Tekna Group,Tekna Group,"","","",1,Tekna Pty Ltd,.pdf
"",TD 03. Tekna Drafting  WBC 699 626  FY25.pdf,Corporate/Tekna Group/TD 03. Tekna Drafting  WBC 699 626  FY25.pdf,.pdf,0,0,"",Tekna Group,Tekna Group,Tekna Group,Tekna Group,"","","",1,Tekna Pty Ltd,.pdf
"",TD 04. Tekna Drafting  WBC 699 626  FY25.pdf,Corporate/Tekna Group/TD 04. Tekna Drafting  WBC 699 626  FY25.pdf,.pdf,0,0,"",Tekna Group,Tekna Group,Tekna Group,Tekna Group,"","","",1,Tekna Pty Ltd,.pdf
"",TD Bank Statement EOY FY23.pdf,Corporate/Tekna Group/TD Bank Statement EOY FY23.pdf,.pdf,0,0,"",Tekna Group,Tekna Group,Tekna Group,Tekna Group,"","","",1,Tekna Pty Ltd,.pdf
"",TD EOY NAB 922875532 FY22 TD.pdf,Corporate/Tekna Group/TD EOY NAB 922875532 FY22 TD.pdf,.pdf,0,0,"",Tekna Group,Tekna Group,Tekna Group,Tekna Group,"","","",1,Tekna Pty Ltd,.pdf
"",TD EOY NAB 922875532 FY24 TD.pdf,Corporate/Tekna Group/TD EOY NAB 922875532 FY24 TD.pdf,.pdf,0,0,"",Tekna Group,Tekna Group,Tekna Group,Tekna Group,"","","",1,Tekna Pty Ltd,.pdf
"",TD EOY WBC 699626 FY24 TD.pdf,Corporate/Tekna Group/TD EOY WBC 699626 FY24 TD.pdf,.pdf,0,0,"",Tekna Group,Tekna Group,Tekna Group,Tekna Group,"","","",1,Tekna Pty Ltd,.pdf
"",TD 20240117 - Tekna Pty Ltd - Mortgage Registration Confirmation Statement - Logan Property.pdf,Corporate/Tekna Group/TD 20240117 - Tekna Pty Ltd - Mortgage Registration Confirmation Statement - Logan Property.pdf,.pdf,0,0,"",Tekna Group,Tekna Group,Tekna Group,Tekna Group,"","","",1,Tekna Pty Ltd,.pdf
"",TD ATO Activity statement 001.pdf,Corporate/Tekna Group/TD ATO Activity statement 001.pdf,.pdf,0,0,"",Tekna Group,Tekna Group,Tekna Group,Tekna Group,"","","",1,Tekna Pty Ltd,.pdf
"",TD Registration Confirmation Statement - Khiroya.pdf,Corporate/Tekna Group/TD Registration Confirmation Statement - Khiroya.pdf,.pdf,0,0,"",Tekna Group,Tekna Group,Tekna Group,Tekna Group,"","","",1,Tekna Pty Ltd,.pdf
"",TD Registration Confirmation Statement - Mansfield.pdf,Corporate/Tekna Group/TD Registration Confirmation Statement - Mansfield.pdf,.pdf,0,0,"",Tekna Group,Tekna Group,Tekna Group,Tekna Group,"","","",1,Tekna Pty Ltd,.pdf
"",TD Verification Statement HOH from TD.pdf,Corporate/Tekna Group/TD Verification Statement HOH from TD.pdf,.pdf,0,0,"",Tekna Group,Tekna Group,Tekna Group,Tekna Group,"","","",1,Tekna Pty Ltd,.pdf
"",TD Verification Statement TA from TD.pdf,Corporate/Tekna Group/TD Verification Statement TA from TD.pdf,.pdf,0,0,"",Tekna Group,Tekna Group,Tekna Group,Tekna Group,"","","",1,Tekna Pty Ltd,.pdf
"",TD Verification Statement TH from TD.pdf,Corporate/Tekna Group/TD Verification Statement TH from TD.pdf,.pdf,0,0,"",Tekna Group,Tekna Group,Tekna Group,Tekna Group,"","","",1,Tekna Pty Ltd,.pdf
"",TD Constitution TD.pdf,Corporate/Tekna Group/TD Constitution TD.pdf,.pdf,0,0,"",Tekna Group,Tekna Group,Tekna Group,Tekna Group,"","","",1,Tekna Pty Ltd,.pdf
"",TD Board Resolution Loans HOH TD.pdf,Corporate/Tekna Group/TD Board Resolution Loans HOH TD.pdf,.pdf,0,0,"",Tekna Group,Tekna Group,Tekna Group,Tekna Group,"","","",1,Tekna Pty Ltd,.pdf
"",TD Board Resolution Loans TD.pdf,Corporate/Tekna Group/TD Board Resolution Loans TD.pdf,.pdf,0,0,"",Tekna Group,Tekna Group,Tekna Group,Tekna Group,"","","",1,Tekna Pty Ltd,.pdf
"",TD Board Resolution Loans Tekna Homes TD.pdf,Corporate/Tekna Group/TD Board Resolution Loans Tekna Homes TD.pdf,.pdf,0,0,"",Tekna Group,Tekna Group,Tekna Group,Tekna Group,"","","",1,Tekna Pty Ltd,.pdf
"",TD Deed of Guarantee and Indemnity Signed James and Andrew.pdf,Corporate/Tekna Group/TD Deed of Guarantee and Indemnity Signed James and Andrew.pdf,.pdf,0,0,"",Tekna Group,Tekna Group,Tekna Group,Tekna Group,"","","",1,Tekna Pty Ltd,.pdf
"",TD L001 LAD to TeknaAdmin 01-01-2025.pdf,Corporate/Tekna Group/TD L001 LAD to TeknaAdmin 01-01-2025.pdf,.pdf,0,0,"",Tekna Group,Tekna Group,Tekna Group,Tekna Group,"","","",1,Tekna Pty Ltd,.pdf
"",TD L001 PPSR HOH 02-11-2023.pdf,Corporate/Tekna Group/TD L001 PPSR HOH 02-11-2023.pdf,.pdf,0,0,"",Tekna Group,Tekna Group,Tekna Group,Tekna Group,"","","",1,Tekna Pty Ltd,.pdf
"",TD Loan HOH from TD.pdf,Corporate/Tekna Group/TD Loan HOH from TD.pdf,.pdf,0,0,"",Tekna Group,Tekna Group,Tekna Group,Tekna Group,"","","",1,Tekna Pty Ltd,.pdf
"",TD Loan Tekna Homes from TD.pdf,Corporate/Tekna Group/TD Loan Tekna Homes from TD.pdf,.pdf,0,0,"",Tekna Group,Tekna Group,Tekna Group,Tekna Group,"","","",1,Tekna Pty Ltd,.pdf
"",TD Mortgage - Resignation Confirmation Letter.final.pdf,Corporate/Tekna Group/TD Mortgage - Resignation Confirmation Letter.final.pdf,.pdf,0,0,"",Tekna Group,Tekna Group,Tekna Group,Tekna Group,"","","",1,Tekna Pty Ltd,.pdf
"",TD Mortgage Signed James and Andrew.pdf,Corporate/Tekna Group/TD Mortgage Signed James and Andrew.pdf,.pdf,0,0,"",Tekna Group,Tekna Group,Tekna Group,Tekna Group,"","","",1,Tekna Pty Ltd,.pdf
"",TD Mortgage Signed James and Legal Vision.pdf,Corporate/Tekna Group/TD Mortgage Signed James and Legal Vision.pdf,.pdf,0,0,"",Tekna Group,Tekna Group,Tekna Group,Tekna Group,"","","",1,Tekna Pty Ltd,.pdf
"",TD Security Deed HOH from TD.pdf,Corporate/Tekna Group/TD Security Deed HOH from TD.pdf,.pdf,0,0,"",Tekna Group,Tekna Group,Tekna Group,Tekna Group,"","","",1,Tekna Pty Ltd,.pdf
"",TD Security Deed Tekna Admin from TD.pdf,Corporate/Tekna Group/TD Security Deed Tekna Admin from TD.pdf,.pdf,0,0,"",Tekna Group,Tekna Group,Tekna Group,Tekna Group,"","","",1,Tekna Pty Ltd,.pdf
"",TD Security Deed Tekna Homes from TD.pdf,Corporate/Tekna Group/TD Security Deed Tekna Homes from TD.pdf,.pdf,0,0,"",Tekna Group,Tekna Group,Tekna Group,Tekna Group,"","","",1,Tekna Pty Ltd,.pdf
"",TD Token Issued TA from TD.pdf,Corporate/Tekna Group/TD Token Issued TA from TD.pdf,.pdf,0,0,"",Tekna Group,Tekna Group,Tekna Group,Tekna Group,"","","",1,Tekna Pty Ltd,.pdf
"",TD Token Issued TH from TD.pdf,Corporate/Tekna Group/TD Token Issued TH from TD.pdf,.pdf,0,0,"",Tekna Group,Tekna Group,Tekna Group,Tekna Group,"","","",1,Tekna Pty Ltd,.pdf
"",TD Minutes to Transfer Shares 25102021 TD.pdf,Corporate/Tekna Group/TD Minutes to Transfer Shares 25102021 TD.pdf,.pdf,0,0,"",Tekna Group,Tekna Group,Tekna Group,Tekna Group,"","","",1,Tekna Pty Ltd,.pdf
"",TD Company Setup and Members Info TD.pdf,Corporate/Tekna Group/TD Company Setup and Members Info TD.pdf,.pdf,0,0,"",Tekna Group,Tekna Group,Tekna Group,Tekna Group,"","","",1,Tekna Pty Ltd,.pdf
"",TD Register of Members Setup TD.pdf,Corporate/Tekna Group/TD Register of Members Setup TD.pdf,.pdf,0,0,"",Tekna Group,Tekna Group,Tekna Group,Tekna Group,"","","",1,Tekna Pty Ltd,.pdf
"",TD Register of Members.xlsx,Corporate/Tekna Group/TD Register of Members.xlsx,.xlsx,0,0,"",Tekna Group,Tekna Group,Tekna Group,Tekna Group,"","","",1,Tekna Pty Ltd,.xlsx
"",TEK 20231211.LV.Tekna Pty Ltd.Share Application Form (PROV).pdf,Corporate/Tekna Group/TEK 20231211.LV.Tekna Pty Ltd.Share Application Form (PROV).pdf,.pdf,0,0,"",Tekna Group,Tekna Group,Tekna Group,Tekna Group,"","","",1,Tekna Pty Ltd,.pdf
"",TEK 20231211.LV.Tekna Pty Ltd.Share Application Form (Sam).pdf,Corporate/Tekna Group/TEK 20231211.LV.Tekna Pty Ltd.Share Application Form (Sam).pdf,.pdf,0,0,"",Tekna Group,Tekna Group,Tekna Group,Tekna Group,"","","",1,Tekna Pty Ltd,.pdf
"",TEK 484_invoice_190428990.pdf,Corporate/Tekna Group/TEK 484_invoice_190428990.pdf,.pdf,0,0,"",Tekna Group,Tekna Group,Tekna Group,Tekna Group,"","","",1,Tekna Pty Ltd,.pdf
"",TEK Annual Solvency Minutes Tekna.pdf,Corporate/Tekna Group/TEK Annual Solvency Minutes Tekna.pdf,.pdf,0,0,"",Tekna Group,Tekna Group,Tekna Group,Tekna Group,"","","",1,Tekna Pty Ltd,.pdf
"",TEK Application for Shares Jonathan Lance Ament Tekna.docx,Corporate/Tekna Group/TEK Application for Shares Jonathan Lance Ament Tekna.docx,.docx,0,0,"",Tekna Group,Tekna Group,Tekna Group,Tekna Group,"","","",1,Tekna Pty Ltd,.docx
"",TEK Application for Shares Plug Developments Tekna.docx,Corporate/Tekna Group/TEK Application for Shares Plug Developments Tekna.docx,.docx,0,0,"",Tekna Group,Tekna Group,Tekna Group,Tekna Group,"","","",1,Tekna Pty Ltd,.docx
"",TEK Application for Shares Tekna .docx,Corporate/Tekna Group/TEK Application for Shares Tekna .docx,.docx,0,0,"",Tekna Group,Tekna Group,Tekna Group,Tekna Group,"","","",1,Tekna Pty Ltd,.docx
"",TEK ASIC Shareholding Change Tekna.pdf,Corporate/Tekna Group/TEK ASIC Shareholding Change Tekna.pdf,.pdf,0,0,"",Tekna Group,Tekna Group,Tekna Group,Tekna Group,"","","",1,Tekna Pty Ltd,.pdf
"",TEK ASIC TEKNA WITH UPDATED SHARE HOLDING 23122023.pdf,Corporate/Tekna Group/TEK ASIC TEKNA WITH UPDATED SHARE HOLDING 23122023.pdf,.pdf,0,0,"",Tekna Group,Tekna Group,Tekna Group,Tekna Group,"","","",1,Tekna Pty Ltd,.pdf
"",TEK ASIC Updated Share Register 22122023.pdf,Corporate/Tekna Group/TEK ASIC Updated Share Register 22122023.pdf,.pdf,0,0,"",Tekna Group,Tekna Group,Tekna Group,Tekna Group,"","","",1,Tekna Pty Ltd,.pdf
"",TEK Certificate of Registration Tekna.pdf,Corporate/Tekna Group/TEK Certificate of Registration Tekna.pdf,.pdf,0,0,"",Tekna Group,Tekna Group,Tekna Group,Tekna Group,"","","",1,Tekna Pty Ltd,.pdf
"",TEK Change of Address Tekna.pdf,Corporate/Tekna Group/TEK Change of Address Tekna.pdf,.pdf,0,0,"",Tekna Group,Tekna Group,Tekna Group,Tekna Group,"","","",1,Tekna Pty Ltd,.pdf
"",TEK Change of Register of Members Tekna.pdf,Corporate/Tekna Group/TEK Change of Register of Members Tekna.pdf,.pdf,0,0,"",Tekna Group,Tekna Group,Tekna Group,Tekna Group,"","","",1,Tekna Pty Ltd,.pdf
"",TEK Corporate Key Tekna.pdf,Corporate/Tekna Group/TEK Corporate Key Tekna.pdf,.pdf,0,0,"",Tekna Group,Tekna Group,Tekna Group,Tekna Group,"","","",1,Tekna Pty Ltd,.pdf
"",TEK Debtor's Ledger Report EOFY25.pdf,Corporate/Tekna Group/TEK Debtor's Ledger Report EOFY25.pdf,.pdf,0,0,"",Tekna Group,Tekna Group,Tekna Group,Tekna Group,"","","",1,Tekna Pty Ltd,.pdf
"",TEK EOY ASIC FY22 Tekna.pdf,Corporate/Tekna Group/TEK EOY ASIC FY22 Tekna.pdf,.pdf,0,0,"",Tekna Group,Tekna Group,Tekna Group,Tekna Group,"","","",1,Tekna Pty Ltd,.pdf
"",TEK EOY ASIC FY23 Tekna.pdf,Corporate/Tekna Group/TEK EOY ASIC FY23 Tekna.pdf,.pdf,0,0,"",Tekna Group,Tekna Group,Tekna Group,Tekna Group,"","","",1,Tekna Pty Ltd,.pdf
"",TEK EOY ASIC FY24 Tekna.pdf,Corporate/Tekna Group/TEK EOY ASIC FY24 Tekna.pdf,.pdf,0,0,"",Tekna Group,Tekna Group,Tekna Group,Tekna Group,"","","",1,Tekna Pty Ltd,.pdf
"",TEK Registered Office Multiplace Tekna.pdf,Corporate/Tekna Group/TEK Registered Office Multiplace Tekna.pdf,.pdf,0,0,"",Tekna Group,Tekna Group,Tekna Group,Tekna Group,"","","",1,Tekna Pty Ltd,.pdf
"",TEK Tekna PTY LTD ASIC Annual Review 2025.pdf,Corporate/Tekna Group/TEK Tekna PTY LTD ASIC Annual Review 2025.pdf,.pdf,0,0,"",Tekna Group,Tekna Group,Tekna Group,Tekna Group,"","","",1,Tekna Pty Ltd,.pdf
"",TEK Tekna Pty Ltd ASIC Extract 18102023.pdf,Corporate/Tekna Group/TEK Tekna Pty Ltd ASIC Extract 18102023.pdf,.pdf,0,0,"",Tekna Group,Tekna Group,Tekna Group,Tekna Group,"","","",1,Tekna Pty Ltd,.pdf
"",TEK Tekna View company details - EOFY25.pdf,Corporate/Tekna Group/TEK Tekna View company details - EOFY25.pdf,.pdf,0,0,"",Tekna Group,Tekna Group,Tekna Group,Tekna Group,"","","",1,Tekna Pty Ltd,.pdf
"",TEK Tekna Homes 29112023 View company details.pdf,Corporate/Tekna Group/TEK Tekna Homes 29112023 View company details.pdf,.pdf,0,0,"",Tekna Group,Tekna Group,Tekna Group,Tekna Group,"","","",1,Tekna Pty Ltd,.pdf
"",TEK Tekna Homes Resolution Issue New Shares.pdf,Corporate/Tekna Group/TEK Tekna Homes Resolution Issue New Shares.pdf,.pdf,0,0,"",Tekna Group,Tekna Group,Tekna Group,Tekna Group,"","","",1,Tekna Pty Ltd,.pdf
"",TEK Tekna Homes Share Register.pdf,Corporate/Tekna Group/TEK Tekna Homes Share Register.pdf,.pdf,0,0,"",Tekna Group,Tekna Group,Tekna Group,Tekna Group,"","","",1,Tekna Pty Ltd,.pdf
"",TEK Tekna Resolution Share Purchase.pdf,Corporate/Tekna Group/TEK Tekna Resolution Share Purchase.pdf,.pdf,0,0,"",Tekna Group,Tekna Group,Tekna Group,Tekna Group,"","","",1,Tekna Pty Ltd,.pdf
"",TEK ATO Account Summary.pdf,Corporate/Tekna Group/TEK ATO Account Summary.pdf,.pdf,0,0,"",Tekna Group,Tekna Group,Tekna Group,Tekna Group,"","","",1,Tekna Pty Ltd,.pdf
"",TEK ATO Income tax 001.pdf,Corporate/Tekna Group/TEK ATO Income tax 001.pdf,.pdf,0,0,"",Tekna Group,Tekna Group,Tekna Group,Tekna Group,"","","",1,Tekna Pty Ltd,.pdf
"",TEK Company Tax Return FY23 Tekna.pdf,Corporate/Tekna Group/TEK Company Tax Return FY23 Tekna.pdf,.pdf,0,0,"",Tekna Group,Tekna Group,Tekna Group,Tekna Group,"","","",1,Tekna Pty Ltd,.pdf
"",TEK Consolidated Tax Return FY22 Tekna Group.pdf,Corporate/Tekna Group/TEK Consolidated Tax Return FY22 Tekna Group.pdf,.pdf,0,0,"",Tekna Group,Tekna Group,Tekna Group,Tekna Group,"","","",1,Tekna Pty Ltd,.pdf
"",TEK Consolidated Tax Return FY23 Tekna Group.pdf,Corporate/Tekna Group/TEK Consolidated Tax Return FY23 Tekna Group.pdf,.pdf,0,0,"",Tekna Group,Tekna Group,Tekna Group,Tekna Group,"","","",1,Tekna Pty Ltd,.pdf
"",TEK Consolidated Tax Return FY23 Tekna.pdf,Corporate/Tekna Group/TEK Consolidated Tax Return FY23 Tekna.pdf,.pdf,0,0,"",Tekna Group,Tekna Group,Tekna Group,Tekna Group,"","","",1,Tekna Pty Ltd,.pdf
"",TEK Consolidated Tax Return FY24 Tekna Group.pdf,Corporate/Tekna Group/TEK Consolidated Tax Return FY24 Tekna Group.pdf,.pdf,0,0,"",Tekna Group,Tekna Group,Tekna Group,Tekna Group,"","","",1,Tekna Pty Ltd,.pdf
"",TEK EOY ATO FY24 Tekna.pdf,Corporate/Tekna Group/TEK EOY ATO FY24 Tekna.pdf,.pdf,0,0,"",Tekna Group,Tekna Group,Tekna Group,Tekna Group,"","","",1,Tekna Pty Ltd,.pdf
"",TEK Tekna BAS Report April-June 2024FY.pdf,Corporate/Tekna Group/TEK Tekna BAS Report April-June 2024FY.pdf,.pdf,0,0,"",Tekna Group,Tekna Group,Tekna Group,Tekna Group,"","","",1,Tekna Pty Ltd,.pdf
"",TEK Tekna BAS Report Jan-March 2024FY 2.pdf,Corporate/Tekna Group/TEK Tekna BAS Report Jan-March 2024FY 2.pdf,.pdf,0,0,"",Tekna Group,Tekna Group,Tekna Group,Tekna Group,"","","",1,Tekna Pty Ltd,.pdf
"",TEK EOY NAB 199211357 FY22 Tekna.pdf,Corporate/Tekna Group/TEK EOY NAB 199211357 FY22 Tekna.pdf,.pdf,0,0,"",Tekna Group,Tekna Group,Tekna Group,Tekna Group,"","","",1,Tekna Pty Ltd,.pdf
"",TEK EOY NAB 199211357 FY23 Tekna.pdf,Corporate/Tekna Group/TEK EOY NAB 199211357 FY23 Tekna.pdf,.pdf,0,0,"",Tekna Group,Tekna Group,Tekna Group,Tekna Group,"","","",1,Tekna Pty Ltd,.pdf
"",TEK EOY NAB 199211357 FY24 Tekna.pdf,Corporate/Tekna Group/TEK EOY NAB 199211357 FY24 Tekna.pdf,.pdf,0,0,"",Tekna Group,Tekna Group,Tekna Group,Tekna Group,"","","",1,Tekna Pty Ltd,.pdf
"",TEK EOY WBC 699618 FY24 Tekna.pdf,Corporate/Tekna Group/TEK EOY WBC 699618 FY24 Tekna.pdf,.pdf,0,0,"",Tekna Group,Tekna Group,Tekna Group,Tekna Group,"","","",1,Tekna Pty Ltd,.pdf
"",TEK 1. Tekna WBC Statement 699 618.pdf,Corporate/Tekna Group/TEK 1. Tekna WBC Statement 699 618.pdf,.pdf,0,0,"",Tekna Group,Tekna Group,Tekna Group,Tekna Group,"","","",1,Tekna Pty Ltd,.pdf
"",TEK 2. Tekna WBC Statement 699 618.pdf,Corporate/Tekna Group/TEK 2. Tekna WBC Statement 699 618.pdf,.pdf,0,0,"",Tekna Group,Tekna Group,Tekna Group,Tekna Group,"","","",1,Tekna Pty Ltd,.pdf
"",TEK 20231017.LV.Tekna Pty Ltd.Deed of Amendment and Restatement (Loan Agreement between GEN2612 and Tekna.pdf,Corporate/Tekna Group/TEK 20231017.LV.Tekna Pty Ltd.Deed of Amendment and Restatement (Loan Agreement between GEN2612 and Tekna.pdf,.pdf,0,0,"",Tekna Group,Tekna Group,Tekna Group,Tekna Group,"","","",1,Tekna Pty Ltd,.pdf
"",TEK 20231017.LV.Tekna Pty Ltd.Deed of Amendment and Restatement (Security Deed between GEN2612 and Tekna.pdf,Corporate/Tekna Group/TEK 20231017.LV.Tekna Pty Ltd.Deed of Amendment and Restatement (Security Deed between GEN2612 and Tekna.pdf,.pdf,0,0,"",Tekna Group,Tekna Group,Tekna Group,Tekna Group,"","","",1,Tekna Pty Ltd,.pdf
"",TEK 3. Tekna WBC Statement 699 618.pdf,Corporate/Tekna Group/TEK 3. Tekna WBC Statement 699 618.pdf,.pdf,0,0,"",Tekna Group,Tekna Group,Tekna Group,Tekna Group,"","","",1,Tekna Pty Ltd,.pdf
"",TEK 4. Tekna WBC Statement 699 618.pdf,Corporate/Tekna Group/TEK 4. Tekna WBC Statement 699 618.pdf,.pdf,0,0,"",Tekna Group,Tekna Group,Tekna Group,Tekna Group,"","","",1,Tekna Pty Ltd,.pdf
"",TEK ATO Activity statement 002.pdf,Corporate/Tekna Group/TEK ATO Activity statement 002.pdf,.pdf,0,0,"",Tekna Group,Tekna Group,Tekna Group,Tekna Group,"","","",1,Tekna Pty Ltd,.pdf
"",TEK ATO Activity statement 003.pdf,Corporate/Tekna Group/TEK ATO Activity statement 003.pdf,.pdf,0,0,"",Tekna Group,Tekna Group,Tekna Group,Tekna Group,"","","",1,Tekna Pty Ltd,.pdf
"",TEK Verification statement for 202204070045778.pdf,Corporate/Tekna Group/TEK Verification statement for 202204070045778.pdf,.pdf,0,0,"",Tekna Group,Tekna Group,Tekna Group,Tekna Group,"","","",1,Tekna Pty Ltd,.pdf
"",TEK Verification statement for 202311070015436.pdf,Corporate/Tekna Group/TEK Verification statement for 202311070015436.pdf,.pdf,0,0,"",Tekna Group,Tekna Group,Tekna Group,Tekna Group,"","","",1,Tekna Pty Ltd,.pdf
"",TEK Constitution Tekna.docx,Corporate/Tekna Group/TEK Constitution Tekna.docx,.docx,0,0,"",Tekna Group,Tekna Group,Tekna Group,Tekna Group,"","","",1,Tekna Pty Ltd,.docx
"",TEK Constitution Tekna.pdf,Corporate/Tekna Group/TEK Constitution Tekna.pdf,.pdf,0,0,"",Tekna Group,Tekna Group,Tekna Group,Tekna Group,"","","",1,Tekna Pty Ltd,.pdf
"",TEK 20231017.LV.Tekna Pty Ltd.Board Resolution.Intercompany Loans.pdf,Corporate/Tekna Group/TEK 20231017.LV.Tekna Pty Ltd.Board Resolution.Intercompany Loans.pdf,.pdf,0,0,"",Tekna Group,Tekna Group,Tekna Group,Tekna Group,"","","",1,Tekna Pty Ltd,.pdf
"",TEK 20231017.LV.Tekna Pty Ltd.General Security Deed (GEN2612 to Tekna).pdf,Corporate/Tekna Group/TEK 20231017.LV.Tekna Pty Ltd.General Security Deed (GEN2612 to Tekna).pdf,.pdf,0,0,"",Tekna Group,Tekna Group,Tekna Group,Tekna Group,"","","",1,Tekna Pty Ltd,.pdf
"",TEK 20231017.LV.Tekna Pty Ltd.General Security Deed (Plug Investments to Tekna).pdf,Corporate/Tekna Group/TEK 20231017.LV.Tekna Pty Ltd.General Security Deed (Plug Investments to Tekna).pdf,.pdf,0,0,"",Tekna Group,Tekna Group,Tekna Group,Tekna Group,"","","",1,Tekna Pty Ltd,.pdf
"",TEK 20231017.LV.Tekna Pty Ltd.Secured Loan Deed (Plug Investments to Tekna).pdf,Corporate/Tekna Group/TEK 20231017.LV.Tekna Pty Ltd.Secured Loan Deed (Plug Investments to Tekna).pdf,.pdf,0,0,"",Tekna Group,Tekna Group,Tekna Group,Tekna Group,"","","",1,Tekna Pty Ltd,.pdf
"",TEK 20231020.LV.Tekna Pty Ltd.Secured Loan Deed (GEN2612 to Tekna).pdf,Corporate/Tekna Group/TEK 20231020.LV.Tekna Pty Ltd.Secured Loan Deed (GEN2612 to Tekna).pdf,.pdf,0,0,"",Tekna Group,Tekna Group,Tekna Group,Tekna Group,"","","",1,Tekna Pty Ltd,.pdf
"",TEK Loan Agreement - Gen2612 & Tekna.pdf,Corporate/Tekna Group/TEK Loan Agreement - Gen2612 & Tekna.pdf,.pdf,0,0,"",Tekna Group,Tekna Group,Tekna Group,Tekna Group,"","","",1,Tekna Pty Ltd,.pdf
"",TEK PPSR.pdf,Corporate/Tekna Group/TEK PPSR.pdf,.pdf,0,0,"",Tekna Group,Tekna Group,Tekna Group,Tekna Group,"","","",1,Tekna Pty Ltd,.pdf
"",TEK Security Deed - Tekna & GEN2612.pdf,Corporate/Tekna Group/TEK Security Deed - Tekna & GEN2612.pdf,.pdf,0,0,"",Tekna Group,Tekna Group,Tekna Group,Tekna Group,"","","",1,Tekna Pty Ltd,.pdf
"",TEK Token Issued for 202204070045778.pdf,Corporate/Tekna Group/TEK Token Issued for 202204070045778.pdf,.pdf,0,0,"",Tekna Group,Tekna Group,Tekna Group,Tekna Group,"","","",1,Tekna Pty Ltd,.pdf
"",TEK Token Issued for 202311070015436.pdf,Corporate/Tekna Group/TEK Token Issued for 202311070015436.pdf,.pdf,0,0,"",Tekna Group,Tekna Group,Tekna Group,Tekna Group,"","","",1,Tekna Pty Ltd,.pdf
"",TEK Gen2612 Minutes to Lend Money to Tekna.pdf,Corporate/Tekna Group/TEK Gen2612 Minutes to Lend Money to Tekna.pdf,.pdf,0,0,"",Tekna Group,Tekna Group,Tekna Group,Tekna Group,"","","",1,Tekna Pty Ltd,.pdf
"",TEK Minutes - GEN2612.pdf,Corporate/Tekna Group/TEK Minutes - GEN2612.pdf,.pdf,0,0,"",Tekna Group,Tekna Group,Tekna Group,Tekna Group,"","","",1,Tekna Pty Ltd,.pdf
"",TEK Minutes - Tekna .pdf,Corporate/Tekna Group/TEK Minutes - Tekna .pdf,.pdf,0,0,"",Tekna Group,Tekna Group,Tekna Group,Tekna Group,"","","",1,Tekna Pty Ltd,.pdf
"",TEK Plug Investments Minutes to Lend Money to Tekna.pdf,Corporate/Tekna Group/TEK Plug Investments Minutes to Lend Money to Tekna.pdf,.pdf,0,0,"",Tekna Group,Tekna Group,Tekna Group,Tekna Group,"","","",1,Tekna Pty Ltd,.pdf
"",TEK 20231211.LV.Tekna Pty Ltd.Board Resolution.Share Issue.pdf,Corporate/Tekna Group/TEK 20231211.LV.Tekna Pty Ltd.Board Resolution.Share Issue.pdf,.pdf,0,0,"",Tekna Group,Tekna Group,Tekna Group,Tekna Group,"","","",1,Tekna Pty Ltd,.pdf
"",TEK 20231211.LV.Tekna Pty Ltd.Members Resolution.Share Issue.pdf,Corporate/Tekna Group/TEK 20231211.LV.Tekna Pty Ltd.Members Resolution.Share Issue.pdf,.pdf,0,0,"",Tekna Group,Tekna Group,Tekna Group,Tekna Group,"","","",1,Tekna Pty Ltd,.pdf
"",TEK 20231211.LV.Tekna Pty Ltd.Share Certificate 1 (PROV).pdf,Corporate/Tekna Group/TEK 20231211.LV.Tekna Pty Ltd.Share Certificate 1 (PROV).pdf,.pdf,0,0,"",Tekna Group,Tekna Group,Tekna Group,Tekna Group,"","","",1,Tekna Pty Ltd,.pdf
"",TEK 20231211.LV.Tekna Pty Ltd.Share Certificate 2 (Sam).pdf,Corporate/Tekna Group/TEK 20231211.LV.Tekna Pty Ltd.Share Certificate 2 (Sam).pdf,.pdf,0,0,"",Tekna Group,Tekna Group,Tekna Group,Tekna Group,"","","",1,Tekna Pty Ltd,.pdf
"",TEK Balance-Sheet-Report.xlsx,Corporate/Tekna Group/TEK Balance-Sheet-Report.xlsx,.xlsx,0,0,"",Tekna Group,Tekna Group,Tekna Group,Tekna Group,"","","",1,Tekna Pty Ltd,.xlsx
"",TEK Circular Board Resolution.pdf,Corporate/Tekna Group/TEK Circular Board Resolution.pdf,.pdf,0,0,"",Tekna Group,Tekna Group,Tekna Group,Tekna Group,"","","",1,Tekna Pty Ltd,.pdf
"",TEK Circular Members Resolution.pdf,Corporate/Tekna Group/TEK Circular Members Resolution.pdf,.pdf,0,0,"",Tekna Group,Tekna Group,Tekna Group,Tekna Group,"","","",1,Tekna Pty Ltd,.pdf
"",TEK Issue New Shares.xlsx,Corporate/Tekna Group/TEK Issue New Shares.xlsx,.xlsx,0,0,"",Tekna Group,Tekna Group,Tekna Group,Tekna Group,"","","",1,Tekna Pty Ltd,.xlsx
"",TEK Profit-Loss-Report.xlsx,Corporate/Tekna Group/TEK Profit-Loss-Report.xlsx,.xlsx,0,0,"",Tekna Group,Tekna Group,Tekna Group,Tekna Group,"","","",1,Tekna Pty Ltd,.xlsx
"",TEK Share Certificate.pdf,Corporate/Tekna Group/TEK Share Certificate.pdf,.pdf,0,0,"",Tekna Group,Tekna Group,Tekna Group,Tekna Group,"","","",1,Tekna Pty Ltd,.pdf
"",TEK Share Transfer Form PFT and THFT Tekna.pdf,Corporate/Tekna Group/TEK Share Transfer Form PFT and THFT Tekna.pdf,.pdf,0,0,"",Tekna Group,Tekna Group,Tekna Group,Tekna Group,"","","",1,Tekna Pty Ltd,.pdf
"",TEK Share Transfer Form.pdf,Corporate/Tekna Group/TEK Share Transfer Form.pdf,.pdf,0,0,"",Tekna Group,Tekna Group,Tekna Group,Tekna Group,"","","",1,Tekna Pty Ltd,.pdf
"",TEK Tekna Homes Share Certificate 1.pdf,Corporate/Tekna Group/TEK Tekna Homes Share Certificate 1.pdf,.pdf,0,0,"",Tekna Group,Tekna Group,Tekna Group,Tekna Group,"","","",1,Tekna Pty Ltd,.pdf
"",TEK Tekna Homes Share Certificate 2.pdf,Corporate/Tekna Group/TEK Tekna Homes Share Certificate 2.pdf,.pdf,0,0,"",Tekna Group,Tekna Group,Tekna Group,Tekna Group,"","","",1,Tekna Pty Ltd,.pdf
"",TEK Tekna Pty Ltd.Circular Board Resolution.240516.DRAFT.docx,Corporate/Tekna Group/TEK Tekna Pty Ltd.Circular Board Resolution.240516.DRAFT.docx,.docx,0,0,"",Tekna Group,Tekna Group,Tekna Group,Tekna Group,"","","",1,Tekna Pty Ltd,.docx
"",TEK Tekna Pty Ltd.Circular Members Resolution.240516.DRAFT.docx,Corporate/Tekna Group/TEK Tekna Pty Ltd.Circular Members Resolution.240516.DRAFT.docx,.docx,0,0,"",Tekna Group,Tekna Group,Tekna Group,Tekna Group,"","","",1,Tekna Pty Ltd,.docx
"",TEK Tekna Pty Ltd.Share Certificate.240516.DRAFT.docx,Corporate/Tekna Group/TEK Tekna Pty Ltd.Share Certificate.240516.DRAFT.docx,.docx,0,0,"",Tekna Group,Tekna Group,Tekna Group,Tekna Group,"","","",1,Tekna Pty Ltd,.docx
"",TEK Tekna Pty Ltd.Share Transfer Form.240516.DRAFT.docx,Corporate/Tekna Group/TEK Tekna Pty Ltd.Share Transfer Form.240516.DRAFT.docx,.docx,0,0,"",Tekna Group,Tekna Group,Tekna Group,Tekna Group,"","","",1,Tekna Pty Ltd,.docx
"",TH - Debtor's Ledger Report - EOFY25.pdf,Corporate/Tekna Group/TH - Debtor's Ledger Report - EOFY25.pdf,.pdf,0,0,"",Tekna Group,Tekna Group,Tekna Group,Tekna Group,"","","",1,Tekna Pty Ltd,.pdf
"",TH - View company details - EOFY25.pdf,Corporate/Tekna Group/TH - View company details - EOFY25.pdf,.pdf,0,0,"",Tekna Group,Tekna Group,Tekna Group,Tekna Group,"","","",1,Tekna Pty Ltd,.pdf
"",TH 22.03.31 Certificate Of Registration - TEKNA LICENCE PTY LTD.pdf,Corporate/Tekna Group/TH 22.03.31 Certificate Of Registration - TEKNA LICENCE PTY LTD.pdf,.pdf,0,0,"",Tekna Group,Tekna Group,Tekna Group,Tekna Group,"","","",1,Tekna Pty Ltd,.pdf
"",TH 484_invoice_190428990.pdf,Corporate/Tekna Group/TH 484_invoice_190428990.pdf,.pdf,0,0,"",Tekna Group,Tekna Group,Tekna Group,Tekna Group,"","","",1,Tekna Pty Ltd,.pdf
"",TH Annual Solvency Minutes TH.pdf,Corporate/Tekna Group/TH Annual Solvency Minutes TH.pdf,.pdf,0,0,"",Tekna Group,Tekna Group,Tekna Group,Tekna Group,"","","",1,Tekna Pty Ltd,.pdf
"",TH Application for Incorporation TH.pdf,Corporate/Tekna Group/TH Application for Incorporation TH.pdf,.pdf,0,0,"",Tekna Group,Tekna Group,Tekna Group,Tekna Group,"","","",1,Tekna Pty Ltd,.pdf
"",TH Application for Shares Template TH.docx,Corporate/Tekna Group/TH Application for Shares Template TH.docx,.docx,0,0,"",Tekna Group,Tekna Group,Tekna Group,Tekna Group,"","","",1,Tekna Pty Ltd,.docx
"",TH Application for Shares TH.docx,Corporate/Tekna Group/TH Application for Shares TH.docx,.docx,0,0,"",Tekna Group,Tekna Group,Tekna Group,Tekna Group,"","","",1,Tekna Pty Ltd,.docx
"",TH ASIC Key For Trading Name Tekna Homes TH.pdf,Corporate/Tekna Group/TH ASIC Key For Trading Name Tekna Homes TH.pdf,.pdf,0,0,"",Tekna Group,Tekna Group,Tekna Group,Tekna Group,"","","",1,Tekna Pty Ltd,.pdf
"",TH ASIC Key TH.PDF,Corporate/Tekna Group/TH ASIC Key TH.PDF,.PDF,0,0,"",Tekna Group,Tekna Group,Tekna Group,Tekna Group,"","","",1,Tekna Pty Ltd,.PDF
"",TH ASIC Tekna Kitchens Trading Name.pdf,Corporate/Tekna Group/TH ASIC Tekna Kitchens Trading Name.pdf,.pdf,0,0,"",Tekna Group,Tekna Group,Tekna Group,Tekna Group,"","","",1,Tekna Pty Ltd,.pdf
"",TH ASIC Trading Name TH.PDF,Corporate/Tekna Group/TH ASIC Trading Name TH.PDF,.PDF,0,0,"",Tekna Group,Tekna Group,Tekna Group,Tekna Group,"","","",1,Tekna Pty Ltd,.PDF
"",TH ASIC Updated Share Register 22122023.pdf,Corporate/Tekna Group/TH ASIC Updated Share Register 22122023.pdf,.pdf,0,0,"",Tekna Group,Tekna Group,Tekna Group,Tekna Group,"","","",1,Tekna Pty Ltd,.pdf
"",TH Change of Business Address TH.pdf,Corporate/Tekna Group/TH Change of Business Address TH.pdf,.pdf,0,0,"",Tekna Group,Tekna Group,Tekna Group,Tekna Group,"","","",1,Tekna Pty Ltd,.pdf
"",TH Corporate Key TH.pdf,Corporate/Tekna Group/TH Corporate Key TH.pdf,.pdf,0,0,"",Tekna Group,Tekna Group,Tekna Group,Tekna Group,"","","",1,Tekna Pty Ltd,.pdf
"",TH EOY ASIC FY23 TH.pdf,Corporate/Tekna Group/TH EOY ASIC FY23 TH.pdf,.pdf,0,0,"",Tekna Group,Tekna Group,Tekna Group,Tekna Group,"","","",1,Tekna Pty Ltd,.pdf
"",TH EOY ASIC FY24 TH.pdf,Corporate/Tekna Group/TH EOY ASIC FY24 TH.pdf,.pdf,0,0,"",Tekna Group,Tekna Group,Tekna Group,Tekna Group,"","","",1,Tekna Pty Ltd,.pdf
"",TH Officeholder Consent Samuel James Harder TH.docx,Corporate/Tekna Group/TH Officeholder Consent Samuel James Harder TH.docx,.docx,0,0,"",Tekna Group,Tekna Group,Tekna Group,Tekna Group,"","","",1,Tekna Pty Ltd,.docx
"",TH Registered Office Multiplace TH.pdf,Corporate/Tekna Group/TH Registered Office Multiplace TH.pdf,.pdf,0,0,"",Tekna Group,Tekna Group,Tekna Group,Tekna Group,"","","",1,Tekna Pty Ltd,.pdf
"",TH Tekna Homes ASIC Annual Review 2025.pdf,Corporate/Tekna Group/TH Tekna Homes ASIC Annual Review 2025.pdf,.pdf,0,0,"",Tekna Group,Tekna Group,Tekna Group,Tekna Group,"","","",1,Tekna Pty Ltd,.pdf
"",TH TEKNA_LICENCE_PTY_LTD_(Register_of_officers).pdf,Corporate/Tekna Group/TH TEKNA_LICENCE_PTY_LTD_(Register_of_officers).pdf,.pdf,0,0,"",Tekna Group,Tekna Group,Tekna Group,Tekna Group,"","","",1,Tekna Pty Ltd,.pdf
"",TH TEKNA_LICENCE_PTY_LTD_(Resolution_of_the_Directors).pdf,Corporate/Tekna Group/TH TEKNA_LICENCE_PTY_LTD_(Resolution_of_the_Directors).pdf,.pdf,0,0,"",Tekna Group,Tekna Group,Tekna Group,Tekna Group,"","","",1,Tekna Pty Ltd,.pdf
"",TH TEKNA_LICENCE_PTY_LTD_484-B2.pdf,Corporate/Tekna Group/TH TEKNA_LICENCE_PTY_LTD_484-B2.pdf,.pdf,0,0,"",Tekna Group,Tekna Group,Tekna Group,Tekna Group,"","","",1,Tekna Pty Ltd,.pdf
"",TH TEKNA_LICENCE_PTY_LTD_Andrew_Mark_Clement_(ASIC_484B2_Consent_to_Act).pdf,Corporate/Tekna Group/TH TEKNA_LICENCE_PTY_LTD_Andrew_Mark_Clement_(ASIC_484B2_Consent_to_Act).pdf,.pdf,0,0,"",Tekna Group,Tekna Group,Tekna Group,Tekna Group,"","","",1,Tekna Pty Ltd,.pdf
"",TH Cabinetry Making Machinery Invoice.pdf,Corporate/Tekna Group/TH Cabinetry Making Machinery Invoice.pdf,.pdf,0,0,"",Tekna Group,Tekna Group,Tekna Group,Tekna Group,"","","",1,Tekna Pty Ltd,.pdf
"",TH ATO Account Summary.pdf,Corporate/Tekna Group/TH ATO Account Summary.pdf,.pdf,0,0,"",Tekna Group,Tekna Group,Tekna Group,Tekna Group,"","","",1,Tekna Pty Ltd,.pdf
"",TH ATO Income tax 001.pdf,Corporate/Tekna Group/TH ATO Income tax 001.pdf,.pdf,0,0,"",Tekna Group,Tekna Group,Tekna Group,Tekna Group,"","","",1,Tekna Pty Ltd,.pdf
"",TH EOY ATO FY24 TH.pdf,Corporate/Tekna Group/TH EOY ATO FY24 TH.pdf,.pdf,0,0,"",Tekna Group,Tekna Group,Tekna Group,Tekna Group,"","","",1,Tekna Pty Ltd,.pdf
"",TH Tekna Homes BAS Report April-June 2024FY.pdf,Corporate/Tekna Group/TH Tekna Homes BAS Report April-June 2024FY.pdf,.pdf,0,0,"",Tekna Group,Tekna Group,Tekna Group,Tekna Group,"","","",1,Tekna Pty Ltd,.pdf
"",TH Tekna Homes BAS Report Jan-March 2024FY.pdf,Corporate/Tekna Group/TH Tekna Homes BAS Report Jan-March 2024FY.pdf,.pdf,0,0,"",Tekna Group,Tekna Group,Tekna Group,Tekna Group,"","","",1,Tekna Pty Ltd,.pdf
"",TH Tekna License (Tekna Homes) BAS Report July-Sep 2023.xlsx,Corporate/Tekna Group/TH Tekna License (Tekna Homes) BAS Report July-Sep 2023.xlsx,.xlsx,0,0,"",Tekna Group,Tekna Group,Tekna Group,Tekna Group,"","","",1,Tekna Pty Ltd,.xlsx
"",TH 1. Tekna Homes  WBC 702 733 FY25.pdf,Corporate/Tekna Group/TH 1. Tekna Homes  WBC 702 733 FY25.pdf,.pdf,0,0,"",Tekna Group,Tekna Group,Tekna Group,Tekna Group,"","","",1,Tekna Pty Ltd,.pdf
"",TH 2. Tekna Homes  WBC 702 733 FY25.pdf,Corporate/Tekna Group/TH 2. Tekna Homes  WBC 702 733 FY25.pdf,.pdf,0,0,"",Tekna Group,Tekna Group,Tekna Group,Tekna Group,"","","",1,Tekna Pty Ltd,.pdf
"",TH 3. Tekna Homes  WBC 702 733 FY25.pdf,Corporate/Tekna Group/TH 3. Tekna Homes  WBC 702 733 FY25.pdf,.pdf,0,0,"",Tekna Group,Tekna Group,Tekna Group,Tekna Group,"","","",1,Tekna Pty Ltd,.pdf
"",TH 4. Tekna Homes  WBC 702 733 FY25.pdf,Corporate/Tekna Group/TH 4. Tekna Homes  WBC 702 733 FY25.pdf,.pdf,0,0,"",Tekna Group,Tekna Group,Tekna Group,Tekna Group,"","","",1,Tekna Pty Ltd,.pdf
"",TH EOY NAB 302971208 FY22 TH.pdf,Corporate/Tekna Group/TH EOY NAB 302971208 FY22 TH.pdf,.pdf,0,0,"",Tekna Group,Tekna Group,Tekna Group,Tekna Group,"","","",1,Tekna Pty Ltd,.pdf
"",TH EOY NAB 302971208 FY23 TH.pdf,Corporate/Tekna Group/TH EOY NAB 302971208 FY23 TH.pdf,.pdf,0,0,"",Tekna Group,Tekna Group,Tekna Group,Tekna Group,"","","",1,Tekna Pty Ltd,.pdf
"",TH EOY NAB 302971208 FY24 TH.pdf,Corporate/Tekna Group/TH EOY NAB 302971208 FY24 TH.pdf,.pdf,0,0,"",Tekna Group,Tekna Group,Tekna Group,Tekna Group,"","","",1,Tekna Pty Ltd,.pdf
"",TH EOY WBC 702 733 FY24 TH.pdf,Corporate/Tekna Group/TH EOY WBC 702 733 FY24 TH.pdf,.pdf,0,0,"",Tekna Group,Tekna Group,Tekna Group,Tekna Group,"","","",1,Tekna Pty Ltd,.pdf
"",TH ATO Activity statement 002.pdf,Corporate/Tekna Group/TH ATO Activity statement 002.pdf,.pdf,0,0,"",Tekna Group,Tekna Group,Tekna Group,Tekna Group,"","","",1,Tekna Pty Ltd,.pdf
"",TH Verification Statement TH from TD.pdf,Corporate/Tekna Group/TH Verification Statement TH from TD.pdf,.pdf,0,0,"",Tekna Group,Tekna Group,Tekna Group,Tekna Group,"","","",1,Tekna Pty Ltd,.pdf
"",TH Constitution Tekna Licence TH.docx,Corporate/Tekna Group/TH Constitution Tekna Licence TH.docx,.docx,0,0,"",Tekna Group,Tekna Group,Tekna Group,Tekna Group,"","","",1,Tekna Pty Ltd,.docx
"",TH Constitution Tekna Licence TH.pdf,Corporate/Tekna Group/TH Constitution Tekna Licence TH.pdf,.pdf,0,0,"",Tekna Group,Tekna Group,Tekna Group,Tekna Group,"","","",1,Tekna Pty Ltd,.pdf
"",TH Board Resolution Loans Tekna Homes TD.pdf,Corporate/Tekna Group/TH Board Resolution Loans Tekna Homes TD.pdf,.pdf,0,0,"",Tekna Group,Tekna Group,Tekna Group,Tekna Group,"","","",1,Tekna Pty Ltd,.pdf
"",TH Loan Tekna Homes from TD.pdf,Corporate/Tekna Group/TH Loan Tekna Homes from TD.pdf,.pdf,0,0,"",Tekna Group,Tekna Group,Tekna Group,Tekna Group,"","","",1,Tekna Pty Ltd,.pdf
"",TH Security Deed Tekna Homes from TD.pdf,Corporate/Tekna Group/TH Security Deed Tekna Homes from TD.pdf,.pdf,0,0,"",Tekna Group,Tekna Group,Tekna Group,Tekna Group,"","","",1,Tekna Pty Ltd,.pdf
"",TH Token Issued TH from TD.pdf,Corporate/Tekna Group/TH Token Issued TH from TD.pdf,.pdf,0,0,"",Tekna Group,Tekna Group,Tekna Group,Tekna Group,"","","",1,Tekna Pty Ltd,.pdf
"",TH 22.03.31 - Share Certificate - Tekna Licence.docx,Corporate/Tekna Group/TH 22.03.31 - Share Certificate - Tekna Licence.docx,.docx,0,0,"",Tekna Group,Tekna Group,Tekna Group,Tekna Group,"","","",1,Tekna Pty Ltd,.docx
"",TH Register of Charges TH.docx,Corporate/Tekna Group/TH Register of Charges TH.docx,.docx,0,0,"",Tekna Group,Tekna Group,Tekna Group,Tekna Group,"","","",1,Tekna Pty Ltd,.docx
"",TH Register of Debentures TH.docx,Corporate/Tekna Group/TH Register of Debentures TH.docx,.docx,0,0,"",Tekna Group,Tekna Group,Tekna Group,Tekna Group,"","","",1,Tekna Pty Ltd,.docx
"",TH Register of Members TH.docx,Corporate/Tekna Group/TH Register of Members TH.docx,.docx,0,0,"",Tekna Group,Tekna Group,Tekna Group,Tekna Group,"","","",1,Tekna Pty Ltd,.docx
"",TH Resolution of Members TH.docx,Corporate/Tekna Group/TH Resolution of Members TH.docx,.docx,0,0,"",Tekna Group,Tekna Group,Tekna Group,Tekna Group,"","","",1,Tekna Pty Ltd,.docx
"",TH Summary TH.pdf,Corporate/Tekna Group/TH Summary TH.pdf,.pdf,0,0,"",Tekna Group,Tekna Group,Tekna Group,Tekna Group,"","","",1,Tekna Pty Ltd,.pdf
"",TH Tekna Homes 29112023 View company details.pdf,Corporate/Tekna Group/TH Tekna Homes 29112023 View company details.pdf,.pdf,0,0,"",Tekna Group,Tekna Group,Tekna Group,Tekna Group,"","","",1,Tekna Pty Ltd,.pdf
"",TH Tekna Homes Resolution Issue New Shares.pdf,Corporate/Tekna Group/TH Tekna Homes Resolution Issue New Shares.pdf,.pdf,0,0,"",Tekna Group,Tekna Group,Tekna Group,Tekna Group,"","","",1,Tekna Pty Ltd,.pdf
"",TH Tekna Homes Share Certificate 1.pdf,Corporate/Tekna Group/TH Tekna Homes Share Certificate 1.pdf,.pdf,0,0,"",Tekna Group,Tekna Group,Tekna Group,Tekna Group,"","","",1,Tekna Pty Ltd,.pdf
"",TH Tekna Homes Share Certificate 2.pdf,Corporate/Tekna Group/TH Tekna Homes Share Certificate 2.pdf,.pdf,0,0,"",Tekna Group,Tekna Group,Tekna Group,Tekna Group,"","","",1,Tekna Pty Ltd,.pdf
"",TH Tekna Homes Share Register.pdf,Corporate/Tekna Group/TH Tekna Homes Share Register.pdf,.pdf,0,0,"",Tekna Group,Tekna Group,Tekna Group,Tekna Group,"","","",1,Tekna Pty Ltd,.pdf
"",TH Tekna Resolution Share Purchase.pdf,Corporate/Tekna Group/TH Tekna Resolution Share Purchase.pdf,.pdf,0,0,"",Tekna Group,Tekna Group,Tekna Group,Tekna Group,"","","",1,Tekna Pty Ltd,.pdf
"",TPFT Trust Deed TPFT.pdf,Corporate/The Promise Group/TPFT Trust Deed TPFT.pdf,.pdf,0,0,"",The Promise Group,The Promise Group,The Promise Group,The Promise Group,"","","","","",.pdf
"",TPFT Share Transfer Form TPFT.pdf,Corporate/The Promise Group/TPFT Share Transfer Form TPFT.pdf,.pdf,0,0,"",The Promise Group,The Promise Group,The Promise Group,The Promise Group,"","","","","",.pdf
"",TPQ Annual solvency declaration of LIVIN THE DREAM PTY LTD (2011).pdf,Corporate/The Promise Group/TPQ Annual solvency declaration of LIVIN THE DREAM PTY LTD (2011).pdf,.pdf,0,0,"",The Promise Group,The Promise Group,The Promise Group,The Promise Group,"","","","","",.pdf
"",TPQ Annual solvency declaration of LIVIN THE DREAM PTY LTD (2012).pdf,Corporate/The Promise Group/TPQ Annual solvency declaration of LIVIN THE DREAM PTY LTD (2012).pdf,.pdf,0,0,"",The Promise Group,The Promise Group,The Promise Group,The Promise Group,"","","","","",.pdf
"",TPQ Annual solvency declaration of LIVIN THE DREAM PTY LTD (2013).pdf,Corporate/The Promise Group/TPQ Annual solvency declaration of LIVIN THE DREAM PTY LTD (2013).pdf,.pdf,0,0,"",The Promise Group,The Promise Group,The Promise Group,The Promise Group,"","","","","",.pdf
"",TPQ Annual solvency declaration of LIVIN THE DREAM PTY LTD (2014).pdf,Corporate/The Promise Group/TPQ Annual solvency declaration of LIVIN THE DREAM PTY LTD (2014).pdf,.pdf,0,0,"",The Promise Group,The Promise Group,The Promise Group,The Promise Group,"","","","","",.pdf
"",TPQ Annual solvency declaration of LIVIN THE DREAM PTY LTD (2015).pdf,Corporate/The Promise Group/TPQ Annual solvency declaration of LIVIN THE DREAM PTY LTD (2015).pdf,.pdf,0,0,"",The Promise Group,The Promise Group,The Promise Group,The Promise Group,"","","","","",.pdf
"",TPQ Annual solvency declaration of LIVIN THE DREAM PTY LTD (2016).pdf,Corporate/The Promise Group/TPQ Annual solvency declaration of LIVIN THE DREAM PTY LTD (2016).pdf,.pdf,0,0,"",The Promise Group,The Promise Group,The Promise Group,The Promise Group,"","","","","",.pdf
"",TPQ Annual solvency declaration of LIVIN THE DREAM PTY LTD (2017).pdf,Corporate/The Promise Group/TPQ Annual solvency declaration of LIVIN THE DREAM PTY LTD (2017).pdf,.pdf,0,0,"",The Promise Group,The Promise Group,The Promise Group,The Promise Group,"","","","","",.pdf
"",TPQ Annual solvency declaration of LIVIN THE DREAM PTY LTD (2018).pdf,Corporate/The Promise Group/TPQ Annual solvency declaration of LIVIN THE DREAM PTY LTD (2018).pdf,.pdf,0,0,"",The Promise Group,The Promise Group,The Promise Group,The Promise Group,"","","","","",.pdf
"",TPQ Annual solvency declaration of LIVIN THE DREAM PTY LTD (2019).pdf,Corporate/The Promise Group/TPQ Annual solvency declaration of LIVIN THE DREAM PTY LTD (2019).pdf,.pdf,0,0,"",The Promise Group,The Promise Group,The Promise Group,The Promise Group,"","","","","",.pdf
"",TPQ Annual solvency declaration of LIVIN THE DREAM PTY LTD (2020).pdf,Corporate/The Promise Group/TPQ Annual solvency declaration of LIVIN THE DREAM PTY LTD (2020).pdf,.pdf,0,0,"",The Promise Group,The Promise Group,The Promise Group,The Promise Group,"","","","","",.pdf
"",TPQ Annual solvency declaration of LIVIN THE DREAM PTY LTD (2021).pdf,Corporate/The Promise Group/TPQ Annual solvency declaration of LIVIN THE DREAM PTY LTD (2021).pdf,.pdf,0,0,"",The Promise Group,The Promise Group,The Promise Group,The Promise Group,"","","","","",.pdf
"",TPQ Annual solvency declaration of LIVIN THE DREAM PTY LTD (2022).pdf,Corporate/The Promise Group/TPQ Annual solvency declaration of LIVIN THE DREAM PTY LTD (2022).pdf,.pdf,0,0,"",The Promise Group,The Promise Group,The Promise Group,The Promise Group,"","","","","",.pdf
"",TPQ Company Set Up TPQ.pdf,Corporate/The Promise Group/TPQ Company Set Up TPQ.pdf,.pdf,0,0,"",The Promise Group,The Promise Group,The Promise Group,The Promise Group,"","","","","",.pdf
"",TPQ DOC130822-13082022134836.pdf,Corporate/The Promise Group/TPQ DOC130822-13082022134836.pdf,.pdf,0,0,"",The Promise Group,The Promise Group,The Promise Group,The Promise Group,"","","","","",.pdf
"",TPQ EOY ASIC FY24 TPQ.pdf,Corporate/The Promise Group/TPQ EOY ASIC FY24 TPQ.pdf,.pdf,0,0,"",The Promise Group,The Promise Group,The Promise Group,The Promise Group,"","","","","",.pdf
"",TPQ Livin The Dream Pty Ltd Form 484 17 05 2022.pdf,Corporate/The Promise Group/TPQ Livin The Dream Pty Ltd Form 484 17 05 2022.pdf,.pdf,0,0,"",The Promise Group,The Promise Group,The Promise Group,The Promise Group,"","","","","",.pdf
"",TPQ 1. WBC 698668 FY25 TPQ - 14.01.25 - 14.02.25.pdf,Corporate/The Promise Group/TPQ 1. WBC 698668 FY25 TPQ - 14.01.25 - 14.02.25.pdf,.pdf,0,0,"",The Promise Group,The Promise Group,The Promise Group,The Promise Group,"","","","","",.pdf
"",TPQ 1. WBC 698668 FY26 TPQ - 13.06.25 - 14.07.25.pdf,Corporate/The Promise Group/TPQ 1. WBC 698668 FY26 TPQ - 13.06.25 - 14.07.25.pdf,.pdf,0,0,"",The Promise Group,The Promise Group,The Promise Group,The Promise Group,"","","","","",.pdf
"",TPQ 2. WBC 698668 FY25 TPQ - 14.02.25 - 14.05.25.pdf,Corporate/The Promise Group/TPQ 2. WBC 698668 FY25 TPQ - 14.02.25 - 14.05.25.pdf,.pdf,0,0,"",The Promise Group,The Promise Group,The Promise Group,The Promise Group,"","","","","",.pdf
"",TPQ 3. WBC 698668 FY25 TPQ - 14.05.25 - 13.06.25.pdf,Corporate/The Promise Group/TPQ 3. WBC 698668 FY25 TPQ - 14.05.25 - 13.06.25.pdf,.pdf,0,0,"",The Promise Group,The Promise Group,The Promise Group,The Promise Group,"","","","","",.pdf
"",TPQ 4. WBC 698668 FY25 TPQ - 13.06.25 - 14.07.25.pdf,Corporate/The Promise Group/TPQ 4. WBC 698668 FY25 TPQ - 13.06.25 - 14.07.25.pdf,.pdf,0,0,"",The Promise Group,The Promise Group,The Promise Group,The Promise Group,"","","","","",.pdf
"",TPQ Financial Workpapers 2010.xls,Corporate/The Promise Group/TPQ Financial Workpapers 2010.xls,.xls,0,0,"",The Promise Group,The Promise Group,The Promise Group,The Promise Group,"","","","","",.xls
"",TPQ Financial Workpapers 2011.xls,Corporate/The Promise Group/TPQ Financial Workpapers 2011.xls,.xls,0,0,"",The Promise Group,The Promise Group,The Promise Group,The Promise Group,"","","","","",.xls
"",TPQ Financial Workpapers 2012.xls,Corporate/The Promise Group/TPQ Financial Workpapers 2012.xls,.xls,0,0,"",The Promise Group,The Promise Group,The Promise Group,The Promise Group,"","","","","",.xls
"",TPQ Constituition TPQ NEEDS_REVIEW.pdf,Corporate/The Promise Group/TPQ Constituition TPQ NEEDS_REVIEW.pdf,.pdf,0,0,"",The Promise Group,The Promise Group,The Promise Group,The Promise Group,"","","","","",.pdf
"",TPQ Debtor's Ledger Report - EOFY25 NEEDS_REVIEW.pdf,Corporate/The Promise Group/TPQ Debtor's Ledger Report - EOFY25 NEEDS_REVIEW.pdf,.pdf,0,0,"",The Promise Group,The Promise Group,The Promise Group,The Promise Group,"","","","","",.pdf
"",TPQ DOC130822-13082022134729 NEEDS_REVIEW.pdf,Corporate/The Promise Group/TPQ DOC130822-13082022134729 NEEDS_REVIEW.pdf,.pdf,0,0,"",The Promise Group,The Promise Group,The Promise Group,The Promise Group,"","","","","",.pdf
"",TPQ DOC130822-13082022135110 NEEDS_REVIEW.pdf,Corporate/The Promise Group/TPQ DOC130822-13082022135110 NEEDS_REVIEW.pdf,.pdf,0,0,"",The Promise Group,The Promise Group,The Promise Group,The Promise Group,"","","","","",.pdf
"",TPQ DOC130822-13082022135135 NEEDS_REVIEW.pdf,Corporate/The Promise Group/TPQ DOC130822-13082022135135 NEEDS_REVIEW.pdf,.pdf,0,0,"",The Promise Group,The Promise Group,The Promise Group,The Promise Group,"","","","","",.pdf
"",TPQ LIVIN THE DREAM PTY LTD - 2916 NEEDS_REVIEW.pdf,Corporate/The Promise Group/TPQ LIVIN THE DREAM PTY LTD - 2916 NEEDS_REVIEW.pdf,.pdf,0,0,"",The Promise Group,The Promise Group,The Promise Group,The Promise Group,"","","","","",.pdf
"",TPQ The Promise - View company details - EOFY25 NEEDS_REVIEW.pdf,Corporate/The Promise Group/TPQ The Promise - View company details - EOFY25 NEEDS_REVIEW.pdf,.pdf,0,0,"",The Promise Group,The Promise Group,The Promise Group,The Promise Group,"","","","","",.pdf
"",TPQ Orginal Livin The Dream Constitution called After Work Hire.pdf,Corporate/The Promise Group/TPQ Orginal Livin The Dream Constitution called After Work Hire.pdf,.pdf,0,0,"",The Promise Group,The Promise Group,The Promise Group,The Promise Group,"","","","","",.pdf
"",TPQ DOC130822-13082022134908.pdf,Corporate/The Promise Group/TPQ DOC130822-13082022134908.pdf,.pdf,0,0,"",The Promise Group,The Promise Group,The Promise Group,The Promise Group,"","","","","",.pdf
"",TPQ Members 03052024 TPQ.pdf,Corporate/The Promise Group/TPQ Members 03052024 TPQ.pdf,.pdf,0,0,"",The Promise Group,The Promise Group,The Promise Group,The Promise Group,"","","","","",.pdf
"",TPQ Share Certificate TPQ.pdf,Corporate/The Promise Group/TPQ Share Certificate TPQ.pdf,.pdf,0,0,"",The Promise Group,The Promise Group,The Promise Group,The Promise Group,"","","","","",.pdf
"",TPQ Share Transfer Form TPQ (1).pdf,Corporate/The Promise Group/TPQ Share Transfer Form TPQ (1).pdf,.pdf,0,0,"",The Promise Group,The Promise Group,The Promise Group,The Promise Group,"","","","","",.pdf
"",Andrew's Birth Certificate.pdf,Corporate/XX Original files/Andrew's Birth Certificate.pdf,.pdf,0,0,"",XX Original files,XX Original files,XX Original files,XX Original files,"","","","","",.pdf
"",Andrew's Drivers Licence.jpg,Corporate/XX Original files/Andrew's Drivers Licence.jpg,.jpg,0,0,"",XX Original files,XX Original files,XX Original files,XX Original files,"","","","","",.jpg
"",Andrew's Drivers Licence.pdf,Corporate/XX Original files/Andrew's Drivers Licence.pdf,.pdf,0,0,"",XX Original files,XX Original files,XX Original files,XX Original files,"","","","","",.pdf
"",Andrew's Drivers Licences.jpg,Corporate/XX Original files/Andrew's Drivers Licences.jpg,.jpg,0,0,"",XX Original files,XX Original files,XX Original files,XX Original files,"","","","","",.jpg
"",Andrew's NDIS_Worker_Orientation_Completion_Certificate.pdf,Corporate/XX Original files/Andrew's NDIS_Worker_Orientation_Completion_Certificate.pdf,.pdf,0,0,"",XX Original files,XX Original files,XX Original files,XX Original files,"","","","","",.pdf
"",Andrew's Passport.pdf,Corporate/XX Original files/Andrew's Passport.pdf,.pdf,0,0,"",XX Original files,XX Original files,XX Original files,XX Original files,"","","","","",.pdf
"",Andrew's Police Certificate.pdf,Corporate/XX Original files/Andrew's Police Certificate.pdf,.pdf,0,0,"",XX Original files,XX Original files,XX Original files,XX Original files,"","","","","",.pdf
"",18112022 Add Responsible Person (1).pdf,Corporate/XX Original files/18112022 Add Responsible Person (1).pdf,.pdf,0,0,"",XX Original files,XX Original files,XX Original files,XX Original files,"","","","","",.pdf
"",Annual solvency declaration of HOMES OF HOPE LIMITED (2021).pdf,Corporate/XX Original files/Annual solvency declaration of HOMES OF HOPE LIMITED (2021).pdf,.pdf,0,0,"",XX Original files,XX Original files,XX Original files,XX Original files,"","","","","",.pdf
"",Annual solvency declaration of HOMES OF HOPE LIMITED (2022).pdf,Corporate/XX Original files/Annual solvency declaration of HOMES OF HOPE LIMITED (2022).pdf,.pdf,0,0,"",XX Original files,XX Original files,XX Original files,XX Original files,"","","","","",.pdf
"",Homes of Hope Limited Form 484 17 05 2022.pdf,Corporate/XX Original files/Homes of Hope Limited Form 484 17 05 2022.pdf,.pdf,0,0,"",XX Original files,XX Original files,XX Original files,XX Original files,"","","","","",.pdf
"",DOC130822-13082022112239.pdf,Corporate/XX Original files/DOC130822-13082022112239.pdf,.pdf,0,0,"",XX Original files,XX Original files,XX Original files,XX Original files,"","","","","",.pdf
"",DOC130822-13082022112253.pdf,Corporate/XX Original files/DOC130822-13082022112253.pdf,.pdf,0,0,"",XX Original files,XX Original files,XX Original files,XX Original files,"","","","","",.pdf
"",Homes of Hope - ASIC Form 205J.pdf,Corporate/XX Original files/Homes of Hope - ASIC Form 205J.pdf,.pdf,0,0,"",XX Original files,XX Original files,XX Original files,XX Original files,"","","","","",.pdf
"",Homes of Hope Limited - Form 362 - Appointment of Agent.pdf,Corporate/XX Original files/Homes of Hope Limited - Form 362 - Appointment of Agent.pdf,.pdf,0,0,"",XX Original files,XX Original files,XX Original files,XX Original files,"","","","","",.pdf
"",EOFY HOH BOQ Statement.pdf,Corporate/XX Original files/EOFY HOH BOQ Statement.pdf,.pdf,0,0,"",XX Original files,XX Original files,XX Original files,XX Original files,"","","","","",.pdf
"",Interest Charged for the Group FY 00 Template.xlsx,Corporate/XX Original files/Interest Charged for the Group FY 00 Template.xlsx,.xlsx,0,0,"",XX Original files,XX Original files,XX Original files,XX Original files,"","","","","",.xlsx
"",Interest Charged for The Group FY 2022.xlsx,Corporate/XX Original files/Interest Charged for The Group FY 2022.xlsx,.xlsx,0,0,"",XX Original files,XX Original files,XX Original files,XX Original files,"","","","","",.xlsx
"",Interest Charged for the Group FY 2023.xlsx,Corporate/XX Original files/Interest Charged for the Group FY 2023.xlsx,.xlsx,0,0,"",XX Original files,XX Original files,XX Original files,XX Original files,"","","","","",.xlsx
"",Interest Charged for the Group FY 2024 1.xlsx,Corporate/XX Original files/Interest Charged for the Group FY 2024 1.xlsx,.xlsx,0,0,"",XX Original files,XX Original files,XX Original files,XX Original files,"","","","","",.xlsx
"",Interest Charged for the Group FY 2024 Current.xlsx,Corporate/XX Original files/Interest Charged for the Group FY 2024 Current.xlsx,.xlsx,0,0,"",XX Original files,XX Original files,XX Original files,XX Original files,"","","","","",.xlsx
"",Interest Charged for the Group FY 2024.xlsx,Corporate/XX Original files/Interest Charged for the Group FY 2024.xlsx,.xlsx,0,0,"",XX Original files,XX Original files,XX Original files,XX Original files,"","","","","",.xlsx
"",Interest Charged for the Group FY 2025.xlsx,Corporate/XX Original files/Interest Charged for the Group FY 2025.xlsx,.xlsx,0,0,"",XX Original files,XX Original files,XX Original files,XX Original files,"","","","","",.xlsx
"",Interest Charged for the HOH FY 2025.xlsx,Corporate/XX Original files/Interest Charged for the HOH FY 2025.xlsx,.xlsx,0,0,"",XX Original files,XX Original files,XX Original files,XX Original files,"","","","","",.xlsx
"",Interest Charged for the HOH FY 2026.xlsx,Corporate/XX Original files/Interest Charged for the HOH FY 2026.xlsx,.xlsx,0,0,"",XX Original files,XX Original files,XX Original files,XX Original files,"","","","","",.xlsx
"",GEN ATO Account Summary FY23.pdf,Corporate/XX Original files/GEN ATO Account Summary FY23.pdf,.pdf,0,0,"",XX Original files,XX Original files,XX Original files,XX Original files,"","","","","",.pdf
"",GEN Minutes Draft.pdf,Corporate/XX Original files/GEN Minutes Draft.pdf,.pdf,0,0,"",XX Original files,XX Original files,XX Original files,XX Original files,"","","","","",.pdf
"",Minutes - Gen2612.pdf,Corporate/XX Original files/Minutes - Gen2612.pdf,.pdf,0,0,"",XX Original files,XX Original files,XX Original files,XX Original files,"","","","","",.pdf
"",GEN L001 LAD from THFT Prov1322 2024.pdf,Corporate/XX Original files/GEN L001 LAD from THFT Prov1322 2024.pdf,.pdf,0,0,"",XX Original files,XX Original files,XX Original files,XX Original files,"","","","","",.pdf
"",GEN PPSR 2612.pdf,Corporate/XX Original files/GEN PPSR 2612.pdf,.pdf,0,0,"",XX Original files,XX Original files,XX Original files,XX Original files,"","","","","",.pdf
"",Minutes - Gen2612.pdf,Corporate/XX Original files/Minutes - Gen2612.pdf,.pdf,0,0,"",XX Original files,XX Original files,XX Original files,XX Original files,"","","","","",.pdf
"",Minutes - Prov1322.pdf,Corporate/XX Original files/Minutes - Prov1322.pdf,.pdf,0,0,"",XX Original files,XX Original files,XX Original files,XX Original files,"","","","","",.pdf
"",Security Deed - Gen2612 & Prov1322.pdf,Corporate/XX Original files/Security Deed - Gen2612 & Prov1322.pdf,.pdf,0,0,"",XX Original files,XX Original files,XX Original files,XX Original files,"","","","","",.pdf
"",RACHEL ANZ 3227-64564 08-03-2024 to 06-09-2024.pdf,Corporate/XX Original files/RACHEL ANZ 3227-64564 08-03-2024 to 06-09-2024.pdf,.pdf,0,0,"",XX Original files,XX Original files,XX Original files,XX Original files,"","","","","",.pdf
"",RACHEL Bank Statement Nov 2023 - Jan 2024 ANZ 4564.pdf,Corporate/XX Original files/RACHEL Bank Statement Nov 2023 - Jan 2024 ANZ 4564.pdf,.pdf,0,0,"",XX Original files,XX Original files,XX Original files,XX Original files,"","","","","",.pdf
"",RACHEL HARDER 07-07-2023 to 08-09-2023 ANZ 4564.pdf,Corporate/XX Original files/RACHEL HARDER 07-07-2023 to 08-09-2023 ANZ 4564.pdf,.pdf,0,0,"",XX Original files,XX Original files,XX Original files,XX Original files,"","","","","",.pdf
"",RACHEL HARDER 08-03-2022 to 06-05-2022 ANZ 4564.pdf,Corporate/XX Original files/RACHEL HARDER 08-03-2022 to 06-05-2022 ANZ 4564.pdf,.pdf,0,0,"",XX Original files,XX Original files,XX Original files,XX Original files,"","","","","",.pdf
"",RAH 08-07-2022 to 08-09-2022 ANZ 4564 FY23.pdf,Corporate/XX Original files/RAH 08-07-2022 to 08-09-2022 ANZ 4564 FY23.pdf,.pdf,0,0,"",XX Original files,XX Original files,XX Original files,XX Original files,"","","","","",.pdf
"",RAH ANZ Bank Statement 06-05-2022 to 08-07-2022 (3227-64564).pdf,Corporate/XX Original files/RAH ANZ Bank Statement 06-05-2022 to 08-07-2022 (3227-64564).pdf,.pdf,0,0,"",XX Original files,XX Original files,XX Original files,XX Original files,"","","","","",.pdf
"",RAH BANK Jan-Mar 2022 ANZ 4564 FY22.pdf,Corporate/XX Original files/RAH BANK Jan-Mar 2022 ANZ 4564 FY22.pdf,.pdf,0,0,"",XX Original files,XX Original files,XX Original files,XX Original files,"","","","","",.pdf
"",RAH BANK Mar-May 2023 ANZ 4564.pdf,Corporate/XX Original files/RAH BANK Mar-May 2023 ANZ 4564.pdf,.pdf,0,0,"",XX Original files,XX Original files,XX Original files,XX Original files,"","","","","",.pdf
"",RAH BANK Nov 2021-Jan 2022 ANZ 4564.pdf,Corporate/XX Original files/RAH BANK Nov 2021-Jan 2022 ANZ 4564.pdf,.pdf,0,0,"",XX Original files,XX Original files,XX Original files,XX Original files,"","","","","",.pdf
"",RAH Bank Statement Jan-Mar 2024 ANZ 4564.pdf,Corporate/XX Original files/RAH Bank Statement Jan-Mar 2024 ANZ 4564.pdf,.pdf,0,0,"",XX Original files,XX Original files,XX Original files,XX Original files,"","","","","",.pdf
"",RAH Bank Statement Mar-May 2021 ANZ 64564.pdf,Corporate/XX Original files/RAH Bank Statement Mar-May 2021 ANZ 64564.pdf,.pdf,0,0,"",XX Original files,XX Original files,XX Original files,XX Original files,"","","","","",.pdf
"",RH 07-03-2025 to 08-09-2025 ANZ 4564.pdf,Corporate/XX Original files/RH 07-03-2025 to 08-09-2025 ANZ 4564.pdf,.pdf,0,0,"",XX Original files,XX Original files,XX Original files,XX Original files,"","","","","",.pdf
"",RH BANK Jul 2021 ANZ 4564 FY22.pdf,Corporate/XX Original files/RH BANK Jul 2021 ANZ 4564 FY22.pdf,.pdf,0,0,"",XX Original files,XX Original files,XX Original files,XX Original files,"","","","","",.pdf
"",RH BANK Sep2024-Mar2025 ANZ 4564 FY25.pdf,Corporate/XX Original files/RH BANK Sep2024-Mar2025 ANZ 4564 FY25.pdf,.pdf,0,0,"",XX Original files,XX Original files,XX Original files,XX Original files,"","","","","",.pdf
"",RH BANK Sep-Nov 2022 ANZ 4564.pdf,Corporate/XX Original files/RH BANK Sep-Nov 2022 ANZ 4564.pdf,.pdf,0,0,"",XX Original files,XX Original files,XX Original files,XX Original files,"","","","","",.pdf
"",RH Bank Statement Jan-Mar 2023 ANZ 4564.pdf,Corporate/XX Original files/RH Bank Statement Jan-Mar 2023 ANZ 4564.pdf,.pdf,0,0,"",XX Original files,XX Original files,XX Original files,XX Original files,"","","","","",.pdf
"",RH Bank Statement Jul-Sep 2021 ANZ 4564 FY22.pdf,Corporate/XX Original files/RH Bank Statement Jul-Sep 2021 ANZ 4564 FY22.pdf,.pdf,0,0,"",XX Original files,XX Original files,XX Original files,XX Original files,"","","","","",.pdf
"",RH Bank Statement May-Jul 2023 ANZ 4564 FY23.pdf,Corporate/XX Original files/RH Bank Statement May-Jul 2023 ANZ 4564 FY23.pdf,.pdf,0,0,"",XX Original files,XX Original files,XX Original files,XX Original files,"","","","","",.pdf
"",TH 08-09-2021 to 08-11-2021 ANZ 4564 FY22.pdf,Corporate/XX Original files/TH 08-09-2021 to 08-11-2021 ANZ 4564 FY22.pdf,.pdf,0,0,"",XX Original files,XX Original files,XX Original files,XX Original files,"","","","","",.pdf
"",TH Bank Nov 2022-Jan 2023 ANZ 4564 FY23.pdf,Corporate/XX Original files/TH Bank Nov 2022-Jan 2023 ANZ 4564 FY23.pdf,.pdf,0,0,"",XX Original files,XX Original files,XX Original files,XX Original files,"","","","","",.pdf
"",THG Bank Statement Sep-Nov 2023 ANZ 4564.pdf,Corporate/XX Original files/THG Bank Statement Sep-Nov 2023 ANZ 4564.pdf,.pdf,0,0,"",XX Original files,XX Original files,XX Original files,XX Original files,"","","","","",.pdf
"","[SIGNED] HARDER, Rachel Anne - Tax Return 2023.pdf","Corporate/XX Original files/[SIGNED] HARDER, Rachel Anne - Tax Return 2023.pdf",.pdf,0,0,"",XX Original files,XX Original files,XX Original files,XX Original files,"","","","","",.pdf
"",JOII Employee YTD Report Rachel Harder FY26.pdf,Corporate/XX Original files/JOII Employee YTD Report Rachel Harder FY26.pdf,.pdf,0,0,"",XX Original files,XX Original files,XX Original files,XX Original files,"","","","","",.pdf
"",Joii FY24 Rachel Harder.pdf,Corporate/XX Original files/Joii FY24 Rachel Harder.pdf,.pdf,0,0,"",XX Original files,XX Original files,XX Original files,XX Original files,"","","","","",.pdf
"",JOII Payroll YTD Rachel Harder 07-10-2025.pdf,Corporate/XX Original files/JOII Payroll YTD Rachel Harder 07-10-2025.pdf,.pdf,0,0,"",XX Original files,XX Original files,XX Original files,XX Original files,"","","","","",.pdf
"",Rachels Income.xlsx,Corporate/XX Original files/Rachels Income.xlsx,.xlsx,0,0,"",XX Original files,XX Original files,XX Original files,XX Original files,"","","","","",.xlsx
"",RH ATO Notice of Amended Assessment 30-06-2022 (23-05-2024).pdf,Corporate/XX Original files/RH ATO Notice of Amended Assessment 30-06-2022 (23-05-2024).pdf,.pdf,0,0,"",XX Original files,XX Original files,XX Original files,XX Original files,"","","","","",.pdf
"",RH PTR FY24 S.pdf,Corporate/XX Original files/RH PTR FY24 S.pdf,.pdf,0,0,"",XX Original files,XX Original files,XX Original files,XX Original files,"","","","","",.pdf
"",JOII Employee YTD Report Robert Harder FY25.pdf,Corporate/XX Original files/JOII Employee YTD Report Robert Harder FY25.pdf,.pdf,0,0,"",XX Original files,XX Original files,XX Original files,XX Original files,"","","","","",.pdf
"",JOII Payroll Summary Robert Harder 07-10-2025.pdf,Corporate/XX Original files/JOII Payroll Summary Robert Harder 07-10-2025.pdf,.pdf,0,0,"",XX Original files,XX Original files,XX Original files,XX Original files,"","","","","",.pdf
"",RH PTR FY24.pdf,Corporate/XX Original files/RH PTR FY24.pdf,.pdf,0,0,"",XX Original files,XX Original files,XX Original files,XX Original files,"","","","","",.pdf
"",Robert Harder - Tax Return FY22.pdf,Corporate/XX Original files/Robert Harder - Tax Return FY22.pdf,.pdf,0,0,"",XX Original files,XX Original files,XX Original files,XX Original files,"","","","","",.pdf
"",Robert Harder - Tax Return FY23.pdf,Corporate/XX Original files/Robert Harder - Tax Return FY23.pdf,.pdf,0,0,"",XX Original files,XX Original files,XX Original files,XX Original files,"","","","","",.pdf
"",Team Harder Family Trust - Beneficiary Loan Transactions - Year-to-Date.pdf,Corporate/XX Original files/Team Harder Family Trust - Beneficiary Loan Transactions - Year-to-Date.pdf,.pdf,0,0,"",XX Original files,XX Original files,XX Original files,XX Original files,"","","","","",.pdf
"",Team Harder Family Trust - Beneficiary Loan Transactions - Year-to-Date.pdf,Corporate/XX Original files/Team Harder Family Trust - Beneficiary Loan Transactions - Year-to-Date.pdf,.pdf,0,0,"",XX Original files,XX Original files,XX Original files,XX Original files,"","","","","",.pdf
"",Team Harder Family Trust - P&L - Year-to-Date.pdf,Corporate/XX Original files/Team Harder Family Trust - P&L - Year-to-Date.pdf,.pdf,0,0,"",XX Original files,XX Original files,XX Original files,XX Original files,"","","","","",.pdf
"",Team Harder Family Trust - P&L.pdf,Corporate/XX Original files/Team Harder Family Trust - P&L.pdf,.pdf,0,0,"",XX Original files,XX Original files,XX Original files,XX Original files,"","","","","",.pdf
"",Minutes - Prov1322.pdf,Corporate/XX Original files/Minutes - Prov1322.pdf,.pdf,0,0,"",XX Original files,XX Original files,XX Original files,XX Original files,"","","","","",.pdf
"",Distribution Minute FY24 THFT.pdf,Corporate/XX Original files/Distribution Minute FY24 THFT.pdf,.pdf,0,0,"",XX Original files,XX Original files,XX Original files,XX Original files,"","","","","",.pdf
"","HARDER, Rachel Anne PROP-8026 MAGNUS BUSINESS ADVISERS AND ACCOUNTANTS.pdf","Corporate/XX Original files/HARDER, Rachel Anne PROP-8026 MAGNUS BUSINESS ADVISERS AND ACCOUNTANTS.pdf",.pdf,0,0,"",XX Original files,XX Original files,XX Original files,XX Original files,"","","","","",.pdf
"",Proposal for ASIC Renewal TEAM HARDER PTY LTD.pdf,Corporate/XX Original files/Proposal for ASIC Renewal TEAM HARDER PTY LTD.pdf,.pdf,0,0,"",XX Original files,XX Original files,XX Original files,XX Original files,"","","","","",.pdf
"",TEAM HARDER PTY LTD PROP-6810 ENGAGEMENT LETTER MAGNUS BUSINESS ADVISERS AND ACCOUNTANTS.pdf,Corporate/XX Original files/TEAM HARDER PTY LTD PROP-6810 ENGAGEMENT LETTER MAGNUS BUSINESS ADVISERS AND ACCOUNTANTS.pdf,.pdf,0,0,"",XX Original files,XX Original files,XX Original files,XX Original files,"","","","","",.pdf
"",ATO Account Summary.pdf,Corporate/XX Original files/ATO Account Summary.pdf,.pdf,0,0,"",XX Original files,XX Original files,XX Original files,XX Original files,"","","","","",.pdf
"",Register of Members.xlsx,Corporate/XX Original files/Register of Members.xlsx,.xlsx,0,0,"",XX Original files,XX Original files,XX Original files,XX Original files,"","","","","",.xlsx
"",Minutes.pdf,Corporate/XX Original files/Minutes.pdf,.pdf,0,0,"",XX Original files,XX Original files,XX Original files,XX Original files,"","","","","",.pdf
"",20231211.LV.Tekna Pty Ltd.Board Resolution.Share Issue.pdf,Corporate/XX Original files/20231211.LV.Tekna Pty Ltd.Board Resolution.Share Issue.pdf,.pdf,0,0,"",XX Original files,XX Original files,XX Original files,XX Original files,"","","","","",.pdf
"",20231211.LV.Tekna Pty Ltd.Members Resolution.Share Issue.pdf,Corporate/XX Original files/20231211.LV.Tekna Pty Ltd.Members Resolution.Share Issue.pdf,.pdf,0,0,"",XX Original files,XX Original files,XX Original files,XX Original files,"","","","","",.pdf
"",20231211.LV.Tekna Pty Ltd.Share Application Form (PROV).pdf,Corporate/XX Original files/20231211.LV.Tekna Pty Ltd.Share Application Form (PROV).pdf,.pdf,0,0,"",XX Original files,XX Original files,XX Original files,XX Original files,"","","","","",.pdf
"",20231211.LV.Tekna Pty Ltd.Share Application Form (Sam).pdf,Corporate/XX Original files/20231211.LV.Tekna Pty Ltd.Share Application Form (Sam).pdf,.pdf,0,0,"",XX Original files,XX Original files,XX Original files,XX Original files,"","","","","",.pdf
"",20231211.LV.Tekna Pty Ltd.Share Certificate 1 (PROV).pdf,Corporate/XX Original files/20231211.LV.Tekna Pty Ltd.Share Certificate 1 (PROV).pdf,.pdf,0,0,"",XX Original files,XX Original files,XX Original files,XX Original files,"","","","","",.pdf
"",20231211.LV.Tekna Pty Ltd.Share Certificate 2 (Sam).pdf,Corporate/XX Original files/20231211.LV.Tekna Pty Ltd.Share Certificate 2 (Sam).pdf,.pdf,0,0,"",XX Original files,XX Original files,XX Original files,XX Original files,"","","","","",.pdf
"",NEVILLES PLACE CTS 32586 LOT 5 Disc.pdf,Corporate/XX Original files/NEVILLES PLACE CTS 32586 LOT 5 Disc.pdf,.pdf,0,0,"",XX Original files,XX Original files,XX Original files,XX Original files,"","","","","",.pdf
"",Minutes to Transfer Shares 25102021 TD.pdf,Corporate/XX Original files/Minutes to Transfer Shares 25102021 TD.pdf,.pdf,0,0,"",XX Original files,XX Original files,XX Original files,XX Original files,"","","","","",.pdf
"",Tekna Homes WIP FY 2025.xlsx,Corporate/XX Original files/Tekna Homes WIP FY 2025.xlsx,.xlsx,0,0,"",XX Original files,XX Original files,XX Original files,XX Original files,"","","","","",.xlsx
"",Tekna Homes WIP FY 2026.xlsx,Corporate/XX Original files/Tekna Homes WIP FY 2026.xlsx,.xlsx,0,0,"",XX Original files,XX Original files,XX Original files,XX Original files,"","","","","",.xlsx
"",Family Trust - Vesting Deed.docx,Corporate/XX Original files/Family Trust - Vesting Deed.docx,.docx,0,0,"",XX Original files,XX Original files,XX Original files,XX Original files,"","","","","",.docx
"",Homes Of Hope - LYW - Div-7A Loan Agreement - Copy.docx,Corporate/XX Original files/Homes Of Hope - LYW - Div-7A Loan Agreement - Copy.docx,.docx,0,0,"",XX Original files,XX Original files,XX Original files,XX Original files,"","","","","",.docx
"",Loan Agreement -.doc,Corporate/XX Original files/Loan Agreement -.doc,.doc,0,0,"",XX Original files,XX Original files,XX Original files,XX Original files,"","","","","",.doc
"",Loan Agreement -.docx,Corporate/XX Original files/Loan Agreement -.docx,.docx,0,0,"",XX Original files,XX Original files,XX Original files,XX Original files,"","","","","",.docx
"",MINUTES OF THE MEETING - Borrower.docx,Corporate/XX Original files/MINUTES OF THE MEETING - Borrower.docx,.docx,0,0,"",XX Original files,XX Original files,XX Original files,XX Original files,"","","","","",.docx
"",MINUTES OF THE MEETING - Lender.docx,Corporate/XX Original files/MINUTES OF THE MEETING - Lender.docx,.docx,0,0,"",XX Original files,XX Original files,XX Original files,XX Original files,"","","","","",.docx
"",Negative Solvency Resolution.docx,Corporate/XX Original files/Negative Solvency Resolution.docx,.docx,0,0,"",XX Original files,XX Original files,XX Original files,XX Original files,"","","","","",.docx
"",security Deed - Amended.doc,Corporate/XX Original files/security Deed - Amended.doc,.doc,0,0,"",XX Original files,XX Original files,XX Original files,XX Original files,"","","","","",.doc
"",security Deed - Amended.docx,Corporate/XX Original files/security Deed - Amended.docx,.docx,0,0,"",XX Original files,XX Original files,XX Original files,XX Original files,"","","","","",.docx
"",Tekna Drafting and W2G Assets.docx,Corporate/XX Original files/Tekna Drafting and W2G Assets.docx,.docx,0,0,"",XX Original files,XX Original files,XX Original files,XX Original files,"","","","","",.docx
"",Template - Company Financials.xlsx,Corporate/XX Original files/Template - Company Financials.xlsx,.xlsx,0,0,"",XX Original files,XX Original files,XX Original files,XX Original files,"","","","","",.xlsx
"",Template - Franking Account.xlsx,Corporate/XX Original files/Template - Franking Account.xlsx,.xlsx,0,0,"",XX Original files,XX Original files,XX Original files,XX Original files,"","","","","",.xlsx
"",Template - Trust Financials.xlsx,Corporate/XX Original files/Template - Trust Financials.xlsx,.xlsx,0,0,"",XX Original files,XX Original files,XX Original files,XX Original files,"","","","","",.xlsx
"",Template Consolidated 3 - Company Financials.xlsx,Corporate/XX Original files/Template Consolidated 3 - Company Financials.xlsx,.xlsx,0,0,"",XX Original files,XX Original files,XX Original files,XX Original files,"","","","","",.xlsx
"",Template Dividend Declared.docx,Corporate/XX Original files/Template Dividend Declared.docx,.docx,0,0,"",XX Original files,XX Original files,XX Original files,XX Original files,"","","","","",.docx
"",Unit Trust - Vesting Deed.docx,Corporate/XX Original files/Unit Trust - Vesting Deed.docx,.docx,0,0,"",XX Original files,XX Original files,XX Original files,XX Original files,"","","","","",.docx
"",Vesting Info.docx,Corporate/XX Original files/Vesting Info.docx,.docx,0,0,"",XX Original files,XX Original files,XX Original files,XX Original files,"","","","","",.docx
"",TEMPLATE Annual solvency declaration of Growme (Aus) Pty Ltd (2016).pdf,Corporate/XX Original files/TEMPLATE Annual solvency declaration of Growme (Aus) Pty Ltd (2016).pdf,.pdf,0,0,"",XX Original files,XX Original files,XX Original files,XX Original files,"","","","","",.pdf
"",TEMPLATE Annual solvency declaration of Growme (Aus) Pty Ltd (2017).pdf,Corporate/XX Original files/TEMPLATE Annual solvency declaration of Growme (Aus) Pty Ltd (2017).pdf,.pdf,0,0,"",XX Original files,XX Original files,XX Original files,XX Original files,"","","","","",.pdf
"",TEMPLATE Annual solvency declaration of Growme (Aus) Pty Ltd (2018).pdf,Corporate/XX Original files/TEMPLATE Annual solvency declaration of Growme (Aus) Pty Ltd (2018).pdf,.pdf,0,0,"",XX Original files,XX Original files,XX Original files,XX Original files,"","","","","",.pdf
"",TEMPLATE Annual solvency declaration of Growme (Aus) Pty Ltd (2019).pdf,Corporate/XX Original files/TEMPLATE Annual solvency declaration of Growme (Aus) Pty Ltd (2019).pdf,.pdf,0,0,"",XX Original files,XX Original files,XX Original files,XX Original files,"","","","","",.pdf
"",TEMPLATE Annual solvency declaration of Growme (Aus) Pty Ltd (2020).pdf,Corporate/XX Original files/TEMPLATE Annual solvency declaration of Growme (Aus) Pty Ltd (2020).pdf,.pdf,0,0,"",XX Original files,XX Original files,XX Original files,XX Original files,"","","","","",.pdf
"",TEMPLATE Annual solvency declaration of Growme (Aus) Pty Ltd (2021).pdf,Corporate/XX Original files/TEMPLATE Annual solvency declaration of Growme (Aus) Pty Ltd (2021).pdf,.pdf,0,0,"",XX Original files,XX Original files,XX Original files,XX Original files,"","","","","",.pdf
"",TEMPLATE Annual solvency declaration of Growme (Aus) Pty Ltd (2022).pdf,Corporate/XX Original files/TEMPLATE Annual solvency declaration of Growme (Aus) Pty Ltd (2022).pdf,.pdf,0,0,"",XX Original files,XX Original files,XX Original files,XX Original files,"","","","","",.pdf
"",TEMPLATE Annual solvency declaration of Growme (Aus) Pty Ltd .docx,Corporate/XX Original files/TEMPLATE Annual solvency declaration of Growme (Aus) Pty Ltd .docx,.docx,0,0,"",XX Original files,XX Original files,XX Original files,XX Original files,"","","","","",.docx
"",TEMPLATE Annual solvency declaration of  AIR GLIDER PTY LTD (2019).pdf,Corporate/XX Original files/TEMPLATE Annual solvency declaration of  AIR GLIDER PTY LTD (2019).pdf,.pdf,0,0,"",XX Original files,XX Original files,XX Original files,XX Original files,"","","","","",.pdf
"",TEMPLATE Annual solvency declaration of  AIR GLIDER PTY LTD (2020).pdf,Corporate/XX Original files/TEMPLATE Annual solvency declaration of  AIR GLIDER PTY LTD (2020).pdf,.pdf,0,0,"",XX Original files,XX Original files,XX Original files,XX Original files,"","","","","",.pdf
"",TEMPLATE Annual solvency declaration of  AIR GLIDER PTY LTD (2021).pdf,Corporate/XX Original files/TEMPLATE Annual solvency declaration of  AIR GLIDER PTY LTD (2021).pdf,.pdf,0,0,"",XX Original files,XX Original files,XX Original files,XX Original files,"","","","","",.pdf
"",TEMPLATE Annual solvency declaration of  AIR GLIDER PTY LTD (2022).pdf,Corporate/XX Original files/TEMPLATE Annual solvency declaration of  AIR GLIDER PTY LTD (2022).pdf,.pdf,0,0,"",XX Original files,XX Original files,XX Original files,XX Original files,"","","","","",.pdf
"",TEMPLATE Annual solvency declaration of  AIR GLIDER PTY LTD.docx,Corporate/XX Original files/TEMPLATE Annual solvency declaration of  AIR GLIDER PTY LTD.docx,.docx,0,0,"",XX Original files,XX Original files,XX Original files,XX Original files,"","","","","",.docx
"",TEMPLATE Annual solvency declaration of  SVRGE PTY LTD (2019).pdf,Corporate/XX Original files/TEMPLATE Annual solvency declaration of  SVRGE PTY LTD (2019).pdf,.pdf,0,0,"",XX Original files,XX Original files,XX Original files,XX Original files,"","","","","",.pdf
"",TEMPLATE Annual solvency declaration of  SVRGE PTY LTD (2021).pdf,Corporate/XX Original files/TEMPLATE Annual solvency declaration of  SVRGE PTY LTD (2021).pdf,.pdf,0,0,"",XX Original files,XX Original files,XX Original files,XX Original files,"","","","","",.pdf
"",TEMPLATE Annual solvency declaration of  SVRGE PTY LTD(2022).pdf,Corporate/XX Original files/TEMPLATE Annual solvency declaration of  SVRGE PTY LTD(2022).pdf,.pdf,0,0,"",XX Original files,XX Original files,XX Original files,XX Original files,"","","","","",.pdf
"",TEMPLATE Annual solvency declaration of  SVRGE PTY LTD.docx,Corporate/XX Original files/TEMPLATE Annual solvency declaration of  SVRGE PTY LTD.docx,.docx,0,0,"",XX Original files,XX Original files,XX Original files,XX Original files,"","","","","",.docx
"",TEMPLATE Annual solvency declaration of  EASIDAI PTY LTD (2019).pdf,Corporate/XX Original files/TEMPLATE Annual solvency declaration of  EASIDAI PTY LTD (2019).pdf,.pdf,0,0,"",XX Original files,XX Original files,XX Original files,XX Original files,"","","","","",.pdf
"",TEMPLATE Annual solvency declaration of  EASIDAI PTY LTD (2020).pdf,Corporate/XX Original files/TEMPLATE Annual solvency declaration of  EASIDAI PTY LTD (2020).pdf,.pdf,0,0,"",XX Original files,XX Original files,XX Original files,XX Original files,"","","","","",.pdf
"",TEMPLATE Annual solvency declaration of  EASIDAI PTY LTD (2021).pdf,Corporate/XX Original files/TEMPLATE Annual solvency declaration of  EASIDAI PTY LTD (2021).pdf,.pdf,0,0,"",XX Original files,XX Original files,XX Original files,XX Original files,"","","","","",.pdf
"",TEMPLATE Annual solvency declaration of  EASIDAI PTY LTD(2022).pdf,Corporate/XX Original files/TEMPLATE Annual solvency declaration of  EASIDAI PTY LTD(2022).pdf,.pdf,0,0,"",XX Original files,XX Original files,XX Original files,XX Original files,"","","","","",.pdf
"",TEMPLATE Annual solvency declaration of  EASIDAI PTY LTD.docx,Corporate/XX Original files/TEMPLATE Annual solvency declaration of  EASIDAI PTY LTD.docx,.docx,0,0,"",XX Original files,XX Original files,XX Original files,XX Original files,"","","","","",.docx
"",TEMPLATE Annual solvency declaration of  EAST VALLEY RESIDENCES PTY LTD (2019).pdf,Corporate/XX Original files/TEMPLATE Annual solvency declaration of  EAST VALLEY RESIDENCES PTY LTD (2019).pdf,.pdf,0,0,"",XX Original files,XX Original files,XX Original files,XX Original files,"","","","","",.pdf
"",TEMPLATE Annual solvency declaration of  EAST VALLEY RESIDENCES PTY LTD (2020).pdf,Corporate/XX Original files/TEMPLATE Annual solvency declaration of  EAST VALLEY RESIDENCES PTY LTD (2020).pdf,.pdf,0,0,"",XX Original files,XX Original files,XX Original files,XX Original files,"","","","","",.pdf
"",TEMPLATE Annual solvency declaration of  EAST VALLEY RESIDENCES PTY LTD (2021).pdf,Corporate/XX Original files/TEMPLATE Annual solvency declaration of  EAST VALLEY RESIDENCES PTY LTD (2021).pdf,.pdf,0,0,"",XX Original files,XX Original files,XX Original files,XX Original files,"","","","","",.pdf
"",TEMPLATE Annual solvency declaration of  EAST VALLEY RESIDENCES PTY LTD (2022).pdf,Corporate/XX Original files/TEMPLATE Annual solvency declaration of  EAST VALLEY RESIDENCES PTY LTD (2022).pdf,.pdf,0,0,"",XX Original files,XX Original files,XX Original files,XX Original files,"","","","","",.pdf
"",TEMPLATE Annual solvency declaration of  EAST VALLEY RESIDENCES PTY LTD.docx,Corporate/XX Original files/TEMPLATE Annual solvency declaration of  EAST VALLEY RESIDENCES PTY LTD.docx,.docx,0,0,"",XX Original files,XX Original files,XX Original files,XX Original files,"","","","","",.docx
"",TEMPLATE Annual solvency declaration of  ELPIS TERRACES PTY LTD (2022).pdf,Corporate/XX Original files/TEMPLATE Annual solvency declaration of  ELPIS TERRACES PTY LTD (2022).pdf,.pdf,0,0,"",XX Original files,XX Original files,XX Original files,XX Original files,"","","","","",.pdf
"",TEMPLATE Annual solvency declaration of  ELPIS TERRACES PTY LTD.docx,Corporate/XX Original files/TEMPLATE Annual solvency declaration of  ELPIS TERRACES PTY LTD.docx,.docx,0,0,"",XX Original files,XX Original files,XX Original files,XX Original files,"","","","","",.docx
"",TEMPLATE Annual solvency declaration of  FINANCIAL ASSET MANAGEMENT PTY LTD (2019).pdf,Corporate/XX Original files/TEMPLATE Annual solvency declaration of  FINANCIAL ASSET MANAGEMENT PTY LTD (2019).pdf,.pdf,0,0,"",XX Original files,XX Original files,XX Original files,XX Original files,"","","","","",.pdf
"",TEMPLATE Annual solvency declaration of  FINANCIAL ASSET MANAGEMENT PTY LTD (2020).pdf,Corporate/XX Original files/TEMPLATE Annual solvency declaration of  FINANCIAL ASSET MANAGEMENT PTY LTD (2020).pdf,.pdf,0,0,"",XX Original files,XX Original files,XX Original files,XX Original files,"","","","","",.pdf
"",TEMPLATE Annual solvency declaration of  FINANCIAL ASSET MANAGEMENT PTY LTD (2021).pdf,Corporate/XX Original files/TEMPLATE Annual solvency declaration of  FINANCIAL ASSET MANAGEMENT PTY LTD (2021).pdf,.pdf,0,0,"",XX Original files,XX Original files,XX Original files,XX Original files,"","","","","",.pdf
"",TEMPLATE Annual solvency declaration of  FINANCIAL ASSET MANAGEMENT PTY LTD (2022).pdf,Corporate/XX Original files/TEMPLATE Annual solvency declaration of  FINANCIAL ASSET MANAGEMENT PTY LTD (2022).pdf,.pdf,0,0,"",XX Original files,XX Original files,XX Original files,XX Original files,"","","","","",.pdf
"",TEMPLATE Annual solvency declaration of  FINANCIAL ASSET MANAGEMENT PTY LTD.docx,Corporate/XX Original files/TEMPLATE Annual solvency declaration of  FINANCIAL ASSET MANAGEMENT PTY LTD.docx,.docx,0,0,"",XX Original files,XX Original files,XX Original files,XX Original files,"","","","","",.docx
"",TEMPLATE Annual solvency declaration of  IMPACT HOMES PTY LTD (2001).pdf,Corporate/XX Original files/TEMPLATE Annual solvency declaration of  IMPACT HOMES PTY LTD (2001).pdf,.pdf,0,0,"",XX Original files,XX Original files,XX Original files,XX Original files,"","","","","",.pdf
"",TEMPLATE Annual solvency declaration of  IMPACT HOMES PTY LTD (2002).pdf,Corporate/XX Original files/TEMPLATE Annual solvency declaration of  IMPACT HOMES PTY LTD (2002).pdf,.pdf,0,0,"",XX Original files,XX Original files,XX Original files,XX Original files,"","","","","",.pdf
"",TEMPLATE Annual solvency declaration of  IMPACT HOMES PTY LTD (2003).pdf,Corporate/XX Original files/TEMPLATE Annual solvency declaration of  IMPACT HOMES PTY LTD (2003).pdf,.pdf,0,0,"",XX Original files,XX Original files,XX Original files,XX Original files,"","","","","",.pdf
"",TEMPLATE Annual solvency declaration of  IMPACT HOMES PTY LTD (2004).pdf,Corporate/XX Original files/TEMPLATE Annual solvency declaration of  IMPACT HOMES PTY LTD (2004).pdf,.pdf,0,0,"",XX Original files,XX Original files,XX Original files,XX Original files,"","","","","",.pdf
"",TEMPLATE Annual solvency declaration of  IMPACT HOMES PTY LTD (2005).pdf,Corporate/XX Original files/TEMPLATE Annual solvency declaration of  IMPACT HOMES PTY LTD (2005).pdf,.pdf,0,0,"",XX Original files,XX Original files,XX Original files,XX Original files,"","","","","",.pdf
"",TEMPLATE Annual solvency declaration of  IMPACT HOMES PTY LTD (2006).pdf,Corporate/XX Original files/TEMPLATE Annual solvency declaration of  IMPACT HOMES PTY LTD (2006).pdf,.pdf,0,0,"",XX Original files,XX Original files,XX Original files,XX Original files,"","","","","",.pdf
"",TEMPLATE Annual solvency declaration of  IMPACT HOMES PTY LTD (2007).pdf,Corporate/XX Original files/TEMPLATE Annual solvency declaration of  IMPACT HOMES PTY LTD (2007).pdf,.pdf,0,0,"",XX Original files,XX Original files,XX Original files,XX Original files,"","","","","",.pdf
"",TEMPLATE Annual solvency declaration of  IMPACT HOMES PTY LTD (2008).pdf,Corporate/XX Original files/TEMPLATE Annual solvency declaration of  IMPACT HOMES PTY LTD (2008).pdf,.pdf,0,0,"",XX Original files,XX Original files,XX Original files,XX Original files,"","","","","",.pdf
"",TEMPLATE Annual solvency declaration of  IMPACT HOMES PTY LTD (2009).pdf,Corporate/XX Original files/TEMPLATE Annual solvency declaration of  IMPACT HOMES PTY LTD (2009).pdf,.pdf,0,0,"",XX Original files,XX Original files,XX Original files,XX Original files,"","","","","",.pdf
"",TEMPLATE Annual solvency declaration of  IMPACT HOMES PTY LTD (2010).pdf,Corporate/XX Original files/TEMPLATE Annual solvency declaration of  IMPACT HOMES PTY LTD (2010).pdf,.pdf,0,0,"",XX Original files,XX Original files,XX Original files,XX Original files,"","","","","",.pdf
"",TEMPLATE Annual solvency declaration of  IMPACT HOMES PTY LTD (2011).pdf,Corporate/XX Original files/TEMPLATE Annual solvency declaration of  IMPACT HOMES PTY LTD (2011).pdf,.pdf,0,0,"",XX Original files,XX Original files,XX Original files,XX Original files,"","","","","",.pdf
"",TEMPLATE Annual solvency declaration of  IMPACT HOMES PTY LTD (2012).pdf,Corporate/XX Original files/TEMPLATE Annual solvency declaration of  IMPACT HOMES PTY LTD (2012).pdf,.pdf,0,0,"",XX Original files,XX Original files,XX Original files,XX Original files,"","","","","",.pdf
"",TEMPLATE Annual solvency declaration of  IMPACT HOMES PTY LTD (2013).pdf,Corporate/XX Original files/TEMPLATE Annual solvency declaration of  IMPACT HOMES PTY LTD (2013).pdf,.pdf,0,0,"",XX Original files,XX Original files,XX Original files,XX Original files,"","","","","",.pdf
"",TEMPLATE Annual solvency declaration of  IMPACT HOMES PTY LTD (2014).pdf,Corporate/XX Original files/TEMPLATE Annual solvency declaration of  IMPACT HOMES PTY LTD (2014).pdf,.pdf,0,0,"",XX Original files,XX Original files,XX Original files,XX Original files,"","","","","",.pdf
"",TEMPLATE Annual solvency declaration of  IMPACT HOMES PTY LTD (2015).pdf,Corporate/XX Original files/TEMPLATE Annual solvency declaration of  IMPACT HOMES PTY LTD (2015).pdf,.pdf,0,0,"",XX Original files,XX Original files,XX Original files,XX Original files,"","","","","",.pdf
"",TEMPLATE Annual solvency declaration of  IMPACT HOMES PTY LTD (2016).pdf,Corporate/XX Original files/TEMPLATE Annual solvency declaration of  IMPACT HOMES PTY LTD (2016).pdf,.pdf,0,0,"",XX Original files,XX Original files,XX Original files,XX Original files,"","","","","",.pdf
"",TEMPLATE Annual solvency declaration of  IMPACT HOMES PTY LTD (2017).pdf,Corporate/XX Original files/TEMPLATE Annual solvency declaration of  IMPACT HOMES PTY LTD (2017).pdf,.pdf,0,0,"",XX Original files,XX Original files,XX Original files,XX Original files,"","","","","",.pdf
"",TEMPLATE Annual solvency declaration of  IMPACT HOMES PTY LTD (2018).pdf,Corporate/XX Original files/TEMPLATE Annual solvency declaration of  IMPACT HOMES PTY LTD (2018).pdf,.pdf,0,0,"",XX Original files,XX Original files,XX Original files,XX Original files,"","","","","",.pdf
"",TEMPLATE Annual solvency declaration of  IMPACT HOMES PTY LTD (2019).pdf,Corporate/XX Original files/TEMPLATE Annual solvency declaration of  IMPACT HOMES PTY LTD (2019).pdf,.pdf,0,0,"",XX Original files,XX Original files,XX Original files,XX Original files,"","","","","",.pdf
"",TEMPLATE Annual solvency declaration of  IMPACT HOMES PTY LTD (2021).pdf,Corporate/XX Original files/TEMPLATE Annual solvency declaration of  IMPACT HOMES PTY LTD (2021).pdf,.pdf,0,0,"",XX Original files,XX Original files,XX Original files,XX Original files,"","","","","",.pdf
"",TEMPLATE Annual solvency declaration of  IMPACT HOMES PTY LTD (2022).pdf,Corporate/XX Original files/TEMPLATE Annual solvency declaration of  IMPACT HOMES PTY LTD (2022).pdf,.pdf,0,0,"",XX Original files,XX Original files,XX Original files,XX Original files,"","","","","",.pdf
"",TEMPLATE Annual solvency declaration of  IMPACT HOMES PTY LTD.docx,Corporate/XX Original files/TEMPLATE Annual solvency declaration of  IMPACT HOMES PTY LTD.docx,.docx,0,0,"",XX Original files,XX Original files,XX Original files,XX Original files,"","","","","",.docx
"",TEMPLATE Annual solvency declaration of IMPACT HOMES PTY LTD (2020).pdf,Corporate/XX Original files/TEMPLATE Annual solvency declaration of IMPACT HOMES PTY LTD (2020).pdf,.pdf,0,0,"",XX Original files,XX Original files,XX Original files,XX Original files,"","","","","",.pdf
"",TEMPLATE Annual solvency declaration of  LANDSCAPING IMPACT PTY LTD (2018).pdf,Corporate/XX Original files/TEMPLATE Annual solvency declaration of  LANDSCAPING IMPACT PTY LTD (2018).pdf,.pdf,0,0,"",XX Original files,XX Original files,XX Original files,XX Original files,"","","","","",.pdf
"",TEMPLATE Annual solvency declaration of  LANDSCAPING IMPACT PTY LTD (2019).pdf,Corporate/XX Original files/TEMPLATE Annual solvency declaration of  LANDSCAPING IMPACT PTY LTD (2019).pdf,.pdf,0,0,"",XX Original files,XX Original files,XX Original files,XX Original files,"","","","","",.pdf
"",TEMPLATE Annual solvency declaration of  LANDSCAPING IMPACT PTY LTD (2020).pdf,Corporate/XX Original files/TEMPLATE Annual solvency declaration of  LANDSCAPING IMPACT PTY LTD (2020).pdf,.pdf,0,0,"",XX Original files,XX Original files,XX Original files,XX Original files,"","","","","",.pdf
"",TEMPLATE Annual solvency declaration of  LANDSCAPING IMPACT PTY LTD (2021).pdf,Corporate/XX Original files/TEMPLATE Annual solvency declaration of  LANDSCAPING IMPACT PTY LTD (2021).pdf,.pdf,0,0,"",XX Original files,XX Original files,XX Original files,XX Original files,"","","","","",.pdf
"",TEMPLATE Annual solvency declaration of  LANDSCAPING IMPACT PTY LTD (2022).pdf,Corporate/XX Original files/TEMPLATE Annual solvency declaration of  LANDSCAPING IMPACT PTY LTD (2022).pdf,.pdf,0,0,"",XX Original files,XX Original files,XX Original files,XX Original files,"","","","","",.pdf
"",TEMPLATE Annual solvency declaration of  LANDSCAPING IMPACT PTY LTD.docx,Corporate/XX Original files/TEMPLATE Annual solvency declaration of  LANDSCAPING IMPACT PTY LTD.docx,.docx,0,0,"",XX Original files,XX Original files,XX Original files,XX Original files,"","","","","",.docx
"",TEMPLATE Annual solvency declaration of   LT DREAM PTY LTD (2011).pdf,Corporate/XX Original files/TEMPLATE Annual solvency declaration of   LT DREAM PTY LTD (2011).pdf,.pdf,0,0,"",XX Original files,XX Original files,XX Original files,XX Original files,"","","","","",.pdf
"",TEMPLATE Annual solvency declaration of   LT DREAM PTY LTD (2012).pdf,Corporate/XX Original files/TEMPLATE Annual solvency declaration of   LT DREAM PTY LTD (2012).pdf,.pdf,0,0,"",XX Original files,XX Original files,XX Original files,XX Original files,"","","","","",.pdf
"",TEMPLATE Annual solvency declaration of   LT DREAM PTY LTD (2013).pdf,Corporate/XX Original files/TEMPLATE Annual solvency declaration of   LT DREAM PTY LTD (2013).pdf,.pdf,0,0,"",XX Original files,XX Original files,XX Original files,XX Original files,"","","","","",.pdf
"",TEMPLATE Annual solvency declaration of   LT DREAM PTY LTD (2014).pdf,Corporate/XX Original files/TEMPLATE Annual solvency declaration of   LT DREAM PTY LTD (2014).pdf,.pdf,0,0,"",XX Original files,XX Original files,XX Original files,XX Original files,"","","","","",.pdf
"",TEMPLATE Annual solvency declaration of   LT DREAM PTY LTD (2015).pdf,Corporate/XX Original files/TEMPLATE Annual solvency declaration of   LT DREAM PTY LTD (2015).pdf,.pdf,0,0,"",XX Original files,XX Original files,XX Original files,XX Original files,"","","","","",.pdf
"",TEMPLATE Annual solvency declaration of   LT DREAM PTY LTD (2016).pdf,Corporate/XX Original files/TEMPLATE Annual solvency declaration of   LT DREAM PTY LTD (2016).pdf,.pdf,0,0,"",XX Original files,XX Original files,XX Original files,XX Original files,"","","","","",.pdf
"",TEMPLATE Annual solvency declaration of   LT DREAM PTY LTD (2017).pdf,Corporate/XX Original files/TEMPLATE Annual solvency declaration of   LT DREAM PTY LTD (2017).pdf,.pdf,0,0,"",XX Original files,XX Original files,XX Original files,XX Original files,"","","","","",.pdf
"",TEMPLATE Annual solvency declaration of   LT DREAM PTY LTD (2018).pdf,Corporate/XX Original files/TEMPLATE Annual solvency declaration of   LT DREAM PTY LTD (2018).pdf,.pdf,0,0,"",XX Original files,XX Original files,XX Original files,XX Original files,"","","","","",.pdf
"",TEMPLATE Annual solvency declaration of   LT DREAM PTY LTD (2019).pdf,Corporate/XX Original files/TEMPLATE Annual solvency declaration of   LT DREAM PTY LTD (2019).pdf,.pdf,0,0,"",XX Original files,XX Original files,XX Original files,XX Original files,"","","","","",.pdf
"",TEMPLATE Annual solvency declaration of   LT DREAM PTY LTD (2020).pdf,Corporate/XX Original files/TEMPLATE Annual solvency declaration of   LT DREAM PTY LTD (2020).pdf,.pdf,0,0,"",XX Original files,XX Original files,XX Original files,XX Original files,"","","","","",.pdf
"",TEMPLATE Annual solvency declaration of   LT DREAM PTY LTD (2021).pdf,Corporate/XX Original files/TEMPLATE Annual solvency declaration of   LT DREAM PTY LTD (2021).pdf,.pdf,0,0,"",XX Original files,XX Original files,XX Original files,XX Original files,"","","","","",.pdf
"",TEMPLATE Annual solvency declaration of   LT DREAM PTY LTD (2022).pdf,Corporate/XX Original files/TEMPLATE Annual solvency declaration of   LT DREAM PTY LTD (2022).pdf,.pdf,0,0,"",XX Original files,XX Original files,XX Original files,XX Original files,"","","","","",.pdf
"",TEMPLATE Annual solvency declaration of   LT DREAM PTY LTD.docx,Corporate/XX Original files/TEMPLATE Annual solvency declaration of   LT DREAM PTY LTD.docx,.docx,0,0,"",XX Original files,XX Original files,XX Original files,XX Original files,"","","","","",.docx
"",TEMPLATE Annual solvency declaration of   LT DREAM 2 PTY LTD (2013).pdf,Corporate/XX Original files/TEMPLATE Annual solvency declaration of   LT DREAM 2 PTY LTD (2013).pdf,.pdf,0,0,"",XX Original files,XX Original files,XX Original files,XX Original files,"","","","","",.pdf
"",TEMPLATE Annual solvency declaration of   LT DREAM 2 PTY LTD (2014).pdf,Corporate/XX Original files/TEMPLATE Annual solvency declaration of   LT DREAM 2 PTY LTD (2014).pdf,.pdf,0,0,"",XX Original files,XX Original files,XX Original files,XX Original files,"","","","","",.pdf
"",TEMPLATE Annual solvency declaration of   LT DREAM 2 PTY LTD (2015).pdf,Corporate/XX Original files/TEMPLATE Annual solvency declaration of   LT DREAM 2 PTY LTD (2015).pdf,.pdf,0,0,"",XX Original files,XX Original files,XX Original files,XX Original files,"","","","","",.pdf
"",TEMPLATE Annual solvency declaration of   LT DREAM 2 PTY LTD (2016).pdf,Corporate/XX Original files/TEMPLATE Annual solvency declaration of   LT DREAM 2 PTY LTD (2016).pdf,.pdf,0,0,"",XX Original files,XX Original files,XX Original files,XX Original files,"","","","","",.pdf
"",TEMPLATE Annual solvency declaration of   LT DREAM 2 PTY LTD (2017).pdf,Corporate/XX Original files/TEMPLATE Annual solvency declaration of   LT DREAM 2 PTY LTD (2017).pdf,.pdf,0,0,"",XX Original files,XX Original files,XX Original files,XX Original files,"","","","","",.pdf
"",TEMPLATE Annual solvency declaration of   LT DREAM 2 PTY LTD (2018).pdf,Corporate/XX Original files/TEMPLATE Annual solvency declaration of   LT DREAM 2 PTY LTD (2018).pdf,.pdf,0,0,"",XX Original files,XX Original files,XX Original files,XX Original files,"","","","","",.pdf
"",TEMPLATE Annual solvency declaration of   LT DREAM 2 PTY LTD (2019).pdf,Corporate/XX Original files/TEMPLATE Annual solvency declaration of   LT DREAM 2 PTY LTD (2019).pdf,.pdf,0,0,"",XX Original files,XX Original files,XX Original files,XX Original files,"","","","","",.pdf
"",TEMPLATE Annual solvency declaration of   LT DREAM 2 PTY LTD (2020).pdf,Corporate/XX Original files/TEMPLATE Annual solvency declaration of   LT DREAM 2 PTY LTD (2020).pdf,.pdf,0,0,"",XX Original files,XX Original files,XX Original files,XX Original files,"","","","","",.pdf
"",TEMPLATE Annual solvency declaration of   LT DREAM 2 PTY LTD (2021).pdf,Corporate/XX Original files/TEMPLATE Annual solvency declaration of   LT DREAM 2 PTY LTD (2021).pdf,.pdf,0,0,"",XX Original files,XX Original files,XX Original files,XX Original files,"","","","","",.pdf
"",TEMPLATE Annual solvency declaration of   LT DREAM 2 PTY LTD (2022).pdf,Corporate/XX Original files/TEMPLATE Annual solvency declaration of   LT DREAM 2 PTY LTD (2022).pdf,.pdf,0,0,"",XX Original files,XX Original files,XX Original files,XX Original files,"","","","","",.pdf
"",TEMPLATE Annual solvency declaration of   LT DREAM 2 PTY LTD.docx,Corporate/XX Original files/TEMPLATE Annual solvency declaration of   LT DREAM 2 PTY LTD.docx,.docx,0,0,"",XX Original files,XX Original files,XX Original files,XX Original files,"","","","","",.docx
"",TEMPLATE Annual solvency declaration of HARDER DEVELOPMENTS PTY LTD (1997).pdf,Corporate/XX Original files/TEMPLATE Annual solvency declaration of HARDER DEVELOPMENTS PTY LTD (1997).pdf,.pdf,0,0,"",XX Original files,XX Original files,XX Original files,XX Original files,"","","","","",.pdf
"",TEMPLATE Annual solvency declaration of HARDER DEVELOPMENTS PTY LTD (1998).pdf,Corporate/XX Original files/TEMPLATE Annual solvency declaration of HARDER DEVELOPMENTS PTY LTD (1998).pdf,.pdf,0,0,"",XX Original files,XX Original files,XX Original files,XX Original files,"","","","","",.pdf
"",TEMPLATE Annual solvency declaration of HARDER DEVELOPMENTS PTY LTD (1999).pdf,Corporate/XX Original files/TEMPLATE Annual solvency declaration of HARDER DEVELOPMENTS PTY LTD (1999).pdf,.pdf,0,0,"",XX Original files,XX Original files,XX Original files,XX Original files,"","","","","",.pdf
"",TEMPLATE Annual solvency declaration of HARDER DEVELOPMENTS PTY LTD (2000).pdf,Corporate/XX Original files/TEMPLATE Annual solvency declaration of HARDER DEVELOPMENTS PTY LTD (2000).pdf,.pdf,0,0,"",XX Original files,XX Original files,XX Original files,XX Original files,"","","","","",.pdf
"",TEMPLATE Annual solvency declaration of HARDER DEVELOPMENTS PTY LTD (2001).pdf,Corporate/XX Original files/TEMPLATE Annual solvency declaration of HARDER DEVELOPMENTS PTY LTD (2001).pdf,.pdf,0,0,"",XX Original files,XX Original files,XX Original files,XX Original files,"","","","","",.pdf
"",TEMPLATE Annual solvency declaration of HARDER DEVELOPMENTS PTY LTD (2002).pdf,Corporate/XX Original files/TEMPLATE Annual solvency declaration of HARDER DEVELOPMENTS PTY LTD (2002).pdf,.pdf,0,0,"",XX Original files,XX Original files,XX Original files,XX Original files,"","","","","",.pdf
"",TEMPLATE Annual solvency declaration of HARDER DEVELOPMENTS PTY LTD (2003).pdf,Corporate/XX Original files/TEMPLATE Annual solvency declaration of HARDER DEVELOPMENTS PTY LTD (2003).pdf,.pdf,0,0,"",XX Original files,XX Original files,XX Original files,XX Original files,"","","","","",.pdf
"",TEMPLATE Annual solvency declaration of HARDER DEVELOPMENTS PTY LTD (2004).pdf,Corporate/XX Original files/TEMPLATE Annual solvency declaration of HARDER DEVELOPMENTS PTY LTD (2004).pdf,.pdf,0,0,"",XX Original files,XX Original files,XX Original files,XX Original files,"","","","","",.pdf
"",TEMPLATE Annual solvency declaration of HARDER DEVELOPMENTS PTY LTD (2005).pdf,Corporate/XX Original files/TEMPLATE Annual solvency declaration of HARDER DEVELOPMENTS PTY LTD (2005).pdf,.pdf,0,0,"",XX Original files,XX Original files,XX Original files,XX Original files,"","","","","",.pdf
"",TEMPLATE Annual solvency declaration of HARDER DEVELOPMENTS PTY LTD (2006).pdf,Corporate/XX Original files/TEMPLATE Annual solvency declaration of HARDER DEVELOPMENTS PTY LTD (2006).pdf,.pdf,0,0,"",XX Original files,XX Original files,XX Original files,XX Original files,"","","","","",.pdf
"",TEMPLATE Annual solvency declaration of HARDER DEVELOPMENTS PTY LTD (2007).pdf,Corporate/XX Original files/TEMPLATE Annual solvency declaration of HARDER DEVELOPMENTS PTY LTD (2007).pdf,.pdf,0,0,"",XX Original files,XX Original files,XX Original files,XX Original files,"","","","","",.pdf
"",TEMPLATE Annual solvency declaration of HARDER DEVELOPMENTS PTY LTD (2008).pdf,Corporate/XX Original files/TEMPLATE Annual solvency declaration of HARDER DEVELOPMENTS PTY LTD (2008).pdf,.pdf,0,0,"",XX Original files,XX Original files,XX Original files,XX Original files,"","","","","",.pdf
"",TEMPLATE Annual solvency declaration of HARDER DEVELOPMENTS PTY LTD (2009).pdf,Corporate/XX Original files/TEMPLATE Annual solvency declaration of HARDER DEVELOPMENTS PTY LTD (2009).pdf,.pdf,0,0,"",XX Original files,XX Original files,XX Original files,XX Original files,"","","","","",.pdf
"",TEMPLATE Annual solvency declaration of HARDER DEVELOPMENTS PTY LTD (2010).pdf,Corporate/XX Original files/TEMPLATE Annual solvency declaration of HARDER DEVELOPMENTS PTY LTD (2010).pdf,.pdf,0,0,"",XX Original files,XX Original files,XX Original files,XX Original files,"","","","","",.pdf
"",TEMPLATE Annual solvency declaration of HARDER DEVELOPMENTS PTY LTD (2011).pdf,Corporate/XX Original files/TEMPLATE Annual solvency declaration of HARDER DEVELOPMENTS PTY LTD (2011).pdf,.pdf,0,0,"",XX Original files,XX Original files,XX Original files,XX Original files,"","","","","",.pdf
"",TEMPLATE Annual solvency declaration of HARDER DEVELOPMENTS PTY LTD (2012).pdf,Corporate/XX Original files/TEMPLATE Annual solvency declaration of HARDER DEVELOPMENTS PTY LTD (2012).pdf,.pdf,0,0,"",XX Original files,XX Original files,XX Original files,XX Original files,"","","","","",.pdf
"",TEMPLATE Annual solvency declaration of HARDER DEVELOPMENTS PTY LTD (2013).pdf,Corporate/XX Original files/TEMPLATE Annual solvency declaration of HARDER DEVELOPMENTS PTY LTD (2013).pdf,.pdf,0,0,"",XX Original files,XX Original files,XX Original files,XX Original files,"","","","","",.pdf
"",TEMPLATE Annual solvency declaration of HARDER DEVELOPMENTS PTY LTD (2014).pdf,Corporate/XX Original files/TEMPLATE Annual solvency declaration of HARDER DEVELOPMENTS PTY LTD (2014).pdf,.pdf,0,0,"",XX Original files,XX Original files,XX Original files,XX Original files,"","","","","",.pdf
"",TEMPLATE Annual solvency declaration of HARDER DEVELOPMENTS PTY LTD (2015).pdf,Corporate/XX Original files/TEMPLATE Annual solvency declaration of HARDER DEVELOPMENTS PTY LTD (2015).pdf,.pdf,0,0,"",XX Original files,XX Original files,XX Original files,XX Original files,"","","","","",.pdf
"",TEMPLATE Annual solvency declaration of HARDER DEVELOPMENTS PTY LTD (2016).pdf,Corporate/XX Original files/TEMPLATE Annual solvency declaration of HARDER DEVELOPMENTS PTY LTD (2016).pdf,.pdf,0,0,"",XX Original files,XX Original files,XX Original files,XX Original files,"","","","","",.pdf
"",TEMPLATE Annual solvency declaration of HARDER DEVELOPMENTS PTY LTD (2017).pdf,Corporate/XX Original files/TEMPLATE Annual solvency declaration of HARDER DEVELOPMENTS PTY LTD (2017).pdf,.pdf,0,0,"",XX Original files,XX Original files,XX Original files,XX Original files,"","","","","",.pdf
"",TEMPLATE Annual solvency declaration of HARDER DEVELOPMENTS PTY LTD (2018).pdf,Corporate/XX Original files/TEMPLATE Annual solvency declaration of HARDER DEVELOPMENTS PTY LTD (2018).pdf,.pdf,0,0,"",XX Original files,XX Original files,XX Original files,XX Original files,"","","","","",.pdf
"",TEMPLATE Annual solvency declaration of HARDER DEVELOPMENTS PTY LTD (2019).pdf,Corporate/XX Original files/TEMPLATE Annual solvency declaration of HARDER DEVELOPMENTS PTY LTD (2019).pdf,.pdf,0,0,"",XX Original files,XX Original files,XX Original files,XX Original files,"","","","","",.pdf
"",TEMPLATE Annual solvency declaration of HARDER DEVELOPMENTS PTY LTD (2020).pdf,Corporate/XX Original files/TEMPLATE Annual solvency declaration of HARDER DEVELOPMENTS PTY LTD (2020).pdf,.pdf,0,0,"",XX Original files,XX Original files,XX Original files,XX Original files,"","","","","",.pdf
"",TEMPLATE Annual solvency declaration of HARDER DEVELOPMENTS PTY LTD (2021).pdf,Corporate/XX Original files/TEMPLATE Annual solvency declaration of HARDER DEVELOPMENTS PTY LTD (2021).pdf,.pdf,0,0,"",XX Original files,XX Original files,XX Original files,XX Original files,"","","","","",.pdf
"",TEMPLATE Annual solvency declaration of HARDER DEVELOPMENTS PTY LTD (2022).pdf,Corporate/XX Original files/TEMPLATE Annual solvency declaration of HARDER DEVELOPMENTS PTY LTD (2022).pdf,.pdf,0,0,"",XX Original files,XX Original files,XX Original files,XX Original files,"","","","","",.pdf
"",TEMPLATE Annual solvency declaration of HARDER DEVELOPMENTS PTY LTD.docx,Corporate/XX Original files/TEMPLATE Annual solvency declaration of HARDER DEVELOPMENTS PTY LTD.docx,.docx,0,0,"",XX Original files,XX Original files,XX Original files,XX Original files,"","","","","",.docx
"",TEMPLATE Annual solvency declaration of   LT DREAM 3 PTY LTD (2014).pdf,Corporate/XX Original files/TEMPLATE Annual solvency declaration of   LT DREAM 3 PTY LTD (2014).pdf,.pdf,0,0,"",XX Original files,XX Original files,XX Original files,XX Original files,"","","","","",.pdf
"",TEMPLATE Annual solvency declaration of   LT DREAM 3 PTY LTD (2015).pdf,Corporate/XX Original files/TEMPLATE Annual solvency declaration of   LT DREAM 3 PTY LTD (2015).pdf,.pdf,0,0,"",XX Original files,XX Original files,XX Original files,XX Original files,"","","","","",.pdf
"",TEMPLATE Annual solvency declaration of   LT DREAM 3 PTY LTD (2016).pdf,Corporate/XX Original files/TEMPLATE Annual solvency declaration of   LT DREAM 3 PTY LTD (2016).pdf,.pdf,0,0,"",XX Original files,XX Original files,XX Original files,XX Original files,"","","","","",.pdf
"",TEMPLATE Annual solvency declaration of   LT DREAM 3 PTY LTD (2017).pdf,Corporate/XX Original files/TEMPLATE Annual solvency declaration of   LT DREAM 3 PTY LTD (2017).pdf,.pdf,0,0,"",XX Original files,XX Original files,XX Original files,XX Original files,"","","","","",.pdf
"",TEMPLATE Annual solvency declaration of   LT DREAM 3 PTY LTD (2018).pdf,Corporate/XX Original files/TEMPLATE Annual solvency declaration of   LT DREAM 3 PTY LTD (2018).pdf,.pdf,0,0,"",XX Original files,XX Original files,XX Original files,XX Original files,"","","","","",.pdf
"",TEMPLATE Annual solvency declaration of   LT DREAM 3 PTY LTD (2019).pdf,Corporate/XX Original files/TEMPLATE Annual solvency declaration of   LT DREAM 3 PTY LTD (2019).pdf,.pdf,0,0,"",XX Original files,XX Original files,XX Original files,XX Original files,"","","","","",.pdf
"",TEMPLATE Annual solvency declaration of   LT DREAM 3 PTY LTD (2020).pdf,Corporate/XX Original files/TEMPLATE Annual solvency declaration of   LT DREAM 3 PTY LTD (2020).pdf,.pdf,0,0,"",XX Original files,XX Original files,XX Original files,XX Original files,"","","","","",.pdf
"",TEMPLATE Annual solvency declaration of   LT DREAM 3 PTY LTD (2021).pdf,Corporate/XX Original files/TEMPLATE Annual solvency declaration of   LT DREAM 3 PTY LTD (2021).pdf,.pdf,0,0,"",XX Original files,XX Original files,XX Original files,XX Original files,"","","","","",.pdf
"",TEMPLATE Annual solvency declaration of   LT DREAM 3 PTY LTD (2022).pdf,Corporate/XX Original files/TEMPLATE Annual solvency declaration of   LT DREAM 3 PTY LTD (2022).pdf,.pdf,0,0,"",XX Original files,XX Original files,XX Original files,XX Original files,"","","","","",.pdf
"",TEMPLATE Annual solvency declaration of   LT DREAM 3 PTY LTD.docx,Corporate/XX Original files/TEMPLATE Annual solvency declaration of   LT DREAM 3 PTY LTD.docx,.docx,0,0,"",XX Original files,XX Original files,XX Original files,XX Original files,"","","","","",.docx
"",TEMPLATE Annual solvency declaration of   NEXT STEPS GLOBAL PTY LTD (2019).pdf,Corporate/XX Original files/TEMPLATE Annual solvency declaration of   NEXT STEPS GLOBAL PTY LTD (2019).pdf,.pdf,0,0,"",XX Original files,XX Original files,XX Original files,XX Original files,"","","","","",.pdf
"",TEMPLATE Annual solvency declaration of   NEXT STEPS GLOBAL PTY LTD (2020).pdf,Corporate/XX Original files/TEMPLATE Annual solvency declaration of   NEXT STEPS GLOBAL PTY LTD (2020).pdf,.pdf,0,0,"",XX Original files,XX Original files,XX Original files,XX Original files,"","","","","",.pdf
"",TEMPLATE Annual solvency declaration of   NEXT STEPS GLOBAL PTY LTD (2021).pdf,Corporate/XX Original files/TEMPLATE Annual solvency declaration of   NEXT STEPS GLOBAL PTY LTD (2021).pdf,.pdf,0,0,"",XX Original files,XX Original files,XX Original files,XX Original files,"","","","","",.pdf
"",TEMPLATE Annual solvency declaration of   NEXT STEPS GLOBAL PTY LTD (2022).pdf,Corporate/XX Original files/TEMPLATE Annual solvency declaration of   NEXT STEPS GLOBAL PTY LTD (2022).pdf,.pdf,0,0,"",XX Original files,XX Original files,XX Original files,XX Original files,"","","","","",.pdf
"",TEMPLATE Annual solvency declaration of   NEXT STEPS GLOBAL PTY LTD.docx,Corporate/XX Original files/TEMPLATE Annual solvency declaration of   NEXT STEPS GLOBAL PTY LTD.docx,.docx,0,0,"",XX Original files,XX Original files,XX Original files,XX Original files,"","","","","",.docx
"",TEMPLATE Annual solvency declaration of   MONEY MAID PTY LTD (2013).pdf,Corporate/XX Original files/TEMPLATE Annual solvency declaration of   MONEY MAID PTY LTD (2013).pdf,.pdf,0,0,"",XX Original files,XX Original files,XX Original files,XX Original files,"","","","","",.pdf
"",TEMPLATE Annual solvency declaration of   MONEY MAID PTY LTD (2014).pdf,Corporate/XX Original files/TEMPLATE Annual solvency declaration of   MONEY MAID PTY LTD (2014).pdf,.pdf,0,0,"",XX Original files,XX Original files,XX Original files,XX Original files,"","","","","",.pdf
"",TEMPLATE Annual solvency declaration of   MONEY MAID PTY LTD (2015).pdf,Corporate/XX Original files/TEMPLATE Annual solvency declaration of   MONEY MAID PTY LTD (2015).pdf,.pdf,0,0,"",XX Original files,XX Original files,XX Original files,XX Original files,"","","","","",.pdf
"",TEMPLATE Annual solvency declaration of   MONEY MAID PTY LTD (2016).pdf,Corporate/XX Original files/TEMPLATE Annual solvency declaration of   MONEY MAID PTY LTD (2016).pdf,.pdf,0,0,"",XX Original files,XX Original files,XX Original files,XX Original files,"","","","","",.pdf
"",TEMPLATE Annual solvency declaration of   MONEY MAID PTY LTD (2017).pdf,Corporate/XX Original files/TEMPLATE Annual solvency declaration of   MONEY MAID PTY LTD (2017).pdf,.pdf,0,0,"",XX Original files,XX Original files,XX Original files,XX Original files,"","","","","",.pdf
"",TEMPLATE Annual solvency declaration of   MONEY MAID PTY LTD (2018).pdf,Corporate/XX Original files/TEMPLATE Annual solvency declaration of   MONEY MAID PTY LTD (2018).pdf,.pdf,0,0,"",XX Original files,XX Original files,XX Original files,XX Original files,"","","","","",.pdf
"",TEMPLATE Annual solvency declaration of   MONEY MAID PTY LTD (2019).pdf,Corporate/XX Original files/TEMPLATE Annual solvency declaration of   MONEY MAID PTY LTD (2019).pdf,.pdf,0,0,"",XX Original files,XX Original files,XX Original files,XX Original files,"","","","","",.pdf
"",TEMPLATE Annual solvency declaration of   MONEY MAID PTY LTD (2020).pdf,Corporate/XX Original files/TEMPLATE Annual solvency declaration of   MONEY MAID PTY LTD (2020).pdf,.pdf,0,0,"",XX Original files,XX Original files,XX Original files,XX Original files,"","","","","",.pdf
"",TEMPLATE Annual solvency declaration of   MONEY MAID PTY LTD (2021).pdf,Corporate/XX Original files/TEMPLATE Annual solvency declaration of   MONEY MAID PTY LTD (2021).pdf,.pdf,0,0,"",XX Original files,XX Original files,XX Original files,XX Original files,"","","","","",.pdf
"",TEMPLATE Annual solvency declaration of   MONEY MAID PTY LTD (2022).pdf,Corporate/XX Original files/TEMPLATE Annual solvency declaration of   MONEY MAID PTY LTD (2022).pdf,.pdf,0,0,"",XX Original files,XX Original files,XX Original files,XX Original files,"","","","","",.pdf
"",TEMPLATE Annual solvency declaration of   MONEY MAID PTY LTD.docx,Corporate/XX Original files/TEMPLATE Annual solvency declaration of   MONEY MAID PTY LTD.docx,.docx,0,0,"",XX Original files,XX Original files,XX Original files,XX Original files,"","","","","",.docx
"",TEMPLATE Annual solvency declaration of   OPEN GOLD HOLDINGS PTY LTD (2016).pdf,Corporate/XX Original files/TEMPLATE Annual solvency declaration of   OPEN GOLD HOLDINGS PTY LTD (2016).pdf,.pdf,0,0,"",XX Original files,XX Original files,XX Original files,XX Original files,"","","","","",.pdf
"",TEMPLATE Annual solvency declaration of   OPEN GOLD HOLDINGS PTY LTD (2017).pdf,Corporate/XX Original files/TEMPLATE Annual solvency declaration of   OPEN GOLD HOLDINGS PTY LTD (2017).pdf,.pdf,0,0,"",XX Original files,XX Original files,XX Original files,XX Original files,"","","","","",.pdf
"",TEMPLATE Annual solvency declaration of   OPEN GOLD HOLDINGS PTY LTD (2018).pdf,Corporate/XX Original files/TEMPLATE Annual solvency declaration of   OPEN GOLD HOLDINGS PTY LTD (2018).pdf,.pdf,0,0,"",XX Original files,XX Original files,XX Original files,XX Original files,"","","","","",.pdf
"",TEMPLATE Annual solvency declaration of   OPEN GOLD HOLDINGS PTY LTD (2019).pdf,Corporate/XX Original files/TEMPLATE Annual solvency declaration of   OPEN GOLD HOLDINGS PTY LTD (2019).pdf,.pdf,0,0,"",XX Original files,XX Original files,XX Original files,XX Original files,"","","","","",.pdf
"",TEMPLATE Annual solvency declaration of   OPEN GOLD HOLDINGS PTY LTD (2020).pdf,Corporate/XX Original files/TEMPLATE Annual solvency declaration of   OPEN GOLD HOLDINGS PTY LTD (2020).pdf,.pdf,0,0,"",XX Original files,XX Original files,XX Original files,XX Original files,"","","","","",.pdf
"",TEMPLATE Annual solvency declaration of   OPEN GOLD HOLDINGS PTY LTD (2021).pdf,Corporate/XX Original files/TEMPLATE Annual solvency declaration of   OPEN GOLD HOLDINGS PTY LTD (2021).pdf,.pdf,0,0,"",XX Original files,XX Original files,XX Original files,XX Original files,"","","","","",.pdf
"",TEMPLATE Annual solvency declaration of   OPEN GOLD HOLDINGS PTY LTD (2022).pdf,Corporate/XX Original files/TEMPLATE Annual solvency declaration of   OPEN GOLD HOLDINGS PTY LTD (2022).pdf,.pdf,0,0,"",XX Original files,XX Original files,XX Original files,XX Original files,"","","","","",.pdf
"",TEMPLATE Annual solvency declaration of   OPEN GOLD HOLDINGS PTY LTD.docx,Corporate/XX Original files/TEMPLATE Annual solvency declaration of   OPEN GOLD HOLDINGS PTY LTD.docx,.docx,0,0,"",XX Original files,XX Original files,XX Original files,XX Original files,"","","","","",.docx
"",TEMPLATE Annual solvency declaration of   OPEN GOLD CORPORATE PTY LTD (2016).pdf,Corporate/XX Original files/TEMPLATE Annual solvency declaration of   OPEN GOLD CORPORATE PTY LTD (2016).pdf,.pdf,0,0,"",XX Original files,XX Original files,XX Original files,XX Original files,"","","","","",.pdf
"",TEMPLATE Annual solvency declaration of   OPEN GOLD CORPORATE PTY LTD (2017).pdf,Corporate/XX Original files/TEMPLATE Annual solvency declaration of   OPEN GOLD CORPORATE PTY LTD (2017).pdf,.pdf,0,0,"",XX Original files,XX Original files,XX Original files,XX Original files,"","","","","",.pdf
"",TEMPLATE Annual solvency declaration of   OPEN GOLD CORPORATE PTY LTD (2018).pdf,Corporate/XX Original files/TEMPLATE Annual solvency declaration of   OPEN GOLD CORPORATE PTY LTD (2018).pdf,.pdf,0,0,"",XX Original files,XX Original files,XX Original files,XX Original files,"","","","","",.pdf
"",TEMPLATE Annual solvency declaration of   OPEN GOLD CORPORATE PTY LTD (2019).pdf,Corporate/XX Original files/TEMPLATE Annual solvency declaration of   OPEN GOLD CORPORATE PTY LTD (2019).pdf,.pdf,0,0,"",XX Original files,XX Original files,XX Original files,XX Original files,"","","","","",.pdf
"",TEMPLATE Annual solvency declaration of   OPEN GOLD CORPORATE PTY LTD (2020).pdf,Corporate/XX Original files/TEMPLATE Annual solvency declaration of   OPEN GOLD CORPORATE PTY LTD (2020).pdf,.pdf,0,0,"",XX Original files,XX Original files,XX Original files,XX Original files,"","","","","",.pdf
"",TEMPLATE Annual solvency declaration of   OPEN GOLD CORPORATE PTY LTD (2021).pdf,Corporate/XX Original files/TEMPLATE Annual solvency declaration of   OPEN GOLD CORPORATE PTY LTD (2021).pdf,.pdf,0,0,"",XX Original files,XX Original files,XX Original files,XX Original files,"","","","","",.pdf
"",TEMPLATE Annual solvency declaration of   OPEN GOLD CORPORATE PTY LTD (2022).pdf,Corporate/XX Original files/TEMPLATE Annual solvency declaration of   OPEN GOLD CORPORATE PTY LTD (2022).pdf,.pdf,0,0,"",XX Original files,XX Original files,XX Original files,XX Original files,"","","","","",.pdf
"",TEMPLATE Annual solvency declaration of   OPEN GOLD CORPORATE PTY LTD.docx,Corporate/XX Original files/TEMPLATE Annual solvency declaration of   OPEN GOLD CORPORATE PTY LTD.docx,.docx,0,0,"",XX Original files,XX Original files,XX Original files,XX Original files,"","","","","",.docx
"",TEMPLATE Annual solvency declaration of   OPEN GOLD EXCHANGE PTY LTD (2022).pdf,Corporate/XX Original files/TEMPLATE Annual solvency declaration of   OPEN GOLD EXCHANGE PTY LTD (2022).pdf,.pdf,0,0,"",XX Original files,XX Original files,XX Original files,XX Original files,"","","","","",.pdf
"",TEMPLATE Annual solvency declaration of   OPEN GOLD EXCHANGE PTY LTD.docx,Corporate/XX Original files/TEMPLATE Annual solvency declaration of   OPEN GOLD EXCHANGE PTY LTD.docx,.docx,0,0,"",XX Original files,XX Original files,XX Original files,XX Original files,"","","","","",.docx
"",TEMPLATE Annual solvency declaration of   OPEN GOLD REA PTY LTD (2022).pdf,Corporate/XX Original files/TEMPLATE Annual solvency declaration of   OPEN GOLD REA PTY LTD (2022).pdf,.pdf,0,0,"",XX Original files,XX Original files,XX Original files,XX Original files,"","","","","",.pdf
"",TEMPLATE Annual solvency declaration of   OPEN GOLD REA PTY LTD.docx,Corporate/XX Original files/TEMPLATE Annual solvency declaration of   OPEN GOLD REA PTY LTD.docx,.docx,0,0,"",XX Original files,XX Original files,XX Original files,XX Original files,"","","","","",.docx
"",TEMPLATE Annual solvency declaration of  OXLEY LAND PTY LTD (2017).pdf,Corporate/XX Original files/TEMPLATE Annual solvency declaration of  OXLEY LAND PTY LTD (2017).pdf,.pdf,0,0,"",XX Original files,XX Original files,XX Original files,XX Original files,"","","","","",.pdf
"",TEMPLATE Annual solvency declaration of  OXLEY LAND PTY LTD (2018).pdf,Corporate/XX Original files/TEMPLATE Annual solvency declaration of  OXLEY LAND PTY LTD (2018).pdf,.pdf,0,0,"",XX Original files,XX Original files,XX Original files,XX Original files,"","","","","",.pdf
"",TEMPLATE Annual solvency declaration of  OXLEY LAND PTY LTD (2019).pdf,Corporate/XX Original files/TEMPLATE Annual solvency declaration of  OXLEY LAND PTY LTD (2019).pdf,.pdf,0,0,"",XX Original files,XX Original files,XX Original files,XX Original files,"","","","","",.pdf
"",TEMPLATE Annual solvency declaration of  OXLEY LAND PTY LTD (2020).pdf,Corporate/XX Original files/TEMPLATE Annual solvency declaration of  OXLEY LAND PTY LTD (2020).pdf,.pdf,0,0,"",XX Original files,XX Original files,XX Original files,XX Original files,"","","","","",.pdf
"",TEMPLATE Annual solvency declaration of  OXLEY LAND PTY LTD (2021).pdf,Corporate/XX Original files/TEMPLATE Annual solvency declaration of  OXLEY LAND PTY LTD (2021).pdf,.pdf,0,0,"",XX Original files,XX Original files,XX Original files,XX Original files,"","","","","",.pdf
"",TEMPLATE Annual solvency declaration of  OXLEY LAND PTY LTD (2022).pdf,Corporate/XX Original files/TEMPLATE Annual solvency declaration of  OXLEY LAND PTY LTD (2022).pdf,.pdf,0,0,"",XX Original files,XX Original files,XX Original files,XX Original files,"","","","","",.pdf
"",TEMPLATE Annual solvency declaration of  OXLEY LAND PTY LTD.docx,Corporate/XX Original files/TEMPLATE Annual solvency declaration of  OXLEY LAND PTY LTD.docx,.docx,0,0,"",XX Original files,XX Original files,XX Original files,XX Original files,"","","","","",.docx
"",TEMPLATE Annual solvency declaration of  PA2 PTY LTD (2017).pdf,Corporate/XX Original files/TEMPLATE Annual solvency declaration of  PA2 PTY LTD (2017).pdf,.pdf,0,0,"",XX Original files,XX Original files,XX Original files,XX Original files,"","","","","",.pdf
"",TEMPLATE Annual solvency declaration of  PA2 PTY LTD (2018).pdf,Corporate/XX Original files/TEMPLATE Annual solvency declaration of  PA2 PTY LTD (2018).pdf,.pdf,0,0,"",XX Original files,XX Original files,XX Original files,XX Original files,"","","","","",.pdf
"",TEMPLATE Annual solvency declaration of  PA2 PTY LTD (2019).pdf,Corporate/XX Original files/TEMPLATE Annual solvency declaration of  PA2 PTY LTD (2019).pdf,.pdf,0,0,"",XX Original files,XX Original files,XX Original files,XX Original files,"","","","","",.pdf
"",TEMPLATE Annual solvency declaration of  PA2 PTY LTD (2020).pdf,Corporate/XX Original files/TEMPLATE Annual solvency declaration of  PA2 PTY LTD (2020).pdf,.pdf,0,0,"",XX Original files,XX Original files,XX Original files,XX Original files,"","","","","",.pdf
"",TEMPLATE Annual solvency declaration of  PA2 PTY LTD (2021).pdf,Corporate/XX Original files/TEMPLATE Annual solvency declaration of  PA2 PTY LTD (2021).pdf,.pdf,0,0,"",XX Original files,XX Original files,XX Original files,XX Original files,"","","","","",.pdf
"",TEMPLATE Annual solvency declaration of  PA2 PTY LTD (2022).pdf,Corporate/XX Original files/TEMPLATE Annual solvency declaration of  PA2 PTY LTD (2022).pdf,.pdf,0,0,"",XX Original files,XX Original files,XX Original files,XX Original files,"","","","","",.pdf
"",TEMPLATE Annual solvency declaration of  PA2 PTY LTD.docx,Corporate/XX Original files/TEMPLATE Annual solvency declaration of  PA2 PTY LTD.docx,.docx,0,0,"",XX Original files,XX Original files,XX Original files,XX Original files,"","","","","",.docx
"",TEMPLATE Annual solvency declaration of PA36 PTY LTD (2017).pdf,Corporate/XX Original files/TEMPLATE Annual solvency declaration of PA36 PTY LTD (2017).pdf,.pdf,0,0,"",XX Original files,XX Original files,XX Original files,XX Original files,"","","","","",.pdf
"",TEMPLATE Annual solvency declaration of PA36 PTY LTD (2018).pdf,Corporate/XX Original files/TEMPLATE Annual solvency declaration of PA36 PTY LTD (2018).pdf,.pdf,0,0,"",XX Original files,XX Original files,XX Original files,XX Original files,"","","","","",.pdf
"",TEMPLATE Annual solvency declaration of PA36 PTY LTD (2019).pdf,Corporate/XX Original files/TEMPLATE Annual solvency declaration of PA36 PTY LTD (2019).pdf,.pdf,0,0,"",XX Original files,XX Original files,XX Original files,XX Original files,"","","","","",.pdf
"",TEMPLATE Annual solvency declaration of PA36 PTY LTD (2020).pdf,Corporate/XX Original files/TEMPLATE Annual solvency declaration of PA36 PTY LTD (2020).pdf,.pdf,0,0,"",XX Original files,XX Original files,XX Original files,XX Original files,"","","","","",.pdf
"",TEMPLATE Annual solvency declaration of PA36 PTY LTD (2021).pdf,Corporate/XX Original files/TEMPLATE Annual solvency declaration of PA36 PTY LTD (2021).pdf,.pdf,0,0,"",XX Original files,XX Original files,XX Original files,XX Original files,"","","","","",.pdf
"",TEMPLATE Annual solvency declaration of PA36 PTY LTD (2022).pdf,Corporate/XX Original files/TEMPLATE Annual solvency declaration of PA36 PTY LTD (2022).pdf,.pdf,0,0,"",XX Original files,XX Original files,XX Original files,XX Original files,"","","","","",.pdf
"",TEMPLATE Annual solvency declaration of PA36 PTY LTD.docx,Corporate/XX Original files/TEMPLATE Annual solvency declaration of PA36 PTY LTD.docx,.docx,0,0,"",XX Original files,XX Original files,XX Original files,XX Original files,"","","","","",.docx
"",TEMPLATE Annual solvency declaration of NARANGBA VIEW PTY LTD (2018).pdf,Corporate/XX Original files/TEMPLATE Annual solvency declaration of NARANGBA VIEW PTY LTD (2018).pdf,.pdf,0,0,"",XX Original files,XX Original files,XX Original files,XX Original files,"","","","","",.pdf
"",TEMPLATE Annual solvency declaration of NARANGBA VIEW PTY LTD (2019).pdf,Corporate/XX Original files/TEMPLATE Annual solvency declaration of NARANGBA VIEW PTY LTD (2019).pdf,.pdf,0,0,"",XX Original files,XX Original files,XX Original files,XX Original files,"","","","","",.pdf
"",TEMPLATE Annual solvency declaration of NARANGBA VIEW PTY LTD (2020).pdf,Corporate/XX Original files/TEMPLATE Annual solvency declaration of NARANGBA VIEW PTY LTD (2020).pdf,.pdf,0,0,"",XX Original files,XX Original files,XX Original files,XX Original files,"","","","","",.pdf
"",TEMPLATE Annual solvency declaration of NARANGBA VIEW PTY LTD (2021).pdf,Corporate/XX Original files/TEMPLATE Annual solvency declaration of NARANGBA VIEW PTY LTD (2021).pdf,.pdf,0,0,"",XX Original files,XX Original files,XX Original files,XX Original files,"","","","","",.pdf
"",TEMPLATE Annual solvency declaration of NARANGBA VIEW PTY LTD (2022).pdf,Corporate/XX Original files/TEMPLATE Annual solvency declaration of NARANGBA VIEW PTY LTD (2022).pdf,.pdf,0,0,"",XX Original files,XX Original files,XX Original files,XX Original files,"","","","","",.pdf
"",TEMPLATE Annual solvency declaration of NARANGBA VIEW PTY LTD.docx,Corporate/XX Original files/TEMPLATE Annual solvency declaration of NARANGBA VIEW PTY LTD.docx,.docx,0,0,"",XX Original files,XX Original files,XX Original files,XX Original files,"","","","","",.docx
"",TEMPLATE Annual solvency declaration of PA37 PTY LTD (2017).pdf,Corporate/XX Original files/TEMPLATE Annual solvency declaration of PA37 PTY LTD (2017).pdf,.pdf,0,0,"",XX Original files,XX Original files,XX Original files,XX Original files,"","","","","",.pdf
"",TEMPLATE Annual solvency declaration of PA37 PTY LTD (2018).pdf,Corporate/XX Original files/TEMPLATE Annual solvency declaration of PA37 PTY LTD (2018).pdf,.pdf,0,0,"",XX Original files,XX Original files,XX Original files,XX Original files,"","","","","",.pdf
"",TEMPLATE Annual solvency declaration of PA37 PTY LTD (2019).pdf,Corporate/XX Original files/TEMPLATE Annual solvency declaration of PA37 PTY LTD (2019).pdf,.pdf,0,0,"",XX Original files,XX Original files,XX Original files,XX Original files,"","","","","",.pdf
"",TEMPLATE Annual solvency declaration of PA37 PTY LTD (2020).pdf,Corporate/XX Original files/TEMPLATE Annual solvency declaration of PA37 PTY LTD (2020).pdf,.pdf,0,0,"",XX Original files,XX Original files,XX Original files,XX Original files,"","","","","",.pdf
"",TEMPLATE Annual solvency declaration of PA37 PTY LTD (2021).pdf,Corporate/XX Original files/TEMPLATE Annual solvency declaration of PA37 PTY LTD (2021).pdf,.pdf,0,0,"",XX Original files,XX Original files,XX Original files,XX Original files,"","","","","",.pdf
"",TEMPLATE Annual solvency declaration of PA37 PTY LTD (2022).pdf,Corporate/XX Original files/TEMPLATE Annual solvency declaration of PA37 PTY LTD (2022).pdf,.pdf,0,0,"",XX Original files,XX Original files,XX Original files,XX Original files,"","","","","",.pdf
"",TEMPLATE Annual solvency declaration of PA37 PTY LTD.docx,Corporate/XX Original files/TEMPLATE Annual solvency declaration of PA37 PTY LTD.docx,.docx,0,0,"",XX Original files,XX Original files,XX Original files,XX Original files,"","","","","",.docx
"",TEMPLATE Annual solvency declaration of PA6 PTY LTD (2017).pdf,Corporate/XX Original files/TEMPLATE Annual solvency declaration of PA6 PTY LTD (2017).pdf,.pdf,0,0,"",XX Original files,XX Original files,XX Original files,XX Original files,"","","","","",.pdf
"",TEMPLATE Annual solvency declaration of PA6 PTY LTD (2018).pdf,Corporate/XX Original files/TEMPLATE Annual solvency declaration of PA6 PTY LTD (2018).pdf,.pdf,0,0,"",XX Original files,XX Original files,XX Original files,XX Original files,"","","","","",.pdf
"",TEMPLATE Annual solvency declaration of PA6 PTY LTD (2019).pdf,Corporate/XX Original files/TEMPLATE Annual solvency declaration of PA6 PTY LTD (2019).pdf,.pdf,0,0,"",XX Original files,XX Original files,XX Original files,XX Original files,"","","","","",.pdf
"",TEMPLATE Annual solvency declaration of PA6 PTY LTD (2020).pdf,Corporate/XX Original files/TEMPLATE Annual solvency declaration of PA6 PTY LTD (2020).pdf,.pdf,0,0,"",XX Original files,XX Original files,XX Original files,XX Original files,"","","","","",.pdf
"",TEMPLATE Annual solvency declaration of PA6 PTY LTD (2021).pdf,Corporate/XX Original files/TEMPLATE Annual solvency declaration of PA6 PTY LTD (2021).pdf,.pdf,0,0,"",XX Original files,XX Original files,XX Original files,XX Original files,"","","","","",.pdf
"",TEMPLATE Annual solvency declaration of PA6 PTY LTD (2022).pdf,Corporate/XX Original files/TEMPLATE Annual solvency declaration of PA6 PTY LTD (2022).pdf,.pdf,0,0,"",XX Original files,XX Original files,XX Original files,XX Original files,"","","","","",.pdf
"",TEMPLATE Annual solvency declaration of PA6 PTY LTD.docx,Corporate/XX Original files/TEMPLATE Annual solvency declaration of PA6 PTY LTD.docx,.docx,0,0,"",XX Original files,XX Original files,XX Original files,XX Original files,"","","","","",.docx
"",TEMPLATE Annual solvency declaration of PRIVIUM ADMIN SERVICES PTY LTD (2011).pdf,Corporate/XX Original files/TEMPLATE Annual solvency declaration of PRIVIUM ADMIN SERVICES PTY LTD (2011).pdf,.pdf,0,0,"",XX Original files,XX Original files,XX Original files,XX Original files,"","","","","",.pdf
"",TEMPLATE Annual solvency declaration of PRIVIUM ADMIN SERVICES PTY LTD (2012).pdf,Corporate/XX Original files/TEMPLATE Annual solvency declaration of PRIVIUM ADMIN SERVICES PTY LTD (2012).pdf,.pdf,0,0,"",XX Original files,XX Original files,XX Original files,XX Original files,"","","","","",.pdf
"",TEMPLATE Annual solvency declaration of PRIVIUM ADMIN SERVICES PTY LTD (2013).pdf,Corporate/XX Original files/TEMPLATE Annual solvency declaration of PRIVIUM ADMIN SERVICES PTY LTD (2013).pdf,.pdf,0,0,"",XX Original files,XX Original files,XX Original files,XX Original files,"","","","","",.pdf
"",TEMPLATE Annual solvency declaration of PRIVIUM ADMIN SERVICES PTY LTD (2014).pdf,Corporate/XX Original files/TEMPLATE Annual solvency declaration of PRIVIUM ADMIN SERVICES PTY LTD (2014).pdf,.pdf,0,0,"",XX Original files,XX Original files,XX Original files,XX Original files,"","","","","",.pdf
"",TEMPLATE Annual solvency declaration of PRIVIUM ADMIN SERVICES PTY LTD (2015).pdf,Corporate/XX Original files/TEMPLATE Annual solvency declaration of PRIVIUM ADMIN SERVICES PTY LTD (2015).pdf,.pdf,0,0,"",XX Original files,XX Original files,XX Original files,XX Original files,"","","","","",.pdf
"",TEMPLATE Annual solvency declaration of PRIVIUM ADMIN SERVICES PTY LTD (2016).pdf,Corporate/XX Original files/TEMPLATE Annual solvency declaration of PRIVIUM ADMIN SERVICES PTY LTD (2016).pdf,.pdf,0,0,"",XX Original files,XX Original files,XX Original files,XX Original files,"","","","","",.pdf
"",TEMPLATE Annual solvency declaration of PRIVIUM ADMIN SERVICES PTY LTD (2017).pdf,Corporate/XX Original files/TEMPLATE Annual solvency declaration of PRIVIUM ADMIN SERVICES PTY LTD (2017).pdf,.pdf,0,0,"",XX Original files,XX Original files,XX Original files,XX Original files,"","","","","",.pdf
"",TEMPLATE Annual solvency declaration of PRIVIUM ADMIN SERVICES PTY LTD (2018).pdf,Corporate/XX Original files/TEMPLATE Annual solvency declaration of PRIVIUM ADMIN SERVICES PTY LTD (2018).pdf,.pdf,0,0,"",XX Original files,XX Original files,XX Original files,XX Original files,"","","","","",.pdf
"",TEMPLATE Annual solvency declaration of PRIVIUM ADMIN SERVICES PTY LTD (2019).pdf,Corporate/XX Original files/TEMPLATE Annual solvency declaration of PRIVIUM ADMIN SERVICES PTY LTD (2019).pdf,.pdf,0,0,"",XX Original files,XX Original files,XX Original files,XX Original files,"","","","","",.pdf
"",TEMPLATE Annual solvency declaration of PRIVIUM ADMIN SERVICES PTY LTD (2020).pdf,Corporate/XX Original files/TEMPLATE Annual solvency declaration of PRIVIUM ADMIN SERVICES PTY LTD (2020).pdf,.pdf,0,0,"",XX Original files,XX Original files,XX Original files,XX Original files,"","","","","",.pdf
"",TEMPLATE Annual solvency declaration of PRIVIUM ADMIN SERVICES PTY LTD (2021).pdf,Corporate/XX Original files/TEMPLATE Annual solvency declaration of PRIVIUM ADMIN SERVICES PTY LTD (2021).pdf,.pdf,0,0,"",XX Original files,XX Original files,XX Original files,XX Original files,"","","","","",.pdf
"",TEMPLATE Annual solvency declaration of PRIVIUM ADMIN SERVICES PTY LTD (2022).pdf,Corporate/XX Original files/TEMPLATE Annual solvency declaration of PRIVIUM ADMIN SERVICES PTY LTD (2022).pdf,.pdf,0,0,"",XX Original files,XX Original files,XX Original files,XX Original files,"","","","","",.pdf
"",TEMPLATE Annual solvency declaration of PRIVIUM ADMIN SERVICES PTY LTD.docx,Corporate/XX Original files/TEMPLATE Annual solvency declaration of PRIVIUM ADMIN SERVICES PTY LTD.docx,.docx,0,0,"",XX Original files,XX Original files,XX Original files,XX Original files,"","","","","",.docx
"",TEMPLATE Annual solvency declaration of PRIVIUM CONSTRUCTION PTY LTD (2013).pdf,Corporate/XX Original files/TEMPLATE Annual solvency declaration of PRIVIUM CONSTRUCTION PTY LTD (2013).pdf,.pdf,0,0,"",XX Original files,XX Original files,XX Original files,XX Original files,"","","","","",.pdf
"",TEMPLATE Annual solvency declaration of PRIVIUM CONSTRUCTION PTY LTD (2014).pdf,Corporate/XX Original files/TEMPLATE Annual solvency declaration of PRIVIUM CONSTRUCTION PTY LTD (2014).pdf,.pdf,0,0,"",XX Original files,XX Original files,XX Original files,XX Original files,"","","","","",.pdf
"",TEMPLATE Annual solvency declaration of PRIVIUM CONSTRUCTION PTY LTD (2015).pdf,Corporate/XX Original files/TEMPLATE Annual solvency declaration of PRIVIUM CONSTRUCTION PTY LTD (2015).pdf,.pdf,0,0,"",XX Original files,XX Original files,XX Original files,XX Original files,"","","","","",.pdf
"",TEMPLATE Annual solvency declaration of PRIVIUM CONSTRUCTION PTY LTD (2016).pdf,Corporate/XX Original files/TEMPLATE Annual solvency declaration of PRIVIUM CONSTRUCTION PTY LTD (2016).pdf,.pdf,0,0,"",XX Original files,XX Original files,XX Original files,XX Original files,"","","","","",.pdf
"",TEMPLATE Annual solvency declaration of PRIVIUM CONSTRUCTION PTY LTD (2017).pdf,Corporate/XX Original files/TEMPLATE Annual solvency declaration of PRIVIUM CONSTRUCTION PTY LTD (2017).pdf,.pdf,0,0,"",XX Original files,XX Original files,XX Original files,XX Original files,"","","","","",.pdf
"",TEMPLATE Annual solvency declaration of PRIVIUM CONSTRUCTION PTY LTD (2018).pdf,Corporate/XX Original files/TEMPLATE Annual solvency declaration of PRIVIUM CONSTRUCTION PTY LTD (2018).pdf,.pdf,0,0,"",XX Original files,XX Original files,XX Original files,XX Original files,"","","","","",.pdf
"",TEMPLATE Annual solvency declaration of PRIVIUM CONSTRUCTION PTY LTD (2019).pdf,Corporate/XX Original files/TEMPLATE Annual solvency declaration of PRIVIUM CONSTRUCTION PTY LTD (2019).pdf,.pdf,0,0,"",XX Original files,XX Original files,XX Original files,XX Original files,"","","","","",.pdf
"",TEMPLATE Annual solvency declaration of PRIVIUM CONSTRUCTION PTY LTD (2020).pdf,Corporate/XX Original files/TEMPLATE Annual solvency declaration of PRIVIUM CONSTRUCTION PTY LTD (2020).pdf,.pdf,0,0,"",XX Original files,XX Original files,XX Original files,XX Original files,"","","","","",.pdf
"",TEMPLATE Annual solvency declaration of PRIVIUM CONSTRUCTION PTY LTD (2021).pdf,Corporate/XX Original files/TEMPLATE Annual solvency declaration of PRIVIUM CONSTRUCTION PTY LTD (2021).pdf,.pdf,0,0,"",XX Original files,XX Original files,XX Original files,XX Original files,"","","","","",.pdf
"",TEMPLATE Annual solvency declaration of PRIVIUM CONSTRUCTION PTY LTD (2022).pdf,Corporate/XX Original files/TEMPLATE Annual solvency declaration of PRIVIUM CONSTRUCTION PTY LTD (2022).pdf,.pdf,0,0,"",XX Original files,XX Original files,XX Original files,XX Original files,"","","","","",.pdf
"",TEMPLATE Annual solvency declaration of PRIVIUM CONSTRUCTION PTY LTD.docx,Corporate/XX Original files/TEMPLATE Annual solvency declaration of PRIVIUM CONSTRUCTION PTY LTD.docx,.docx,0,0,"",XX Original files,XX Original files,XX Original files,XX Original files,"","","","","",.docx
"",TEMPLATE Annual solvency declaration of PROPERTY ALTERNATIVE DEVELOPMENTS    PTY LTD (2017).pdf,Corporate/XX Original files/TEMPLATE Annual solvency declaration of PROPERTY ALTERNATIVE DEVELOPMENTS    PTY LTD (2017).pdf,.pdf,0,0,"",XX Original files,XX Original files,XX Original files,XX Original files,"","","","","",.pdf
"",TEMPLATE Annual solvency declaration of PROPERTY ALTERNATIVE DEVELOPMENTS    PTY LTD (2019).pdf,Corporate/XX Original files/TEMPLATE Annual solvency declaration of PROPERTY ALTERNATIVE DEVELOPMENTS    PTY LTD (2019).pdf,.pdf,0,0,"",XX Original files,XX Original files,XX Original files,XX Original files,"","","","","",.pdf
"",TEMPLATE Annual solvency declaration of PROPERTY ALTERNATIVE DEVELOPMENTS  PTY LTD (2020).pdf,Corporate/XX Original files/TEMPLATE Annual solvency declaration of PROPERTY ALTERNATIVE DEVELOPMENTS  PTY LTD (2020).pdf,.pdf,0,0,"",XX Original files,XX Original files,XX Original files,XX Original files,"","","","","",.pdf
"",TEMPLATE Annual solvency declaration of PROPERTY ALTERNATIVE DEVELOPMENTS  PTY LTD (2021).pdf,Corporate/XX Original files/TEMPLATE Annual solvency declaration of PROPERTY ALTERNATIVE DEVELOPMENTS  PTY LTD (2021).pdf,.pdf,0,0,"",XX Original files,XX Original files,XX Original files,XX Original files,"","","","","",.pdf
"",TEMPLATE Annual solvency declaration of PROPERTY ALTERNATIVE DEVELOPMENTS PTY LTD (2018).pdf,Corporate/XX Original files/TEMPLATE Annual solvency declaration of PROPERTY ALTERNATIVE DEVELOPMENTS PTY LTD (2018).pdf,.pdf,0,0,"",XX Original files,XX Original files,XX Original files,XX Original files,"","","","","",.pdf
"",TEMPLATE Annual solvency declaration of PROPERTY ALTERNATIVE DEVELOPMENTS PTY LTD (2022).pdf,Corporate/XX Original files/TEMPLATE Annual solvency declaration of PROPERTY ALTERNATIVE DEVELOPMENTS PTY LTD (2022).pdf,.pdf,0,0,"",XX Original files,XX Original files,XX Original files,XX Original files,"","","","","",.pdf
"",TEMPLATE Annual solvency declaration of PROPERTY ALTERNATIVE DEVELOPMENTS PTY LTD.docx,Corporate/XX Original files/TEMPLATE Annual solvency declaration of PROPERTY ALTERNATIVE DEVELOPMENTS PTY LTD.docx,.docx,0,0,"",XX Original files,XX Original files,XX Original files,XX Original files,"","","","","",.docx
"",TEMPLATE Annual solvency declaration of ROCK INVEST 11 PTY LTD (2016).pdf,Corporate/XX Original files/TEMPLATE Annual solvency declaration of ROCK INVEST 11 PTY LTD (2016).pdf,.pdf,0,0,"",XX Original files,XX Original files,XX Original files,XX Original files,"","","","","",.pdf
"",TEMPLATE Annual solvency declaration of ROCK INVEST 11 PTY LTD (2017).pdf,Corporate/XX Original files/TEMPLATE Annual solvency declaration of ROCK INVEST 11 PTY LTD (2017).pdf,.pdf,0,0,"",XX Original files,XX Original files,XX Original files,XX Original files,"","","","","",.pdf
"",TEMPLATE Annual solvency declaration of ROCK INVEST 11 PTY LTD (2018).pdf,Corporate/XX Original files/TEMPLATE Annual solvency declaration of ROCK INVEST 11 PTY LTD (2018).pdf,.pdf,0,0,"",XX Original files,XX Original files,XX Original files,XX Original files,"","","","","",.pdf
"",TEMPLATE Annual solvency declaration of ROCK INVEST 11 PTY LTD (2019).pdf,Corporate/XX Original files/TEMPLATE Annual solvency declaration of ROCK INVEST 11 PTY LTD (2019).pdf,.pdf,0,0,"",XX Original files,XX Original files,XX Original files,XX Original files,"","","","","",.pdf
"",TEMPLATE Annual solvency declaration of ROCK INVEST 11 PTY LTD (2020).pdf,Corporate/XX Original files/TEMPLATE Annual solvency declaration of ROCK INVEST 11 PTY LTD (2020).pdf,.pdf,0,0,"",XX Original files,XX Original files,XX Original files,XX Original files,"","","","","",.pdf
"",TEMPLATE Annual solvency declaration of ROCK INVEST 11 PTY LTD (2021).pdf,Corporate/XX Original files/TEMPLATE Annual solvency declaration of ROCK INVEST 11 PTY LTD (2021).pdf,.pdf,0,0,"",XX Original files,XX Original files,XX Original files,XX Original files,"","","","","",.pdf
"",TEMPLATE Annual solvency declaration of ROCK INVEST 11 PTY LTD (2022).pdf,Corporate/XX Original files/TEMPLATE Annual solvency declaration of ROCK INVEST 11 PTY LTD (2022).pdf,.pdf,0,0,"",XX Original files,XX Original files,XX Original files,XX Original files,"","","","","",.pdf
"",TEMPLATE Annual solvency declaration of ROCK INVEST 11 PTY LTD.docx,Corporate/XX Original files/TEMPLATE Annual solvency declaration of ROCK INVEST 11 PTY LTD.docx,.docx,0,0,"",XX Original files,XX Original files,XX Original files,XX Original files,"","","","","",.docx
"",TEMPLATE Annual solvency declaration of ROCK INVEST 12 PTY LTD (2016).pdf,Corporate/XX Original files/TEMPLATE Annual solvency declaration of ROCK INVEST 12 PTY LTD (2016).pdf,.pdf,0,0,"",XX Original files,XX Original files,XX Original files,XX Original files,"","","","","",.pdf
"",TEMPLATE Annual solvency declaration of ROCK INVEST 12 PTY LTD (2017).pdf,Corporate/XX Original files/TEMPLATE Annual solvency declaration of ROCK INVEST 12 PTY LTD (2017).pdf,.pdf,0,0,"",XX Original files,XX Original files,XX Original files,XX Original files,"","","","","",.pdf
"",TEMPLATE Annual solvency declaration of ROCK INVEST 12 PTY LTD (2018).pdf,Corporate/XX Original files/TEMPLATE Annual solvency declaration of ROCK INVEST 12 PTY LTD (2018).pdf,.pdf,0,0,"",XX Original files,XX Original files,XX Original files,XX Original files,"","","","","",.pdf
"",TEMPLATE Annual solvency declaration of ROCK INVEST 12 PTY LTD (2019).pdf,Corporate/XX Original files/TEMPLATE Annual solvency declaration of ROCK INVEST 12 PTY LTD (2019).pdf,.pdf,0,0,"",XX Original files,XX Original files,XX Original files,XX Original files,"","","","","",.pdf
"",TEMPLATE Annual solvency declaration of ROCK INVEST 12 PTY LTD (2020).pdf,Corporate/XX Original files/TEMPLATE Annual solvency declaration of ROCK INVEST 12 PTY LTD (2020).pdf,.pdf,0,0,"",XX Original files,XX Original files,XX Original files,XX Original files,"","","","","",.pdf
"",TEMPLATE Annual solvency declaration of ROCK INVEST 12 PTY LTD (2021).pdf,Corporate/XX Original files/TEMPLATE Annual solvency declaration of ROCK INVEST 12 PTY LTD (2021).pdf,.pdf,0,0,"",XX Original files,XX Original files,XX Original files,XX Original files,"","","","","",.pdf
"",TEMPLATE Annual solvency declaration of ROCK INVEST 12 PTY LTD (2022).pdf,Corporate/XX Original files/TEMPLATE Annual solvency declaration of ROCK INVEST 12 PTY LTD (2022).pdf,.pdf,0,0,"",XX Original files,XX Original files,XX Original files,XX Original files,"","","","","",.pdf
"",TEMPLATE Annual solvency declaration of ROCK INVEST 12 PTY LTD.docx,Corporate/XX Original files/TEMPLATE Annual solvency declaration of ROCK INVEST 12 PTY LTD.docx,.docx,0,0,"",XX Original files,XX Original files,XX Original files,XX Original files,"","","","","",.docx
"",TEMPLATE Annual solvency declaration of ROCK INVEST 13 PTY LTD (2016).pdf,Corporate/XX Original files/TEMPLATE Annual solvency declaration of ROCK INVEST 13 PTY LTD (2016).pdf,.pdf,0,0,"",XX Original files,XX Original files,XX Original files,XX Original files,"","","","","",.pdf
"",TEMPLATE Annual solvency declaration of ROCK INVEST 13 PTY LTD (2017).pdf,Corporate/XX Original files/TEMPLATE Annual solvency declaration of ROCK INVEST 13 PTY LTD (2017).pdf,.pdf,0,0,"",XX Original files,XX Original files,XX Original files,XX Original files,"","","","","",.pdf
"",TEMPLATE Annual solvency declaration of ROCK INVEST 13 PTY LTD (2018).pdf,Corporate/XX Original files/TEMPLATE Annual solvency declaration of ROCK INVEST 13 PTY LTD (2018).pdf,.pdf,0,0,"",XX Original files,XX Original files,XX Original files,XX Original files,"","","","","",.pdf
"",TEMPLATE Annual solvency declaration of ROCK INVEST 13 PTY LTD (2019).pdf,Corporate/XX Original files/TEMPLATE Annual solvency declaration of ROCK INVEST 13 PTY LTD (2019).pdf,.pdf,0,0,"",XX Original files,XX Original files,XX Original files,XX Original files,"","","","","",.pdf
"",TEMPLATE Annual solvency declaration of ROCK INVEST 13 PTY LTD (2020).pdf,Corporate/XX Original files/TEMPLATE Annual solvency declaration of ROCK INVEST 13 PTY LTD (2020).pdf,.pdf,0,0,"",XX Original files,XX Original files,XX Original files,XX Original files,"","","","","",.pdf
"",TEMPLATE Annual solvency declaration of ROCK INVEST 13 PTY LTD (2021).pdf,Corporate/XX Original files/TEMPLATE Annual solvency declaration of ROCK INVEST 13 PTY LTD (2021).pdf,.pdf,0,0,"",XX Original files,XX Original files,XX Original files,XX Original files,"","","","","",.pdf
"",TEMPLATE Annual solvency declaration of ROCK INVEST 13 PTY LTD (2022).pdf,Corporate/XX Original files/TEMPLATE Annual solvency declaration of ROCK INVEST 13 PTY LTD (2022).pdf,.pdf,0,0,"",XX Original files,XX Original files,XX Original files,XX Original files,"","","","","",.pdf
"",TEMPLATE Annual solvency declaration of ROCK INVEST 13 PTY LTD.docx,Corporate/XX Original files/TEMPLATE Annual solvency declaration of ROCK INVEST 13 PTY LTD.docx,.docx,0,0,"",XX Original files,XX Original files,XX Original files,XX Original files,"","","","","",.docx
"",TEMPLATE Annual solvency declaration of SVRGE PTY LTD (2019).pdf,Corporate/XX Original files/TEMPLATE Annual solvency declaration of SVRGE PTY LTD (2019).pdf,.pdf,0,0,"",XX Original files,XX Original files,XX Original files,XX Original files,"","","","","",.pdf
"",TEMPLATE Annual solvency declaration of SVRGE PTY LTD (2020).pdf,Corporate/XX Original files/TEMPLATE Annual solvency declaration of SVRGE PTY LTD (2020).pdf,.pdf,0,0,"",XX Original files,XX Original files,XX Original files,XX Original files,"","","","","",.pdf
"",TEMPLATE Annual solvency declaration of SVRGE PTY LTD (2021).pdf,Corporate/XX Original files/TEMPLATE Annual solvency declaration of SVRGE PTY LTD (2021).pdf,.pdf,0,0,"",XX Original files,XX Original files,XX Original files,XX Original files,"","","","","",.pdf
"",TEMPLATE Annual solvency declaration of SVRGE PTY LTD (2022).pdf,Corporate/XX Original files/TEMPLATE Annual solvency declaration of SVRGE PTY LTD (2022).pdf,.pdf,0,0,"",XX Original files,XX Original files,XX Original files,XX Original files,"","","","","",.pdf
"",TEMPLATE Annual solvency declaration of SVRGE PTY LTD.docx,Corporate/XX Original files/TEMPLATE Annual solvency declaration of SVRGE PTY LTD.docx,.docx,0,0,"",XX Original files,XX Original files,XX Original files,XX Original files,"","","","","",.docx
"",TEMPLATE Annual solvency declaration of SALES NOW PTY LTD (2019).pdf,Corporate/XX Original files/TEMPLATE Annual solvency declaration of SALES NOW PTY LTD (2019).pdf,.pdf,0,0,"",XX Original files,XX Original files,XX Original files,XX Original files,"","","","","",.pdf
"",TEMPLATE Annual solvency declaration of SALES NOW PTY LTD (2020).pdf,Corporate/XX Original files/TEMPLATE Annual solvency declaration of SALES NOW PTY LTD (2020).pdf,.pdf,0,0,"",XX Original files,XX Original files,XX Original files,XX Original files,"","","","","",.pdf
"",TEMPLATE Annual solvency declaration of SALES NOW PTY LTD (2021).pdf,Corporate/XX Original files/TEMPLATE Annual solvency declaration of SALES NOW PTY LTD (2021).pdf,.pdf,0,0,"",XX Original files,XX Original files,XX Original files,XX Original files,"","","","","",.pdf
"",TEMPLATE Annual solvency declaration of SALES NOW PTY LTD (2022).pdf,Corporate/XX Original files/TEMPLATE Annual solvency declaration of SALES NOW PTY LTD (2022).pdf,.pdf,0,0,"",XX Original files,XX Original files,XX Original files,XX Original files,"","","","","",.pdf
"",TEMPLATE Annual solvency declaration of SALES NOW PTY LTD.docx,Corporate/XX Original files/TEMPLATE Annual solvency declaration of SALES NOW PTY LTD.docx,.docx,0,0,"",XX Original files,XX Original files,XX Original files,XX Original files,"","","","","",.docx
"",TEMPLATE Annual solvency declaration of  NELSON STREET LAND PTY LTD (2019).pdf,Corporate/XX Original files/TEMPLATE Annual solvency declaration of  NELSON STREET LAND PTY LTD (2019).pdf,.pdf,0,0,"",XX Original files,XX Original files,XX Original files,XX Original files,"","","","","",.pdf
"",TEMPLATE Annual solvency declaration of  NELSON STREET LAND PTY LTD (2020).pdf,Corporate/XX Original files/TEMPLATE Annual solvency declaration of  NELSON STREET LAND PTY LTD (2020).pdf,.pdf,0,0,"",XX Original files,XX Original files,XX Original files,XX Original files,"","","","","",.pdf
"",TEMPLATE Annual solvency declaration of  NELSON STREET LAND PTY LTD (2021).pdf,Corporate/XX Original files/TEMPLATE Annual solvency declaration of  NELSON STREET LAND PTY LTD (2021).pdf,.pdf,0,0,"",XX Original files,XX Original files,XX Original files,XX Original files,"","","","","",.pdf
"",TEMPLATE Annual solvency declaration of  NELSON STREET LAND PTY LTD (2022).pdf,Corporate/XX Original files/TEMPLATE Annual solvency declaration of  NELSON STREET LAND PTY LTD (2022).pdf,.pdf,0,0,"",XX Original files,XX Original files,XX Original files,XX Original files,"","","","","",.pdf
"",TEMPLATE Annual solvency declaration of  NELSON STREET LAND PTY LTD.docx,Corporate/XX Original files/TEMPLATE Annual solvency declaration of  NELSON STREET LAND PTY LTD.docx,.docx,0,0,"",XX Original files,XX Original files,XX Original files,XX Original files,"","","","","",.docx
"",TEMPLATE Annual solvency declaration of TERRACES ON SANDI PTY LTD (2019).pdf,Corporate/XX Original files/TEMPLATE Annual solvency declaration of TERRACES ON SANDI PTY LTD (2019).pdf,.pdf,0,0,"",XX Original files,XX Original files,XX Original files,XX Original files,"","","","","",.pdf
"",TEMPLATE Annual solvency declaration of TERRACES ON SANDI PTY LTD (2020).pdf,Corporate/XX Original files/TEMPLATE Annual solvency declaration of TERRACES ON SANDI PTY LTD (2020).pdf,.pdf,0,0,"",XX Original files,XX Original files,XX Original files,XX Original files,"","","","","",.pdf
"",TEMPLATE Annual solvency declaration of TERRACES ON SANDI PTY LTD (2021).pdf,Corporate/XX Original files/TEMPLATE Annual solvency declaration of TERRACES ON SANDI PTY LTD (2021).pdf,.pdf,0,0,"",XX Original files,XX Original files,XX Original files,XX Original files,"","","","","",.pdf
"",TEMPLATE Annual solvency declaration of TERRACES ON SANDI PTY LTD (2022).pdf,Corporate/XX Original files/TEMPLATE Annual solvency declaration of TERRACES ON SANDI PTY LTD (2022).pdf,.pdf,0,0,"",XX Original files,XX Original files,XX Original files,XX Original files,"","","","","",.pdf
"",TEMPLATE Annual solvency declaration of TERRACES ON SANDI PTY LTD.docx,Corporate/XX Original files/TEMPLATE Annual solvency declaration of TERRACES ON SANDI PTY LTD.docx,.docx,0,0,"",XX Original files,XX Original files,XX Original files,XX Original files,"","","","","",.docx
"",TEMPLATE Annual solvency declaration of VILLAS ON MUMFORD PTY LTD (2017).pdf,Corporate/XX Original files/TEMPLATE Annual solvency declaration of VILLAS ON MUMFORD PTY LTD (2017).pdf,.pdf,0,0,"",XX Original files,XX Original files,XX Original files,XX Original files,"","","","","",.pdf
"",TEMPLATE Annual solvency declaration of VILLAS ON MUMFORD PTY LTD (2018).pdf,Corporate/XX Original files/TEMPLATE Annual solvency declaration of VILLAS ON MUMFORD PTY LTD (2018).pdf,.pdf,0,0,"",XX Original files,XX Original files,XX Original files,XX Original files,"","","","","",.pdf
"",TEMPLATE Annual solvency declaration of VILLAS ON MUMFORD PTY LTD (2019).pdf,Corporate/XX Original files/TEMPLATE Annual solvency declaration of VILLAS ON MUMFORD PTY LTD (2019).pdf,.pdf,0,0,"",XX Original files,XX Original files,XX Original files,XX Original files,"","","","","",.pdf
"",TEMPLATE Annual solvency declaration of VILLAS ON MUMFORD PTY LTD (2020).pdf,Corporate/XX Original files/TEMPLATE Annual solvency declaration of VILLAS ON MUMFORD PTY LTD (2020).pdf,.pdf,0,0,"",XX Original files,XX Original files,XX Original files,XX Original files,"","","","","",.pdf
"",TEMPLATE Annual solvency declaration of VILLAS ON MUMFORD PTY LTD (2021).pdf,Corporate/XX Original files/TEMPLATE Annual solvency declaration of VILLAS ON MUMFORD PTY LTD (2021).pdf,.pdf,0,0,"",XX Original files,XX Original files,XX Original files,XX Original files,"","","","","",.pdf
"",TEMPLATE Annual solvency declaration of VILLAS ON MUMFORD PTY LTD (2022).pdf,Corporate/XX Original files/TEMPLATE Annual solvency declaration of VILLAS ON MUMFORD PTY LTD (2022).pdf,.pdf,0,0,"",XX Original files,XX Original files,XX Original files,XX Original files,"","","","","",.pdf
"",TEMPLATE Annual solvency declaration of VILLAS ON MUMFORD PTY LTD.docx,Corporate/XX Original files/TEMPLATE Annual solvency declaration of VILLAS ON MUMFORD PTY LTD.docx,.docx,0,0,"",XX Original files,XX Original files,XX Original files,XX Original files,"","","","","",.docx
"",TEMPLATE Annual solvency declaration of W2G (OCEANIA) PTY LTD (2004).pdf,Corporate/XX Original files/TEMPLATE Annual solvency declaration of W2G (OCEANIA) PTY LTD (2004).pdf,.pdf,0,0,"",XX Original files,XX Original files,XX Original files,XX Original files,"","","","","",.pdf
"",TEMPLATE Annual solvency declaration of W2G (OCEANIA) PTY LTD (2005).pdf,Corporate/XX Original files/TEMPLATE Annual solvency declaration of W2G (OCEANIA) PTY LTD (2005).pdf,.pdf,0,0,"",XX Original files,XX Original files,XX Original files,XX Original files,"","","","","",.pdf
"",TEMPLATE Annual solvency declaration of W2G (OCEANIA) PTY LTD (2006).pdf,Corporate/XX Original files/TEMPLATE Annual solvency declaration of W2G (OCEANIA) PTY LTD (2006).pdf,.pdf,0,0,"",XX Original files,XX Original files,XX Original files,XX Original files,"","","","","",.pdf
"",TEMPLATE Annual solvency declaration of W2G (OCEANIA) PTY LTD (2007).pdf,Corporate/XX Original files/TEMPLATE Annual solvency declaration of W2G (OCEANIA) PTY LTD (2007).pdf,.pdf,0,0,"",XX Original files,XX Original files,XX Original files,XX Original files,"","","","","",.pdf
"",TEMPLATE Annual solvency declaration of W2G (OCEANIA) PTY LTD (2008).pdf,Corporate/XX Original files/TEMPLATE Annual solvency declaration of W2G (OCEANIA) PTY LTD (2008).pdf,.pdf,0,0,"",XX Original files,XX Original files,XX Original files,XX Original files,"","","","","",.pdf
"",TEMPLATE Annual solvency declaration of W2G (OCEANIA) PTY LTD (2009).pdf,Corporate/XX Original files/TEMPLATE Annual solvency declaration of W2G (OCEANIA) PTY LTD (2009).pdf,.pdf,0,0,"",XX Original files,XX Original files,XX Original files,XX Original files,"","","","","",.pdf
"",TEMPLATE Annual solvency declaration of W2G (OCEANIA) PTY LTD (2010).pdf,Corporate/XX Original files/TEMPLATE Annual solvency declaration of W2G (OCEANIA) PTY LTD (2010).pdf,.pdf,0,0,"",XX Original files,XX Original files,XX Original files,XX Original files,"","","","","",.pdf
"",TEMPLATE Annual solvency declaration of W2G (OCEANIA) PTY LTD (2011).pdf,Corporate/XX Original files/TEMPLATE Annual solvency declaration of W2G (OCEANIA) PTY LTD (2011).pdf,.pdf,0,0,"",XX Original files,XX Original files,XX Original files,XX Original files,"","","","","",.pdf
"",TEMPLATE Annual solvency declaration of W2G (OCEANIA) PTY LTD (2012).pdf,Corporate/XX Original files/TEMPLATE Annual solvency declaration of W2G (OCEANIA) PTY LTD (2012).pdf,.pdf,0,0,"",XX Original files,XX Original files,XX Original files,XX Original files,"","","","","",.pdf
"",TEMPLATE Annual solvency declaration of W2G (OCEANIA) PTY LTD (2013).pdf,Corporate/XX Original files/TEMPLATE Annual solvency declaration of W2G (OCEANIA) PTY LTD (2013).pdf,.pdf,0,0,"",XX Original files,XX Original files,XX Original files,XX Original files,"","","","","",.pdf
"",TEMPLATE Annual solvency declaration of W2G (OCEANIA) PTY LTD (2014).pdf,Corporate/XX Original files/TEMPLATE Annual solvency declaration of W2G (OCEANIA) PTY LTD (2014).pdf,.pdf,0,0,"",XX Original files,XX Original files,XX Original files,XX Original files,"","","","","",.pdf
"",TEMPLATE Annual solvency declaration of W2G (OCEANIA) PTY LTD (2015).pdf,Corporate/XX Original files/TEMPLATE Annual solvency declaration of W2G (OCEANIA) PTY LTD (2015).pdf,.pdf,0,0,"",XX Original files,XX Original files,XX Original files,XX Original files,"","","","","",.pdf
"",TEMPLATE Annual solvency declaration of W2G (OCEANIA) PTY LTD (2016).pdf,Corporate/XX Original files/TEMPLATE Annual solvency declaration of W2G (OCEANIA) PTY LTD (2016).pdf,.pdf,0,0,"",XX Original files,XX Original files,XX Original files,XX Original files,"","","","","",.pdf
"",TEMPLATE Annual solvency declaration of W2G (OCEANIA) PTY LTD (2017).pdf,Corporate/XX Original files/TEMPLATE Annual solvency declaration of W2G (OCEANIA) PTY LTD (2017).pdf,.pdf,0,0,"",XX Original files,XX Original files,XX Original files,XX Original files,"","","","","",.pdf
"",TEMPLATE Annual solvency declaration of W2G (OCEANIA) PTY LTD (2018).pdf,Corporate/XX Original files/TEMPLATE Annual solvency declaration of W2G (OCEANIA) PTY LTD (2018).pdf,.pdf,0,0,"",XX Original files,XX Original files,XX Original files,XX Original files,"","","","","",.pdf
"",TEMPLATE Annual solvency declaration of W2G (OCEANIA) PTY LTD (2019).pdf,Corporate/XX Original files/TEMPLATE Annual solvency declaration of W2G (OCEANIA) PTY LTD (2019).pdf,.pdf,0,0,"",XX Original files,XX Original files,XX Original files,XX Original files,"","","","","",.pdf
"",TEMPLATE Annual solvency declaration of W2G (OCEANIA) PTY LTD (2020).pdf,Corporate/XX Original files/TEMPLATE Annual solvency declaration of W2G (OCEANIA) PTY LTD (2020).pdf,.pdf,0,0,"",XX Original files,XX Original files,XX Original files,XX Original files,"","","","","",.pdf
"",TEMPLATE Annual solvency declaration of W2G (OCEANIA) PTY LTD (2021).pdf,Corporate/XX Original files/TEMPLATE Annual solvency declaration of W2G (OCEANIA) PTY LTD (2021).pdf,.pdf,0,0,"",XX Original files,XX Original files,XX Original files,XX Original files,"","","","","",.pdf
"",TEMPLATE Annual solvency declaration of W2G (OCEANIA) PTY LTD (2022).pdf,Corporate/XX Original files/TEMPLATE Annual solvency declaration of W2G (OCEANIA) PTY LTD (2022).pdf,.pdf,0,0,"",XX Original files,XX Original files,XX Original files,XX Original files,"","","","","",.pdf
"",TEMPLATE Annual solvency declaration of W2G (OCEANIA) PTY LTD.docx,Corporate/XX Original files/TEMPLATE Annual solvency declaration of W2G (OCEANIA) PTY LTD.docx,.docx,0,0,"",XX Original files,XX Original files,XX Original files,XX Original files,"","","","","",.docx
"",TEMPLATE Annual solvency declaration of WYNBROOK VILLAS PTY LTD (2018).pdf,Corporate/XX Original files/TEMPLATE Annual solvency declaration of WYNBROOK VILLAS PTY LTD (2018).pdf,.pdf,0,0,"",XX Original files,XX Original files,XX Original files,XX Original files,"","","","","",.pdf
"",TEMPLATE Annual solvency declaration of WYNBROOK VILLAS PTY LTD (2019).pdf,Corporate/XX Original files/TEMPLATE Annual solvency declaration of WYNBROOK VILLAS PTY LTD (2019).pdf,.pdf,0,0,"",XX Original files,XX Original files,XX Original files,XX Original files,"","","","","",.pdf
"",TEMPLATE Annual solvency declaration of WYNBROOK VILLAS PTY LTD (2020).pdf,Corporate/XX Original files/TEMPLATE Annual solvency declaration of WYNBROOK VILLAS PTY LTD (2020).pdf,.pdf,0,0,"",XX Original files,XX Original files,XX Original files,XX Original files,"","","","","",.pdf
"",TEMPLATE Annual solvency declaration of WYNBROOK VILLAS PTY LTD (2021).pdf,Corporate/XX Original files/TEMPLATE Annual solvency declaration of WYNBROOK VILLAS PTY LTD (2021).pdf,.pdf,0,0,"",XX Original files,XX Original files,XX Original files,XX Original files,"","","","","",.pdf
"",TEMPLATE Annual solvency declaration of WYNBROOK VILLAS PTY LTD (2022).pdf,Corporate/XX Original files/TEMPLATE Annual solvency declaration of WYNBROOK VILLAS PTY LTD (2022).pdf,.pdf,0,0,"",XX Original files,XX Original files,XX Original files,XX Original files,"","","","","",.pdf
"",TEMPLATE Annual solvency declaration of WYNBROOK VILLAS PTY LTD.docx,Corporate/XX Original files/TEMPLATE Annual solvency declaration of WYNBROOK VILLAS PTY LTD.docx,.docx,0,0,"",XX Original files,XX Original files,XX Original files,XX Original files,"","","","","",.docx
"",TEMPLATE Annual solvency declaration of 1 NELSON PTY LTD (2019).pdf,Corporate/XX Original files/TEMPLATE Annual solvency declaration of 1 NELSON PTY LTD (2019).pdf,.pdf,0,0,"",XX Original files,XX Original files,XX Original files,XX Original files,"","","","","",.pdf
"",TEMPLATE Annual solvency declaration of 1 NELSON PTY LTD (2020).pdf,Corporate/XX Original files/TEMPLATE Annual solvency declaration of 1 NELSON PTY LTD (2020).pdf,.pdf,0,0,"",XX Original files,XX Original files,XX Original files,XX Original files,"","","","","",.pdf
"",TEMPLATE Annual solvency declaration of 1 NELSON PTY LTD (2021).pdf,Corporate/XX Original files/TEMPLATE Annual solvency declaration of 1 NELSON PTY LTD (2021).pdf,.pdf,0,0,"",XX Original files,XX Original files,XX Original files,XX Original files,"","","","","",.pdf
"",TEMPLATE Annual solvency declaration of 1 NELSON PTY LTD (2022).pdf,Corporate/XX Original files/TEMPLATE Annual solvency declaration of 1 NELSON PTY LTD (2022).pdf,.pdf,0,0,"",XX Original files,XX Original files,XX Original files,XX Original files,"","","","","",.pdf
"",TEMPLATE Annual solvency declaration of 1 NELSON PTY LTD.docx,Corporate/XX Original files/TEMPLATE Annual solvency declaration of 1 NELSON PTY LTD.docx,.docx,0,0,"",XX Original files,XX Original files,XX Original files,XX Original files,"","","","","",.docx
"",TEMPLATE Annual solvency declaration of A CLEMENT DEVELOPMENTS QLD PTY LTD (2010).pdf,Corporate/XX Original files/TEMPLATE Annual solvency declaration of A CLEMENT DEVELOPMENTS QLD PTY LTD (2010).pdf,.pdf,0,0,"",XX Original files,XX Original files,XX Original files,XX Original files,"","","","","",.pdf
"",TEMPLATE Annual solvency declaration of A CLEMENT DEVELOPMENTS QLD PTY LTD (2011).pdf,Corporate/XX Original files/TEMPLATE Annual solvency declaration of A CLEMENT DEVELOPMENTS QLD PTY LTD (2011).pdf,.pdf,0,0,"",XX Original files,XX Original files,XX Original files,XX Original files,"","","","","",.pdf
"",TEMPLATE Annual solvency declaration of A CLEMENT DEVELOPMENTS QLD PTY LTD (2012).pdf,Corporate/XX Original files/TEMPLATE Annual solvency declaration of A CLEMENT DEVELOPMENTS QLD PTY LTD (2012).pdf,.pdf,0,0,"",XX Original files,XX Original files,XX Original files,XX Original files,"","","","","",.pdf
"",TEMPLATE Annual solvency declaration of A CLEMENT DEVELOPMENTS QLD PTY LTD (2013).pdf,Corporate/XX Original files/TEMPLATE Annual solvency declaration of A CLEMENT DEVELOPMENTS QLD PTY LTD (2013).pdf,.pdf,0,0,"",XX Original files,XX Original files,XX Original files,XX Original files,"","","","","",.pdf
"",TEMPLATE Annual solvency declaration of A CLEMENT DEVELOPMENTS QLD PTY LTD (2014).pdf,Corporate/XX Original files/TEMPLATE Annual solvency declaration of A CLEMENT DEVELOPMENTS QLD PTY LTD (2014).pdf,.pdf,0,0,"",XX Original files,XX Original files,XX Original files,XX Original files,"","","","","",.pdf
"",TEMPLATE Annual solvency declaration of A CLEMENT DEVELOPMENTS QLD PTY LTD (2015).pdf,Corporate/XX Original files/TEMPLATE Annual solvency declaration of A CLEMENT DEVELOPMENTS QLD PTY LTD (2015).pdf,.pdf,0,0,"",XX Original files,XX Original files,XX Original files,XX Original files,"","","","","",.pdf
"",TEMPLATE Annual solvency declaration of A CLEMENT DEVELOPMENTS QLD PTY LTD (2016).pdf,Corporate/XX Original files/TEMPLATE Annual solvency declaration of A CLEMENT DEVELOPMENTS QLD PTY LTD (2016).pdf,.pdf,0,0,"",XX Original files,XX Original files,XX Original files,XX Original files,"","","","","",.pdf
"",TEMPLATE Annual solvency declaration of A CLEMENT DEVELOPMENTS QLD PTY LTD (2017).pdf,Corporate/XX Original files/TEMPLATE Annual solvency declaration of A CLEMENT DEVELOPMENTS QLD PTY LTD (2017).pdf,.pdf,0,0,"",XX Original files,XX Original files,XX Original files,XX Original files,"","","","","",.pdf
"",TEMPLATE Annual solvency declaration of A CLEMENT DEVELOPMENTS QLD PTY LTD (2018).pdf,Corporate/XX Original files/TEMPLATE Annual solvency declaration of A CLEMENT DEVELOPMENTS QLD PTY LTD (2018).pdf,.pdf,0,0,"",XX Original files,XX Original files,XX Original files,XX Original files,"","","","","",.pdf
"",TEMPLATE Annual solvency declaration of A CLEMENT DEVELOPMENTS QLD PTY LTD (2019).pdf,Corporate/XX Original files/TEMPLATE Annual solvency declaration of A CLEMENT DEVELOPMENTS QLD PTY LTD (2019).pdf,.pdf,0,0,"",XX Original files,XX Original files,XX Original files,XX Original files,"","","","","",.pdf
"",TEMPLATE Annual solvency declaration of A CLEMENT DEVELOPMENTS QLD PTY LTD (2020).pdf,Corporate/XX Original files/TEMPLATE Annual solvency declaration of A CLEMENT DEVELOPMENTS QLD PTY LTD (2020).pdf,.pdf,0,0,"",XX Original files,XX Original files,XX Original files,XX Original files,"","","","","",.pdf
"",TEMPLATE Annual solvency declaration of A CLEMENT DEVELOPMENTS QLD PTY LTD (2021).pdf,Corporate/XX Original files/TEMPLATE Annual solvency declaration of A CLEMENT DEVELOPMENTS QLD PTY LTD (2021).pdf,.pdf,0,0,"",XX Original files,XX Original files,XX Original files,XX Original files,"","","","","",.pdf
"",TEMPLATE Annual solvency declaration of A CLEMENT DEVELOPMENTS QLD PTY LTD (2022).pdf,Corporate/XX Original files/TEMPLATE Annual solvency declaration of A CLEMENT DEVELOPMENTS QLD PTY LTD (2022).pdf,.pdf,0,0,"",XX Original files,XX Original files,XX Original files,XX Original files,"","","","","",.pdf
"",TEMPLATE Annual solvency declaration of A CLEMENT DEVELOPMENTS QLD PTY LTD.docx,Corporate/XX Original files/TEMPLATE Annual solvency declaration of A CLEMENT DEVELOPMENTS QLD PTY LTD.docx,.docx,0,0,"",XX Original files,XX Original files,XX Original files,XX Original files,"","","","","",.docx
"",TEMPLATE Annual solvency declaration of IHUB AUS PTY LTD (2001).pdf,Corporate/XX Original files/TEMPLATE Annual solvency declaration of IHUB AUS PTY LTD (2001).pdf,.pdf,0,0,"",XX Original files,XX Original files,XX Original files,XX Original files,"","","","","",.pdf
"",TEMPLATE Annual solvency declaration of IHUB AUS PTY LTD (2002).pdf,Corporate/XX Original files/TEMPLATE Annual solvency declaration of IHUB AUS PTY LTD (2002).pdf,.pdf,0,0,"",XX Original files,XX Original files,XX Original files,XX Original files,"","","","","",.pdf
"",TEMPLATE Annual solvency declaration of IHUB AUS PTY LTD (2003).pdf,Corporate/XX Original files/TEMPLATE Annual solvency declaration of IHUB AUS PTY LTD (2003).pdf,.pdf,0,0,"",XX Original files,XX Original files,XX Original files,XX Original files,"","","","","",.pdf
"",TEMPLATE Annual solvency declaration of IHUB AUS PTY LTD (2004).pdf,Corporate/XX Original files/TEMPLATE Annual solvency declaration of IHUB AUS PTY LTD (2004).pdf,.pdf,0,0,"",XX Original files,XX Original files,XX Original files,XX Original files,"","","","","",.pdf
"",TEMPLATE Annual solvency declaration of IHUB AUS PTY LTD (2005).pdf,Corporate/XX Original files/TEMPLATE Annual solvency declaration of IHUB AUS PTY LTD (2005).pdf,.pdf,0,0,"",XX Original files,XX Original files,XX Original files,XX Original files,"","","","","",.pdf
"",TEMPLATE Annual solvency declaration of IHUB AUS PTY LTD (2006).pdf,Corporate/XX Original files/TEMPLATE Annual solvency declaration of IHUB AUS PTY LTD (2006).pdf,.pdf,0,0,"",XX Original files,XX Original files,XX Original files,XX Original files,"","","","","",.pdf
"",TEMPLATE Annual solvency declaration of IHUB AUS PTY LTD (2007).pdf,Corporate/XX Original files/TEMPLATE Annual solvency declaration of IHUB AUS PTY LTD (2007).pdf,.pdf,0,0,"",XX Original files,XX Original files,XX Original files,XX Original files,"","","","","",.pdf
"",TEMPLATE Annual solvency declaration of IHUB AUS PTY LTD (2008).pdf,Corporate/XX Original files/TEMPLATE Annual solvency declaration of IHUB AUS PTY LTD (2008).pdf,.pdf,0,0,"",XX Original files,XX Original files,XX Original files,XX Original files,"","","","","",.pdf
"",TEMPLATE Annual solvency declaration of IHUB AUS PTY LTD (2009).pdf,Corporate/XX Original files/TEMPLATE Annual solvency declaration of IHUB AUS PTY LTD (2009).pdf,.pdf,0,0,"",XX Original files,XX Original files,XX Original files,XX Original files,"","","","","",.pdf
"",TEMPLATE Annual solvency declaration of IHUB AUS PTY LTD (2010).pdf,Corporate/XX Original files/TEMPLATE Annual solvency declaration of IHUB AUS PTY LTD (2010).pdf,.pdf,0,0,"",XX Original files,XX Original files,XX Original files,XX Original files,"","","","","",.pdf
"",TEMPLATE Annual solvency declaration of IHUB AUS PTY LTD (2011).pdf,Corporate/XX Original files/TEMPLATE Annual solvency declaration of IHUB AUS PTY LTD (2011).pdf,.pdf,0,0,"",XX Original files,XX Original files,XX Original files,XX Original files,"","","","","",.pdf
"",TEMPLATE Annual solvency declaration of IHUB AUS PTY LTD (2012).pdf,Corporate/XX Original files/TEMPLATE Annual solvency declaration of IHUB AUS PTY LTD (2012).pdf,.pdf,0,0,"",XX Original files,XX Original files,XX Original files,XX Original files,"","","","","",.pdf
"",TEMPLATE Annual solvency declaration of IHUB AUS PTY LTD (2013).pdf,Corporate/XX Original files/TEMPLATE Annual solvency declaration of IHUB AUS PTY LTD (2013).pdf,.pdf,0,0,"",XX Original files,XX Original files,XX Original files,XX Original files,"","","","","",.pdf
"",TEMPLATE Annual solvency declaration of IHUB AUS PTY LTD (2014).pdf,Corporate/XX Original files/TEMPLATE Annual solvency declaration of IHUB AUS PTY LTD (2014).pdf,.pdf,0,0,"",XX Original files,XX Original files,XX Original files,XX Original files,"","","","","",.pdf
"",TEMPLATE Annual solvency declaration of IHUB AUS PTY LTD (2015).pdf,Corporate/XX Original files/TEMPLATE Annual solvency declaration of IHUB AUS PTY LTD (2015).pdf,.pdf,0,0,"",XX Original files,XX Original files,XX Original files,XX Original files,"","","","","",.pdf
"",TEMPLATE Annual solvency declaration of IHUB AUS PTY LTD (2016).pdf,Corporate/XX Original files/TEMPLATE Annual solvency declaration of IHUB AUS PTY LTD (2016).pdf,.pdf,0,0,"",XX Original files,XX Original files,XX Original files,XX Original files,"","","","","",.pdf
"",TEMPLATE Annual solvency declaration of IHUB AUS PTY LTD (2017).pdf,Corporate/XX Original files/TEMPLATE Annual solvency declaration of IHUB AUS PTY LTD (2017).pdf,.pdf,0,0,"",XX Original files,XX Original files,XX Original files,XX Original files,"","","","","",.pdf
"",TEMPLATE Annual solvency declaration of IHUB AUS PTY LTD (2018).pdf,Corporate/XX Original files/TEMPLATE Annual solvency declaration of IHUB AUS PTY LTD (2018).pdf,.pdf,0,0,"",XX Original files,XX Original files,XX Original files,XX Original files,"","","","","",.pdf
"",TEMPLATE Annual solvency declaration of IHUB AUS PTY LTD (2019).pdf,Corporate/XX Original files/TEMPLATE Annual solvency declaration of IHUB AUS PTY LTD (2019).pdf,.pdf,0,0,"",XX Original files,XX Original files,XX Original files,XX Original files,"","","","","",.pdf
"",TEMPLATE Annual solvency declaration of IHUB AUS PTY LTD (2020).pdf,Corporate/XX Original files/TEMPLATE Annual solvency declaration of IHUB AUS PTY LTD (2020).pdf,.pdf,0,0,"",XX Original files,XX Original files,XX Original files,XX Original files,"","","","","",.pdf
"",TEMPLATE Annual solvency declaration of IHUB AUS PTY LTD (2021).pdf,Corporate/XX Original files/TEMPLATE Annual solvency declaration of IHUB AUS PTY LTD (2021).pdf,.pdf,0,0,"",XX Original files,XX Original files,XX Original files,XX Original files,"","","","","",.pdf
"",TEMPLATE Annual solvency declaration of IHUB AUS PTY LTD (2022).pdf,Corporate/XX Original files/TEMPLATE Annual solvency declaration of IHUB AUS PTY LTD (2022).pdf,.pdf,0,0,"",XX Original files,XX Original files,XX Original files,XX Original files,"","","","","",.pdf
"",TEMPLATE Annual solvency declaration of IHUB AUS PTY LTD.docx,Corporate/XX Original files/TEMPLATE Annual solvency declaration of IHUB AUS PTY LTD.docx,.docx,0,0,"",XX Original files,XX Original files,XX Original files,XX Original files,"","","","","",.docx
"",TEMPLATE Annual solvency declaration of IMPACT LAND PC PTY LTD (2013).pdf,Corporate/XX Original files/TEMPLATE Annual solvency declaration of IMPACT LAND PC PTY LTD (2013).pdf,.pdf,0,0,"",XX Original files,XX Original files,XX Original files,XX Original files,"","","","","",.pdf
"",TEMPLATE Annual solvency declaration of IMPACT LAND PC PTY LTD (2014).pdf,Corporate/XX Original files/TEMPLATE Annual solvency declaration of IMPACT LAND PC PTY LTD (2014).pdf,.pdf,0,0,"",XX Original files,XX Original files,XX Original files,XX Original files,"","","","","",.pdf
"",TEMPLATE Annual solvency declaration of IMPACT LAND PC PTY LTD (2015).pdf,Corporate/XX Original files/TEMPLATE Annual solvency declaration of IMPACT LAND PC PTY LTD (2015).pdf,.pdf,0,0,"",XX Original files,XX Original files,XX Original files,XX Original files,"","","","","",.pdf
"",TEMPLATE Annual solvency declaration of IMPACT LAND PC PTY LTD (2016).pdf,Corporate/XX Original files/TEMPLATE Annual solvency declaration of IMPACT LAND PC PTY LTD (2016).pdf,.pdf,0,0,"",XX Original files,XX Original files,XX Original files,XX Original files,"","","","","",.pdf
"",TEMPLATE Annual solvency declaration of IMPACT LAND PC PTY LTD (2017).pdf,Corporate/XX Original files/TEMPLATE Annual solvency declaration of IMPACT LAND PC PTY LTD (2017).pdf,.pdf,0,0,"",XX Original files,XX Original files,XX Original files,XX Original files,"","","","","",.pdf
"",TEMPLATE Annual solvency declaration of IMPACT LAND PC PTY LTD (2018).pdf,Corporate/XX Original files/TEMPLATE Annual solvency declaration of IMPACT LAND PC PTY LTD (2018).pdf,.pdf,0,0,"",XX Original files,XX Original files,XX Original files,XX Original files,"","","","","",.pdf
"",TEMPLATE Annual solvency declaration of IMPACT LAND PC PTY LTD (2019).pdf,Corporate/XX Original files/TEMPLATE Annual solvency declaration of IMPACT LAND PC PTY LTD (2019).pdf,.pdf,0,0,"",XX Original files,XX Original files,XX Original files,XX Original files,"","","","","",.pdf
"",TEMPLATE Annual solvency declaration of IMPACT LAND PC PTY LTD (2020).pdf,Corporate/XX Original files/TEMPLATE Annual solvency declaration of IMPACT LAND PC PTY LTD (2020).pdf,.pdf,0,0,"",XX Original files,XX Original files,XX Original files,XX Original files,"","","","","",.pdf
"",TEMPLATE Annual solvency declaration of IMPACT LAND PC PTY LTD (2021).pdf,Corporate/XX Original files/TEMPLATE Annual solvency declaration of IMPACT LAND PC PTY LTD (2021).pdf,.pdf,0,0,"",XX Original files,XX Original files,XX Original files,XX Original files,"","","","","",.pdf
"",TEMPLATE Annual solvency declaration of IMPACT LAND PC PTY LTD (2022).pdf,Corporate/XX Original files/TEMPLATE Annual solvency declaration of IMPACT LAND PC PTY LTD (2022).pdf,.pdf,0,0,"",XX Original files,XX Original files,XX Original files,XX Original files,"","","","","",.pdf
"",TEMPLATE Annual solvency declaration of IMPACT LAND PC PTY LTD.docx,Corporate/XX Original files/TEMPLATE Annual solvency declaration of IMPACT LAND PC PTY LTD.docx,.docx,0,0,"",XX Original files,XX Original files,XX Original files,XX Original files,"","","","","",.docx
"",TEMPLATE Annual solvency declaration of MONEY MATTERS (AUS) PTY LTD (2016).pdf,Corporate/XX Original files/TEMPLATE Annual solvency declaration of MONEY MATTERS (AUS) PTY LTD (2016).pdf,.pdf,0,0,"",XX Original files,XX Original files,XX Original files,XX Original files,"","","","","",.pdf
"",TEMPLATE Annual solvency declaration of MONEY MATTERS (AUS) PTY LTD (2017).pdf,Corporate/XX Original files/TEMPLATE Annual solvency declaration of MONEY MATTERS (AUS) PTY LTD (2017).pdf,.pdf,0,0,"",XX Original files,XX Original files,XX Original files,XX Original files,"","","","","",.pdf
"",TEMPLATE Annual solvency declaration of MONEY MATTERS (AUS) PTY LTD (2018).pdf,Corporate/XX Original files/TEMPLATE Annual solvency declaration of MONEY MATTERS (AUS) PTY LTD (2018).pdf,.pdf,0,0,"",XX Original files,XX Original files,XX Original files,XX Original files,"","","","","",.pdf
"",TEMPLATE Annual solvency declaration of MONEY MATTERS (AUS) PTY LTD (2019).pdf,Corporate/XX Original files/TEMPLATE Annual solvency declaration of MONEY MATTERS (AUS) PTY LTD (2019).pdf,.pdf,0,0,"",XX Original files,XX Original files,XX Original files,XX Original files,"","","","","",.pdf
"",TEMPLATE Annual solvency declaration of MONEY MATTERS (AUS) PTY LTD (2020).pdf,Corporate/XX Original files/TEMPLATE Annual solvency declaration of MONEY MATTERS (AUS) PTY LTD (2020).pdf,.pdf,0,0,"",XX Original files,XX Original files,XX Original files,XX Original files,"","","","","",.pdf
"",TEMPLATE Annual solvency declaration of MONEY MATTERS (AUS) PTY LTD (2021).pdf,Corporate/XX Original files/TEMPLATE Annual solvency declaration of MONEY MATTERS (AUS) PTY LTD (2021).pdf,.pdf,0,0,"",XX Original files,XX Original files,XX Original files,XX Original files,"","","","","",.pdf
"",TEMPLATE Annual solvency declaration of MONEY MATTERS (AUS) PTY LTD (2022).pdf,Corporate/XX Original files/TEMPLATE Annual solvency declaration of MONEY MATTERS (AUS) PTY LTD (2022).pdf,.pdf,0,0,"",XX Original files,XX Original files,XX Original files,XX Original files,"","","","","",.pdf
"",TEMPLATE Annual solvency declaration of MONEY MATTERS (AUS) PTY LTD.docx,Corporate/XX Original files/TEMPLATE Annual solvency declaration of MONEY MATTERS (AUS) PTY LTD.docx,.docx,0,0,"",XX Original files,XX Original files,XX Original files,XX Original files,"","","","","",.docx
"",TEMPLATE Annual solvency declaration of PRIVIUM REAL ESTATE PTY LTD (2014).pdf,Corporate/XX Original files/TEMPLATE Annual solvency declaration of PRIVIUM REAL ESTATE PTY LTD (2014).pdf,.pdf,0,0,"",XX Original files,XX Original files,XX Original files,XX Original files,"","","","","",.pdf
"",TEMPLATE Annual solvency declaration of PRIVIUM REAL ESTATE PTY LTD (2015).pdf,Corporate/XX Original files/TEMPLATE Annual solvency declaration of PRIVIUM REAL ESTATE PTY LTD (2015).pdf,.pdf,0,0,"",XX Original files,XX Original files,XX Original files,XX Original files,"","","","","",.pdf
"",TEMPLATE Annual solvency declaration of PRIVIUM REAL ESTATE PTY LTD (2016).pdf,Corporate/XX Original files/TEMPLATE Annual solvency declaration of PRIVIUM REAL ESTATE PTY LTD (2016).pdf,.pdf,0,0,"",XX Original files,XX Original files,XX Original files,XX Original files,"","","","","",.pdf
"",TEMPLATE Annual solvency declaration of PRIVIUM REAL ESTATE PTY LTD (2017).pdf,Corporate/XX Original files/TEMPLATE Annual solvency declaration of PRIVIUM REAL ESTATE PTY LTD (2017).pdf,.pdf,0,0,"",XX Original files,XX Original files,XX Original files,XX Original files,"","","","","",.pdf
"",TEMPLATE Annual solvency declaration of PRIVIUM REAL ESTATE PTY LTD (2018).pdf,Corporate/XX Original files/TEMPLATE Annual solvency declaration of PRIVIUM REAL ESTATE PTY LTD (2018).pdf,.pdf,0,0,"",XX Original files,XX Original files,XX Original files,XX Original files,"","","","","",.pdf
"",TEMPLATE Annual solvency declaration of PRIVIUM REAL ESTATE PTY LTD (2019).pdf,Corporate/XX Original files/TEMPLATE Annual solvency declaration of PRIVIUM REAL ESTATE PTY LTD (2019).pdf,.pdf,0,0,"",XX Original files,XX Original files,XX Original files,XX Original files,"","","","","",.pdf
"",TEMPLATE Annual solvency declaration of PRIVIUM REAL ESTATE PTY LTD (2020).pdf,Corporate/XX Original files/TEMPLATE Annual solvency declaration of PRIVIUM REAL ESTATE PTY LTD (2020).pdf,.pdf,0,0,"",XX Original files,XX Original files,XX Original files,XX Original files,"","","","","",.pdf
"",TEMPLATE Annual solvency declaration of PRIVIUM REAL ESTATE PTY LTD (2021).pdf,Corporate/XX Original files/TEMPLATE Annual solvency declaration of PRIVIUM REAL ESTATE PTY LTD (2021).pdf,.pdf,0,0,"",XX Original files,XX Original files,XX Original files,XX Original files,"","","","","",.pdf
"",TEMPLATE Annual solvency declaration of PRIVIUM REAL ESTATE PTY LTD (2022).pdf,Corporate/XX Original files/TEMPLATE Annual solvency declaration of PRIVIUM REAL ESTATE PTY LTD (2022).pdf,.pdf,0,0,"",XX Original files,XX Original files,XX Original files,XX Original files,"","","","","",.pdf
"",TEMPLATE Annual solvency declaration of PRIVIUM REAL ESTATE PTY LTD .docx,Corporate/XX Original files/TEMPLATE Annual solvency declaration of PRIVIUM REAL ESTATE PTY LTD .docx,.docx,0,0,"",XX Original files,XX Original files,XX Original files,XX Original files,"","","","","",.docx
"",TEMPLATE Annual solvency declaration of  OPEN GOLD PTY LTD (2016).pdf,Corporate/XX Original files/TEMPLATE Annual solvency declaration of  OPEN GOLD PTY LTD (2016).pdf,.pdf,0,0,"",XX Original files,XX Original files,XX Original files,XX Original files,"","","","","",.pdf
"",TEMPLATE Annual solvency declaration of  OPEN GOLD PTY LTD (2017).pdf,Corporate/XX Original files/TEMPLATE Annual solvency declaration of  OPEN GOLD PTY LTD (2017).pdf,.pdf,0,0,"",XX Original files,XX Original files,XX Original files,XX Original files,"","","","","",.pdf
"",TEMPLATE Annual solvency declaration of  OPEN GOLD PTY LTD (2018).pdf,Corporate/XX Original files/TEMPLATE Annual solvency declaration of  OPEN GOLD PTY LTD (2018).pdf,.pdf,0,0,"",XX Original files,XX Original files,XX Original files,XX Original files,"","","","","",.pdf
"",TEMPLATE Annual solvency declaration of  OPEN GOLD PTY LTD (2019).pdf,Corporate/XX Original files/TEMPLATE Annual solvency declaration of  OPEN GOLD PTY LTD (2019).pdf,.pdf,0,0,"",XX Original files,XX Original files,XX Original files,XX Original files,"","","","","",.pdf
"",TEMPLATE Annual solvency declaration of  OPEN GOLD PTY LTD (2020).pdf,Corporate/XX Original files/TEMPLATE Annual solvency declaration of  OPEN GOLD PTY LTD (2020).pdf,.pdf,0,0,"",XX Original files,XX Original files,XX Original files,XX Original files,"","","","","",.pdf
"",TEMPLATE Annual solvency declaration of  OPEN GOLD PTY LTD (2021).pdf,Corporate/XX Original files/TEMPLATE Annual solvency declaration of  OPEN GOLD PTY LTD (2021).pdf,.pdf,0,0,"",XX Original files,XX Original files,XX Original files,XX Original files,"","","","","",.pdf
"",TEMPLATE Annual solvency declaration of  OPEN GOLD PTY LTD (2022).pdf,Corporate/XX Original files/TEMPLATE Annual solvency declaration of  OPEN GOLD PTY LTD (2022).pdf,.pdf,0,0,"",XX Original files,XX Original files,XX Original files,XX Original files,"","","","","",.pdf
"",TEMPLATE Annual solvency declaration of  OPEN GOLD PTY LTD.docx,Corporate/XX Original files/TEMPLATE Annual solvency declaration of  OPEN GOLD PTY LTD.docx,.docx,0,0,"",XX Original files,XX Original files,XX Original files,XX Original files,"","","","","",.docx
"",TEMPLATE Annual solvency declaration of PRIVIUM DEV PTY LTD (2017).pdf,Corporate/XX Original files/TEMPLATE Annual solvency declaration of PRIVIUM DEV PTY LTD (2017).pdf,.pdf,0,0,"",XX Original files,XX Original files,XX Original files,XX Original files,"","","","","",.pdf
"",TEMPLATE Annual solvency declaration of PRIVIUM DEV PTY LTD (2018).pdf,Corporate/XX Original files/TEMPLATE Annual solvency declaration of PRIVIUM DEV PTY LTD (2018).pdf,.pdf,0,0,"",XX Original files,XX Original files,XX Original files,XX Original files,"","","","","",.pdf
"",TEMPLATE Annual solvency declaration of PRIVIUM DEV PTY LTD (2019).pdf,Corporate/XX Original files/TEMPLATE Annual solvency declaration of PRIVIUM DEV PTY LTD (2019).pdf,.pdf,0,0,"",XX Original files,XX Original files,XX Original files,XX Original files,"","","","","",.pdf
"",TEMPLATE Annual solvency declaration of PRIVIUM DEV PTY LTD (2020).pdf,Corporate/XX Original files/TEMPLATE Annual solvency declaration of PRIVIUM DEV PTY LTD (2020).pdf,.pdf,0,0,"",XX Original files,XX Original files,XX Original files,XX Original files,"","","","","",.pdf
"",TEMPLATE Annual solvency declaration of PRIVIUM DEV PTY LTD (2021).pdf,Corporate/XX Original files/TEMPLATE Annual solvency declaration of PRIVIUM DEV PTY LTD (2021).pdf,.pdf,0,0,"",XX Original files,XX Original files,XX Original files,XX Original files,"","","","","",.pdf
"",TEMPLATE Annual solvency declaration of PRIVIUM DEV PTY LTD (2022).pdf,Corporate/XX Original files/TEMPLATE Annual solvency declaration of PRIVIUM DEV PTY LTD (2022).pdf,.pdf,0,0,"",XX Original files,XX Original files,XX Original files,XX Original files,"","","","","",.pdf
"",TEMPLATE Annual solvency declaration of PRIVIUM DEV PTY LTD.docx,Corporate/XX Original files/TEMPLATE Annual solvency declaration of PRIVIUM DEV PTY LTD.docx,.docx,0,0,"",XX Original files,XX Original files,XX Original files,XX Original files,"","","","","",.docx
"",TEMPLATE Annual solvency declaration of PRIVIUM TOWNHOUSES PTY LTD (2015).pdf,Corporate/XX Original files/TEMPLATE Annual solvency declaration of PRIVIUM TOWNHOUSES PTY LTD (2015).pdf,.pdf,0,0,"",XX Original files,XX Original files,XX Original files,XX Original files,"","","","","",.pdf
"",TEMPLATE Annual solvency declaration of PRIVIUM TOWNHOUSES PTY LTD (2016).pdf,Corporate/XX Original files/TEMPLATE Annual solvency declaration of PRIVIUM TOWNHOUSES PTY LTD (2016).pdf,.pdf,0,0,"",XX Original files,XX Original files,XX Original files,XX Original files,"","","","","",.pdf
"",TEMPLATE Annual solvency declaration of PRIVIUM TOWNHOUSES PTY LTD (2017).pdf,Corporate/XX Original files/TEMPLATE Annual solvency declaration of PRIVIUM TOWNHOUSES PTY LTD (2017).pdf,.pdf,0,0,"",XX Original files,XX Original files,XX Original files,XX Original files,"","","","","",.pdf
"",TEMPLATE Annual solvency declaration of PRIVIUM TOWNHOUSES PTY LTD (2018).pdf,Corporate/XX Original files/TEMPLATE Annual solvency declaration of PRIVIUM TOWNHOUSES PTY LTD (2018).pdf,.pdf,0,0,"",XX Original files,XX Original files,XX Original files,XX Original files,"","","","","",.pdf
"",TEMPLATE Annual solvency declaration of PRIVIUM TOWNHOUSES PTY LTD (2019).pdf,Corporate/XX Original files/TEMPLATE Annual solvency declaration of PRIVIUM TOWNHOUSES PTY LTD (2019).pdf,.pdf,0,0,"",XX Original files,XX Original files,XX Original files,XX Original files,"","","","","",.pdf
"",TEMPLATE Annual solvency declaration of PRIVIUM TOWNHOUSES PTY LTD (2020).pdf,Corporate/XX Original files/TEMPLATE Annual solvency declaration of PRIVIUM TOWNHOUSES PTY LTD (2020).pdf,.pdf,0,0,"",XX Original files,XX Original files,XX Original files,XX Original files,"","","","","",.pdf
"",TEMPLATE Annual solvency declaration of PRIVIUM TOWNHOUSES PTY LTD (2021).pdf,Corporate/XX Original files/TEMPLATE Annual solvency declaration of PRIVIUM TOWNHOUSES PTY LTD (2021).pdf,.pdf,0,0,"",XX Original files,XX Original files,XX Original files,XX Original files,"","","","","",.pdf
"",TEMPLATE Annual solvency declaration of PRIVIUM TOWNHOUSES PTY LTD (2022).pdf,Corporate/XX Original files/TEMPLATE Annual solvency declaration of PRIVIUM TOWNHOUSES PTY LTD (2022).pdf,.pdf,0,0,"",XX Original files,XX Original files,XX Original files,XX Original files,"","","","","",.pdf
"",TEMPLATE Annual solvency declaration of PRIVIUM TOWNHOUSES PTY LTD.docx,Corporate/XX Original files/TEMPLATE Annual solvency declaration of PRIVIUM TOWNHOUSES PTY LTD.docx,.docx,0,0,"",XX Original files,XX Original files,XX Original files,XX Original files,"","","","","",.docx
"",TEMPLATE Annual solvency declaration of PROPERTY ALT GROUP PTY LTD (2018).pdf,Corporate/XX Original files/TEMPLATE Annual solvency declaration of PROPERTY ALT GROUP PTY LTD (2018).pdf,.pdf,0,0,"",XX Original files,XX Original files,XX Original files,XX Original files,"","","","","",.pdf
"",TEMPLATE Annual solvency declaration of PROPERTY ALT GROUP PTY LTD (2019).pdf,Corporate/XX Original files/TEMPLATE Annual solvency declaration of PROPERTY ALT GROUP PTY LTD (2019).pdf,.pdf,0,0,"",XX Original files,XX Original files,XX Original files,XX Original files,"","","","","",.pdf
"",TEMPLATE Annual solvency declaration of PROPERTY ALT GROUP PTY LTD (2020).pdf,Corporate/XX Original files/TEMPLATE Annual solvency declaration of PROPERTY ALT GROUP PTY LTD (2020).pdf,.pdf,0,0,"",XX Original files,XX Original files,XX Original files,XX Original files,"","","","","",.pdf
"",TEMPLATE Annual solvency declaration of PROPERTY ALT GROUP PTY LTD (2021).pdf,Corporate/XX Original files/TEMPLATE Annual solvency declaration of PROPERTY ALT GROUP PTY LTD (2021).pdf,.pdf,0,0,"",XX Original files,XX Original files,XX Original files,XX Original files,"","","","","",.pdf
"",TEMPLATE Annual solvency declaration of PROPERTY ALT GROUP PTY LTD (2022).pdf,Corporate/XX Original files/TEMPLATE Annual solvency declaration of PROPERTY ALT GROUP PTY LTD (2022).pdf,.pdf,0,0,"",XX Original files,XX Original files,XX Original files,XX Original files,"","","","","",.pdf
"",TEMPLATE Annual solvency declaration of PROPERTY ALT GROUP PTY LTD.docx,Corporate/XX Original files/TEMPLATE Annual solvency declaration of PROPERTY ALT GROUP PTY LTD.docx,.docx,0,0,"",XX Original files,XX Original files,XX Original files,XX Original files,"","","","","",.docx
"",TEMPLATE Annual solvency declaration of PROPERTY ALTERNATIVE (AUS) PTY LTD (2017).pdf,Corporate/XX Original files/TEMPLATE Annual solvency declaration of PROPERTY ALTERNATIVE (AUS) PTY LTD (2017).pdf,.pdf,0,0,"",XX Original files,XX Original files,XX Original files,XX Original files,"","","","","",.pdf
"",TEMPLATE Annual solvency declaration of PROPERTY ALTERNATIVE (AUS) PTY LTD (2018).pdf,Corporate/XX Original files/TEMPLATE Annual solvency declaration of PROPERTY ALTERNATIVE (AUS) PTY LTD (2018).pdf,.pdf,0,0,"",XX Original files,XX Original files,XX Original files,XX Original files,"","","","","",.pdf
"",TEMPLATE Annual solvency declaration of PROPERTY ALTERNATIVE (AUS) PTY LTD (2019).pdf,Corporate/XX Original files/TEMPLATE Annual solvency declaration of PROPERTY ALTERNATIVE (AUS) PTY LTD (2019).pdf,.pdf,0,0,"",XX Original files,XX Original files,XX Original files,XX Original files,"","","","","",.pdf
"",TEMPLATE Annual solvency declaration of PROPERTY ALTERNATIVE (AUS) PTY LTD (2020).pdf,Corporate/XX Original files/TEMPLATE Annual solvency declaration of PROPERTY ALTERNATIVE (AUS) PTY LTD (2020).pdf,.pdf,0,0,"",XX Original files,XX Original files,XX Original files,XX Original files,"","","","","",.pdf
"",TEMPLATE Annual solvency declaration of PROPERTY ALTERNATIVE (AUS) PTY LTD (2021).pdf,Corporate/XX Original files/TEMPLATE Annual solvency declaration of PROPERTY ALTERNATIVE (AUS) PTY LTD (2021).pdf,.pdf,0,0,"",XX Original files,XX Original files,XX Original files,XX Original files,"","","","","",.pdf
"",TEMPLATE Annual solvency declaration of PROPERTY ALTERNATIVE (AUS) PTY LTD (2022).pdf,Corporate/XX Original files/TEMPLATE Annual solvency declaration of PROPERTY ALTERNATIVE (AUS) PTY LTD (2022).pdf,.pdf,0,0,"",XX Original files,XX Original files,XX Original files,XX Original files,"","","","","",.pdf
"",TEMPLATE Annual solvency declaration of PROPERTY ALTERNATIVE (AUS) PTY LTD.docx,Corporate/XX Original files/TEMPLATE Annual solvency declaration of PROPERTY ALTERNATIVE (AUS) PTY LTD.docx,.docx,0,0,"",XX Original files,XX Original files,XX Original files,XX Original files,"","","","","",.docx
"",TEMPLATE Annual solvency declaration of THE VIEWS ON HOLMVIEW PTY LTD (2018).pdf,Corporate/XX Original files/TEMPLATE Annual solvency declaration of THE VIEWS ON HOLMVIEW PTY LTD (2018).pdf,.pdf,0,0,"",XX Original files,XX Original files,XX Original files,XX Original files,"","","","","",.pdf
"",TEMPLATE Annual solvency declaration of THE VIEWS ON HOLMVIEW PTY LTD (2019).pdf,Corporate/XX Original files/TEMPLATE Annual solvency declaration of THE VIEWS ON HOLMVIEW PTY LTD (2019).pdf,.pdf,0,0,"",XX Original files,XX Original files,XX Original files,XX Original files,"","","","","",.pdf
"",TEMPLATE Annual solvency declaration of THE VIEWS ON HOLMVIEW PTY LTD (2020).pdf,Corporate/XX Original files/TEMPLATE Annual solvency declaration of THE VIEWS ON HOLMVIEW PTY LTD (2020).pdf,.pdf,0,0,"",XX Original files,XX Original files,XX Original files,XX Original files,"","","","","",.pdf
"",TEMPLATE Annual solvency declaration of THE VIEWS ON HOLMVIEW PTY LTD (2021).pdf,Corporate/XX Original files/TEMPLATE Annual solvency declaration of THE VIEWS ON HOLMVIEW PTY LTD (2021).pdf,.pdf,0,0,"",XX Original files,XX Original files,XX Original files,XX Original files,"","","","","",.pdf
"",TEMPLATE Annual solvency declaration of THE VIEWS ON HOLMVIEW PTY LTD (2022).pdf,Corporate/XX Original files/TEMPLATE Annual solvency declaration of THE VIEWS ON HOLMVIEW PTY LTD (2022).pdf,.pdf,0,0,"",XX Original files,XX Original files,XX Original files,XX Original files,"","","","","",.pdf
"",TEMPLATE Annual solvency declaration of THE VIEWS ON HOLMVIEW PTY LTD.docx,Corporate/XX Original files/TEMPLATE Annual solvency declaration of THE VIEWS ON HOLMVIEW PTY LTD.docx,.docx,0,0,"",XX Original files,XX Original files,XX Original files,XX Original files,"","","","","",.docx
"",TEMPLATE Annual solvency declaration of SANCTUARY GROVE PTY LTD (2019).pdf,Corporate/XX Original files/TEMPLATE Annual solvency declaration of SANCTUARY GROVE PTY LTD (2019).pdf,.pdf,0,0,"",XX Original files,XX Original files,XX Original files,XX Original files,"","","","","",.pdf
"",TEMPLATE Annual solvency declaration of SANCTUARY GROVE PTY LTD (2020).pdf,Corporate/XX Original files/TEMPLATE Annual solvency declaration of SANCTUARY GROVE PTY LTD (2020).pdf,.pdf,0,0,"",XX Original files,XX Original files,XX Original files,XX Original files,"","","","","",.pdf
"",TEMPLATE Annual solvency declaration of SANCTUARY GROVE PTY LTD (2021).pdf,Corporate/XX Original files/TEMPLATE Annual solvency declaration of SANCTUARY GROVE PTY LTD (2021).pdf,.pdf,0,0,"",XX Original files,XX Original files,XX Original files,XX Original files,"","","","","",.pdf
"",TEMPLATE Annual solvency declaration of SANCTUARY GROVE PTY LTD (2022).pdf,Corporate/XX Original files/TEMPLATE Annual solvency declaration of SANCTUARY GROVE PTY LTD (2022).pdf,.pdf,0,0,"",XX Original files,XX Original files,XX Original files,XX Original files,"","","","","",.pdf
"",TEMPLATE Annual solvency declaration of SANCTUARY GROVE PTY LTD.docx,Corporate/XX Original files/TEMPLATE Annual solvency declaration of SANCTUARY GROVE PTY LTD.docx,.docx,0,0,"",XX Original files,XX Original files,XX Original files,XX Original files,"","","","","",.docx
"",TEMPLATE Annual solvency declaration of HARDER FAMILY PTY LTD (2013).pdf,Corporate/XX Original files/TEMPLATE Annual solvency declaration of HARDER FAMILY PTY LTD (2013).pdf,.pdf,0,0,"",XX Original files,XX Original files,XX Original files,XX Original files,"","","","","",.pdf
"",TEMPLATE Annual solvency declaration of HARDER FAMILY PTY LTD (2014).pdf,Corporate/XX Original files/TEMPLATE Annual solvency declaration of HARDER FAMILY PTY LTD (2014).pdf,.pdf,0,0,"",XX Original files,XX Original files,XX Original files,XX Original files,"","","","","",.pdf
"",TEMPLATE Annual solvency declaration of HARDER FAMILY PTY LTD (2015).pdf,Corporate/XX Original files/TEMPLATE Annual solvency declaration of HARDER FAMILY PTY LTD (2015).pdf,.pdf,0,0,"",XX Original files,XX Original files,XX Original files,XX Original files,"","","","","",.pdf
"",TEMPLATE Annual solvency declaration of HARDER FAMILY PTY LTD (2016).pdf,Corporate/XX Original files/TEMPLATE Annual solvency declaration of HARDER FAMILY PTY LTD (2016).pdf,.pdf,0,0,"",XX Original files,XX Original files,XX Original files,XX Original files,"","","","","",.pdf
"",TEMPLATE Annual solvency declaration of HARDER FAMILY PTY LTD (2017).pdf,Corporate/XX Original files/TEMPLATE Annual solvency declaration of HARDER FAMILY PTY LTD (2017).pdf,.pdf,0,0,"",XX Original files,XX Original files,XX Original files,XX Original files,"","","","","",.pdf
"",TEMPLATE Annual solvency declaration of HARDER FAMILY PTY LTD (2018).pdf,Corporate/XX Original files/TEMPLATE Annual solvency declaration of HARDER FAMILY PTY LTD (2018).pdf,.pdf,0,0,"",XX Original files,XX Original files,XX Original files,XX Original files,"","","","","",.pdf
"",TEMPLATE Annual solvency declaration of HARDER FAMILY PTY LTD (2019).pdf,Corporate/XX Original files/TEMPLATE Annual solvency declaration of HARDER FAMILY PTY LTD (2019).pdf,.pdf,0,0,"",XX Original files,XX Original files,XX Original files,XX Original files,"","","","","",.pdf
"",TEMPLATE Annual solvency declaration of HARDER FAMILY PTY LTD (2020).pdf,Corporate/XX Original files/TEMPLATE Annual solvency declaration of HARDER FAMILY PTY LTD (2020).pdf,.pdf,0,0,"",XX Original files,XX Original files,XX Original files,XX Original files,"","","","","",.pdf
"",TEMPLATE Annual solvency declaration of HARDER FAMILY PTY LTD (2021).pdf,Corporate/XX Original files/TEMPLATE Annual solvency declaration of HARDER FAMILY PTY LTD (2021).pdf,.pdf,0,0,"",XX Original files,XX Original files,XX Original files,XX Original files,"","","","","",.pdf
"",TEMPLATE Annual solvency declaration of HARDER FAMILY PTY LTD (2022).pdf,Corporate/XX Original files/TEMPLATE Annual solvency declaration of HARDER FAMILY PTY LTD (2022).pdf,.pdf,0,0,"",XX Original files,XX Original files,XX Original files,XX Original files,"","","","","",.pdf
"",TEMPLATE Annual solvency declaration of HARDER FAMILY PTY LTD.docx,Corporate/XX Original files/TEMPLATE Annual solvency declaration of HARDER FAMILY PTY LTD.docx,.docx,0,0,"",XX Original files,XX Original files,XX Original files,XX Original files,"","","","","",.docx
"",TEMPLATE Annual solvency declaration of LATL PTY LTD (2011).pdf,Corporate/XX Original files/TEMPLATE Annual solvency declaration of LATL PTY LTD (2011).pdf,.pdf,0,0,"",XX Original files,XX Original files,XX Original files,XX Original files,"","","","","",.pdf
"",TEMPLATE Annual solvency declaration of LATL PTY LTD (2012).pdf,Corporate/XX Original files/TEMPLATE Annual solvency declaration of LATL PTY LTD (2012).pdf,.pdf,0,0,"",XX Original files,XX Original files,XX Original files,XX Original files,"","","","","",.pdf
"",TEMPLATE Annual solvency declaration of LATL PTY LTD (2013).pdf,Corporate/XX Original files/TEMPLATE Annual solvency declaration of LATL PTY LTD (2013).pdf,.pdf,0,0,"",XX Original files,XX Original files,XX Original files,XX Original files,"","","","","",.pdf
"",TEMPLATE Annual solvency declaration of LATL PTY LTD (2014).pdf,Corporate/XX Original files/TEMPLATE Annual solvency declaration of LATL PTY LTD (2014).pdf,.pdf,0,0,"",XX Original files,XX Original files,XX Original files,XX Original files,"","","","","",.pdf
"",TEMPLATE Annual solvency declaration of LATL PTY LTD (2015).pdf,Corporate/XX Original files/TEMPLATE Annual solvency declaration of LATL PTY LTD (2015).pdf,.pdf,0,0,"",XX Original files,XX Original files,XX Original files,XX Original files,"","","","","",.pdf
"",TEMPLATE Annual solvency declaration of LATL PTY LTD (2016).pdf,Corporate/XX Original files/TEMPLATE Annual solvency declaration of LATL PTY LTD (2016).pdf,.pdf,0,0,"",XX Original files,XX Original files,XX Original files,XX Original files,"","","","","",.pdf
"",TEMPLATE Annual solvency declaration of LATL PTY LTD (2017).pdf,Corporate/XX Original files/TEMPLATE Annual solvency declaration of LATL PTY LTD (2017).pdf,.pdf,0,0,"",XX Original files,XX Original files,XX Original files,XX Original files,"","","","","",.pdf
"",TEMPLATE Annual solvency declaration of LATL PTY LTD (2018).pdf,Corporate/XX Original files/TEMPLATE Annual solvency declaration of LATL PTY LTD (2018).pdf,.pdf,0,0,"",XX Original files,XX Original files,XX Original files,XX Original files,"","","","","",.pdf
"",TEMPLATE Annual solvency declaration of LATL PTY LTD (2019).pdf,Corporate/XX Original files/TEMPLATE Annual solvency declaration of LATL PTY LTD (2019).pdf,.pdf,0,0,"",XX Original files,XX Original files,XX Original files,XX Original files,"","","","","",.pdf
"",TEMPLATE Annual solvency declaration of LATL PTY LTD (2020).pdf,Corporate/XX Original files/TEMPLATE Annual solvency declaration of LATL PTY LTD (2020).pdf,.pdf,0,0,"",XX Original files,XX Original files,XX Original files,XX Original files,"","","","","",.pdf
"",TEMPLATE Annual solvency declaration of LATL PTY LTD (2021).pdf,Corporate/XX Original files/TEMPLATE Annual solvency declaration of LATL PTY LTD (2021).pdf,.pdf,0,0,"",XX Original files,XX Original files,XX Original files,XX Original files,"","","","","",.pdf
"",TEMPLATE Annual solvency declaration of LATL PTY LTD (2022).pdf,Corporate/XX Original files/TEMPLATE Annual solvency declaration of LATL PTY LTD (2022).pdf,.pdf,0,0,"",XX Original files,XX Original files,XX Original files,XX Original files,"","","","","",.pdf
"",TEMPLATE Annual solvency declaration of LATL PTY LTD.docx,Corporate/XX Original files/TEMPLATE Annual solvency declaration of LATL PTY LTD.docx,.docx,0,0,"",XX Original files,XX Original files,XX Original files,XX Original files,"","","","","",.docx
"",TEMPLATE Annual solvency declaration of PROV1322 GLOBAL PTY LTD.docx,Corporate/XX Original files/TEMPLATE Annual solvency declaration of PROV1322 GLOBAL PTY LTD.docx,.docx,0,0,"",XX Original files,XX Original files,XX Original files,XX Original files,"","","","","",.docx
"",TEMPLATE Annual solvency declaration of PROV1322 GLOBAL PTY LTD.pdf,Corporate/XX Original files/TEMPLATE Annual solvency declaration of PROV1322 GLOBAL PTY LTD.pdf,.pdf,0,0,"",XX Original files,XX Original files,XX Original files,XX Original files,"","","","","",.pdf
"",TEMPLATE Annual solvency declaration of GEN2612 PTY LTD (2023).pdf,Corporate/XX Original files/TEMPLATE Annual solvency declaration of GEN2612 PTY LTD (2023).pdf,.pdf,0,0,"",XX Original files,XX Original files,XX Original files,XX Original files,"","","","","",.pdf
"",TEMPLATE Annual solvency declaration of GEN2612 PTY LTD.docx,Corporate/XX Original files/TEMPLATE Annual solvency declaration of GEN2612 PTY LTD.docx,.docx,0,0,"",XX Original files,XX Original files,XX Original files,XX Original files,"","","","","",.docx
"",TEMPLATE Annual solvency declaration of  OPEN GOLD CAPITAL PTY LTD (2014).pdf,Corporate/XX Original files/TEMPLATE Annual solvency declaration of  OPEN GOLD CAPITAL PTY LTD (2014).pdf,.pdf,0,0,"",XX Original files,XX Original files,XX Original files,XX Original files,"","","","","",.pdf
"",TEMPLATE Annual solvency declaration of  OPEN GOLD CAPITAL PTY LTD (2015).pdf,Corporate/XX Original files/TEMPLATE Annual solvency declaration of  OPEN GOLD CAPITAL PTY LTD (2015).pdf,.pdf,0,0,"",XX Original files,XX Original files,XX Original files,XX Original files,"","","","","",.pdf
"",TEMPLATE Annual solvency declaration of  OPEN GOLD CAPITAL PTY LTD (2016).pdf,Corporate/XX Original files/TEMPLATE Annual solvency declaration of  OPEN GOLD CAPITAL PTY LTD (2016).pdf,.pdf,0,0,"",XX Original files,XX Original files,XX Original files,XX Original files,"","","","","",.pdf
"",TEMPLATE Annual solvency declaration of  OPEN GOLD CAPITAL PTY LTD (2017).pdf,Corporate/XX Original files/TEMPLATE Annual solvency declaration of  OPEN GOLD CAPITAL PTY LTD (2017).pdf,.pdf,0,0,"",XX Original files,XX Original files,XX Original files,XX Original files,"","","","","",.pdf
"",TEMPLATE Annual solvency declaration of  OPEN GOLD CAPITAL PTY LTD (2018).pdf,Corporate/XX Original files/TEMPLATE Annual solvency declaration of  OPEN GOLD CAPITAL PTY LTD (2018).pdf,.pdf,0,0,"",XX Original files,XX Original files,XX Original files,XX Original files,"","","","","",.pdf
"",TEMPLATE Annual solvency declaration of  OPEN GOLD CAPITAL PTY LTD (2019).pdf,Corporate/XX Original files/TEMPLATE Annual solvency declaration of  OPEN GOLD CAPITAL PTY LTD (2019).pdf,.pdf,0,0,"",XX Original files,XX Original files,XX Original files,XX Original files,"","","","","",.pdf
"",TEMPLATE Annual solvency declaration of  OPEN GOLD CAPITAL PTY LTD (2020).pdf,Corporate/XX Original files/TEMPLATE Annual solvency declaration of  OPEN GOLD CAPITAL PTY LTD (2020).pdf,.pdf,0,0,"",XX Original files,XX Original files,XX Original files,XX Original files,"","","","","",.pdf
"",TEMPLATE Annual solvency declaration of  OPEN GOLD CAPITAL PTY LTD (2021).pdf,Corporate/XX Original files/TEMPLATE Annual solvency declaration of  OPEN GOLD CAPITAL PTY LTD (2021).pdf,.pdf,0,0,"",XX Original files,XX Original files,XX Original files,XX Original files,"","","","","",.pdf
"",TEMPLATE Annual solvency declaration of  OPEN GOLD CAPITAL PTY LTD (2022).pdf,Corporate/XX Original files/TEMPLATE Annual solvency declaration of  OPEN GOLD CAPITAL PTY LTD (2022).pdf,.pdf,0,0,"",XX Original files,XX Original files,XX Original files,XX Original files,"","","","","",.pdf
"",TEMPLATE Annual solvency declaration of  OPEN GOLD CAPITAL PTY LTD.docx,Corporate/XX Original files/TEMPLATE Annual solvency declaration of  OPEN GOLD CAPITAL PTY LTD.docx,.docx,0,0,"",XX Original files,XX Original files,XX Original files,XX Original files,"","","","","",.docx
"",TEMPLATE Annual solvency declaration of TEAM HARDER PTY LTD (2021).pdf,Corporate/XX Original files/TEMPLATE Annual solvency declaration of TEAM HARDER PTY LTD (2021).pdf,.pdf,0,0,"",XX Original files,XX Original files,XX Original files,XX Original files,"","","","","",.pdf
"",TEMPLATE Annual solvency declaration of TEAM HARDER PTY LTD (2022).pdf,Corporate/XX Original files/TEMPLATE Annual solvency declaration of TEAM HARDER PTY LTD (2022).pdf,.pdf,0,0,"",XX Original files,XX Original files,XX Original files,XX Original files,"","","","","",.pdf
"",TEMPLATE Annual solvency declaration of TEAM HARDER PTY LTD.docx,Corporate/XX Original files/TEMPLATE Annual solvency declaration of TEAM HARDER PTY LTD.docx,.docx,0,0,"",XX Original files,XX Original files,XX Original files,XX Original files,"","","","","",.docx
"",TEMPLATE Annual solvency declaration of TEAM HARDER SUPER INVESTMENTS PTY LTD.docx,Corporate/XX Original files/TEMPLATE Annual solvency declaration of TEAM HARDER SUPER INVESTMENTS PTY LTD.docx,.docx,0,0,"",XX Original files,XX Original files,XX Original files,XX Original files,"","","","","",.docx
"",TEMPLATE Annual solvency declaration of TEAM HARDER SUPER INVESTMENTS PTY LTD.pdf,Corporate/XX Original files/TEMPLATE Annual solvency declaration of TEAM HARDER SUPER INVESTMENTS PTY LTD.pdf,.pdf,0,0,"",XX Original files,XX Original files,XX Original files,XX Original files,"","","","","",.pdf
"",TEMPLATE Annual solvency declaration of AR CLEMENT INVESTMENTS PTY LTD (2011).pdf,Corporate/XX Original files/TEMPLATE Annual solvency declaration of AR CLEMENT INVESTMENTS PTY LTD (2011).pdf,.pdf,0,0,"",XX Original files,XX Original files,XX Original files,XX Original files,"","","","","",.pdf
"",TEMPLATE Annual solvency declaration of AR CLEMENT INVESTMENTS PTY LTD (2012).pdf,Corporate/XX Original files/TEMPLATE Annual solvency declaration of AR CLEMENT INVESTMENTS PTY LTD (2012).pdf,.pdf,0,0,"",XX Original files,XX Original files,XX Original files,XX Original files,"","","","","",.pdf
"",TEMPLATE Annual solvency declaration of AR CLEMENT INVESTMENTS PTY LTD (2013).pdf,Corporate/XX Original files/TEMPLATE Annual solvency declaration of AR CLEMENT INVESTMENTS PTY LTD (2013).pdf,.pdf,0,0,"",XX Original files,XX Original files,XX Original files,XX Original files,"","","","","",.pdf
"",TEMPLATE Annual solvency declaration of AR CLEMENT INVESTMENTS PTY LTD (2014).pdf,Corporate/XX Original files/TEMPLATE Annual solvency declaration of AR CLEMENT INVESTMENTS PTY LTD (2014).pdf,.pdf,0,0,"",XX Original files,XX Original files,XX Original files,XX Original files,"","","","","",.pdf
"",TEMPLATE Annual solvency declaration of AR CLEMENT INVESTMENTS PTY LTD (2015).pdf,Corporate/XX Original files/TEMPLATE Annual solvency declaration of AR CLEMENT INVESTMENTS PTY LTD (2015).pdf,.pdf,0,0,"",XX Original files,XX Original files,XX Original files,XX Original files,"","","","","",.pdf
"",TEMPLATE Annual solvency declaration of AR CLEMENT INVESTMENTS PTY LTD (2016).pdf,Corporate/XX Original files/TEMPLATE Annual solvency declaration of AR CLEMENT INVESTMENTS PTY LTD (2016).pdf,.pdf,0,0,"",XX Original files,XX Original files,XX Original files,XX Original files,"","","","","",.pdf
"",TEMPLATE Annual solvency declaration of AR CLEMENT INVESTMENTS PTY LTD (2017).pdf,Corporate/XX Original files/TEMPLATE Annual solvency declaration of AR CLEMENT INVESTMENTS PTY LTD (2017).pdf,.pdf,0,0,"",XX Original files,XX Original files,XX Original files,XX Original files,"","","","","",.pdf
"",TEMPLATE Annual solvency declaration of AR CLEMENT INVESTMENTS PTY LTD (2018).pdf,Corporate/XX Original files/TEMPLATE Annual solvency declaration of AR CLEMENT INVESTMENTS PTY LTD (2018).pdf,.pdf,0,0,"",XX Original files,XX Original files,XX Original files,XX Original files,"","","","","",.pdf
"",TEMPLATE Annual solvency declaration of AR CLEMENT INVESTMENTS PTY LTD (2019).pdf,Corporate/XX Original files/TEMPLATE Annual solvency declaration of AR CLEMENT INVESTMENTS PTY LTD (2019).pdf,.pdf,0,0,"",XX Original files,XX Original files,XX Original files,XX Original files,"","","","","",.pdf
"",TEMPLATE Annual solvency declaration of AR CLEMENT INVESTMENTS PTY LTD (2020).pdf,Corporate/XX Original files/TEMPLATE Annual solvency declaration of AR CLEMENT INVESTMENTS PTY LTD (2020).pdf,.pdf,0,0,"",XX Original files,XX Original files,XX Original files,XX Original files,"","","","","",.pdf
"",TEMPLATE Annual solvency declaration of AR CLEMENT INVESTMENTS PTY LTD (2021).pdf,Corporate/XX Original files/TEMPLATE Annual solvency declaration of AR CLEMENT INVESTMENTS PTY LTD (2021).pdf,.pdf,0,0,"",XX Original files,XX Original files,XX Original files,XX Original files,"","","","","",.pdf
"",TEMPLATE Annual solvency declaration of AR CLEMENT INVESTMENTS PTY LTD (2022).pdf,Corporate/XX Original files/TEMPLATE Annual solvency declaration of AR CLEMENT INVESTMENTS PTY LTD (2022).pdf,.pdf,0,0,"",XX Original files,XX Original files,XX Original files,XX Original files,"","","","","",.pdf
"",TEMPLATE Annual solvency declaration of AR CLEMENT INVESTMENTS PTY LTD.docx,Corporate/XX Original files/TEMPLATE Annual solvency declaration of AR CLEMENT INVESTMENTS PTY LTD.docx,.docx,0,0,"",XX Original files,XX Original files,XX Original files,XX Original files,"","","","","",.docx
"",TEMPLATE Annual solvency declaration of JRANDL PTY LTD (2017).pdf,Corporate/XX Original files/TEMPLATE Annual solvency declaration of JRANDL PTY LTD (2017).pdf,.pdf,0,0,"",XX Original files,XX Original files,XX Original files,XX Original files,"","","","","",.pdf
"",TEMPLATE Annual solvency declaration of JRANDL PTY LTD (2018).pdf,Corporate/XX Original files/TEMPLATE Annual solvency declaration of JRANDL PTY LTD (2018).pdf,.pdf,0,0,"",XX Original files,XX Original files,XX Original files,XX Original files,"","","","","",.pdf
"",TEMPLATE Annual solvency declaration of JRANDL PTY LTD (2019).pdf,Corporate/XX Original files/TEMPLATE Annual solvency declaration of JRANDL PTY LTD (2019).pdf,.pdf,0,0,"",XX Original files,XX Original files,XX Original files,XX Original files,"","","","","",.pdf
"",TEMPLATE Annual solvency declaration of JRANDL PTY LTD (2020).pdf,Corporate/XX Original files/TEMPLATE Annual solvency declaration of JRANDL PTY LTD (2020).pdf,.pdf,0,0,"",XX Original files,XX Original files,XX Original files,XX Original files,"","","","","",.pdf
"",TEMPLATE Annual solvency declaration of JRANDL PTY LTD (2021).pdf,Corporate/XX Original files/TEMPLATE Annual solvency declaration of JRANDL PTY LTD (2021).pdf,.pdf,0,0,"",XX Original files,XX Original files,XX Original files,XX Original files,"","","","","",.pdf
"",TEMPLATE Annual solvency declaration of JRANDL PTY LTD (2022).pdf,Corporate/XX Original files/TEMPLATE Annual solvency declaration of JRANDL PTY LTD (2022).pdf,.pdf,0,0,"",XX Original files,XX Original files,XX Original files,XX Original files,"","","","","",.pdf
"",TEMPLATE Annual solvency declaration of JRANDL PTY LTD.docx,Corporate/XX Original files/TEMPLATE Annual solvency declaration of JRANDL PTY LTD.docx,.docx,0,0,"",XX Original files,XX Original files,XX Original files,XX Original files,"","","","","",.docx
"",TEMPLATE Annual solvency declaration of W2G ASSETS PTY LTD (2001).pdf,Corporate/XX Original files/TEMPLATE Annual solvency declaration of W2G ASSETS PTY LTD (2001).pdf,.pdf,0,0,"",XX Original files,XX Original files,XX Original files,XX Original files,"","","","","",.pdf
"",TEMPLATE Annual solvency declaration of W2G ASSETS PTY LTD (2002).pdf,Corporate/XX Original files/TEMPLATE Annual solvency declaration of W2G ASSETS PTY LTD (2002).pdf,.pdf,0,0,"",XX Original files,XX Original files,XX Original files,XX Original files,"","","","","",.pdf
"",TEMPLATE Annual solvency declaration of W2G ASSETS PTY LTD (2003).pdf,Corporate/XX Original files/TEMPLATE Annual solvency declaration of W2G ASSETS PTY LTD (2003).pdf,.pdf,0,0,"",XX Original files,XX Original files,XX Original files,XX Original files,"","","","","",.pdf
"",TEMPLATE Annual solvency declaration of W2G ASSETS PTY LTD (2004).pdf,Corporate/XX Original files/TEMPLATE Annual solvency declaration of W2G ASSETS PTY LTD (2004).pdf,.pdf,0,0,"",XX Original files,XX Original files,XX Original files,XX Original files,"","","","","",.pdf
"",TEMPLATE Annual solvency declaration of W2G ASSETS PTY LTD (2005).pdf,Corporate/XX Original files/TEMPLATE Annual solvency declaration of W2G ASSETS PTY LTD (2005).pdf,.pdf,0,0,"",XX Original files,XX Original files,XX Original files,XX Original files,"","","","","",.pdf
"",TEMPLATE Annual solvency declaration of W2G ASSETS PTY LTD (2006).pdf,Corporate/XX Original files/TEMPLATE Annual solvency declaration of W2G ASSETS PTY LTD (2006).pdf,.pdf,0,0,"",XX Original files,XX Original files,XX Original files,XX Original files,"","","","","",.pdf
"",TEMPLATE Annual solvency declaration of W2G ASSETS PTY LTD (2007).pdf,Corporate/XX Original files/TEMPLATE Annual solvency declaration of W2G ASSETS PTY LTD (2007).pdf,.pdf,0,0,"",XX Original files,XX Original files,XX Original files,XX Original files,"","","","","",.pdf
"",TEMPLATE Annual solvency declaration of W2G ASSETS PTY LTD (2008).pdf,Corporate/XX Original files/TEMPLATE Annual solvency declaration of W2G ASSETS PTY LTD (2008).pdf,.pdf,0,0,"",XX Original files,XX Original files,XX Original files,XX Original files,"","","","","",.pdf
"",TEMPLATE Annual solvency declaration of W2G ASSETS PTY LTD (2009).pdf,Corporate/XX Original files/TEMPLATE Annual solvency declaration of W2G ASSETS PTY LTD (2009).pdf,.pdf,0,0,"",XX Original files,XX Original files,XX Original files,XX Original files,"","","","","",.pdf
"",TEMPLATE Annual solvency declaration of W2G ASSETS PTY LTD (2010).pdf,Corporate/XX Original files/TEMPLATE Annual solvency declaration of W2G ASSETS PTY LTD (2010).pdf,.pdf,0,0,"",XX Original files,XX Original files,XX Original files,XX Original files,"","","","","",.pdf
"",TEMPLATE Annual solvency declaration of W2G ASSETS PTY LTD (2011).pdf,Corporate/XX Original files/TEMPLATE Annual solvency declaration of W2G ASSETS PTY LTD (2011).pdf,.pdf,0,0,"",XX Original files,XX Original files,XX Original files,XX Original files,"","","","","",.pdf
"",TEMPLATE Annual solvency declaration of W2G ASSETS PTY LTD (2012).pdf,Corporate/XX Original files/TEMPLATE Annual solvency declaration of W2G ASSETS PTY LTD (2012).pdf,.pdf,0,0,"",XX Original files,XX Original files,XX Original files,XX Original files,"","","","","",.pdf
"",TEMPLATE Annual solvency declaration of W2G ASSETS PTY LTD (2013).pdf,Corporate/XX Original files/TEMPLATE Annual solvency declaration of W2G ASSETS PTY LTD (2013).pdf,.pdf,0,0,"",XX Original files,XX Original files,XX Original files,XX Original files,"","","","","",.pdf
"",TEMPLATE Annual solvency declaration of W2G ASSETS PTY LTD (2014).pdf,Corporate/XX Original files/TEMPLATE Annual solvency declaration of W2G ASSETS PTY LTD (2014).pdf,.pdf,0,0,"",XX Original files,XX Original files,XX Original files,XX Original files,"","","","","",.pdf
"",TEMPLATE Annual solvency declaration of W2G ASSETS PTY LTD (2015).pdf,Corporate/XX Original files/TEMPLATE Annual solvency declaration of W2G ASSETS PTY LTD (2015).pdf,.pdf,0,0,"",XX Original files,XX Original files,XX Original files,XX Original files,"","","","","",.pdf
"",TEMPLATE Annual solvency declaration of W2G ASSETS PTY LTD (2016).pdf,Corporate/XX Original files/TEMPLATE Annual solvency declaration of W2G ASSETS PTY LTD (2016).pdf,.pdf,0,0,"",XX Original files,XX Original files,XX Original files,XX Original files,"","","","","",.pdf
"",TEMPLATE Annual solvency declaration of W2G ASSETS PTY LTD (2017).pdf,Corporate/XX Original files/TEMPLATE Annual solvency declaration of W2G ASSETS PTY LTD (2017).pdf,.pdf,0,0,"",XX Original files,XX Original files,XX Original files,XX Original files,"","","","","",.pdf
"",TEMPLATE Annual solvency declaration of W2G ASSETS PTY LTD (2018).pdf,Corporate/XX Original files/TEMPLATE Annual solvency declaration of W2G ASSETS PTY LTD (2018).pdf,.pdf,0,0,"",XX Original files,XX Original files,XX Original files,XX Original files,"","","","","",.pdf
"",TEMPLATE Annual solvency declaration of W2G ASSETS PTY LTD (2019).pdf,Corporate/XX Original files/TEMPLATE Annual solvency declaration of W2G ASSETS PTY LTD (2019).pdf,.pdf,0,0,"",XX Original files,XX Original files,XX Original files,XX Original files,"","","","","",.pdf
"",TEMPLATE Annual solvency declaration of W2G ASSETS PTY LTD (2020).pdf,Corporate/XX Original files/TEMPLATE Annual solvency declaration of W2G ASSETS PTY LTD (2020).pdf,.pdf,0,0,"",XX Original files,XX Original files,XX Original files,XX Original files,"","","","","",.pdf
"",TEMPLATE Annual solvency declaration of W2G ASSETS PTY LTD (2021).pdf,Corporate/XX Original files/TEMPLATE Annual solvency declaration of W2G ASSETS PTY LTD (2021).pdf,.pdf,0,0,"",XX Original files,XX Original files,XX Original files,XX Original files,"","","","","",.pdf
"",TEMPLATE Annual solvency declaration of W2G ASSETS PTY LTD (2022).pdf,Corporate/XX Original files/TEMPLATE Annual solvency declaration of W2G ASSETS PTY LTD (2022).pdf,.pdf,0,0,"",XX Original files,XX Original files,XX Original files,XX Original files,"","","","","",.pdf
"",TEMPLATE Annual solvency declaration of W2G ASSETS PTY LTD.docx,Corporate/XX Original files/TEMPLATE Annual solvency declaration of W2G ASSETS PTY LTD.docx,.docx,0,0,"",XX Original files,XX Original files,XX Original files,XX Original files,"","","","","",.docx
"",TEMPLATE Annual solvency declaration of TEKNA DRAFTING PTY LTD (2013).pdf,Corporate/XX Original files/TEMPLATE Annual solvency declaration of TEKNA DRAFTING PTY LTD (2013).pdf,.pdf,0,0,"",XX Original files,XX Original files,XX Original files,XX Original files,"","","","","",.pdf
"",TEMPLATE Annual solvency declaration of TEKNA DRAFTING PTY LTD (2014).pdf,Corporate/XX Original files/TEMPLATE Annual solvency declaration of TEKNA DRAFTING PTY LTD (2014).pdf,.pdf,0,0,"",XX Original files,XX Original files,XX Original files,XX Original files,"","","","","",.pdf
"",TEMPLATE Annual solvency declaration of TEKNA DRAFTING PTY LTD (2015).pdf,Corporate/XX Original files/TEMPLATE Annual solvency declaration of TEKNA DRAFTING PTY LTD (2015).pdf,.pdf,0,0,"",XX Original files,XX Original files,XX Original files,XX Original files,"","","","","",.pdf
"",TEMPLATE Annual solvency declaration of TEKNA DRAFTING PTY LTD (2016).pdf,Corporate/XX Original files/TEMPLATE Annual solvency declaration of TEKNA DRAFTING PTY LTD (2016).pdf,.pdf,0,0,"",XX Original files,XX Original files,XX Original files,XX Original files,"","","","","",.pdf
"",TEMPLATE Annual solvency declaration of TEKNA DRAFTING PTY LTD (2017).pdf,Corporate/XX Original files/TEMPLATE Annual solvency declaration of TEKNA DRAFTING PTY LTD (2017).pdf,.pdf,0,0,"",XX Original files,XX Original files,XX Original files,XX Original files,"","","","","",.pdf
"",TEMPLATE Annual solvency declaration of TEKNA DRAFTING PTY LTD (2018).pdf,Corporate/XX Original files/TEMPLATE Annual solvency declaration of TEKNA DRAFTING PTY LTD (2018).pdf,.pdf,0,0,"",XX Original files,XX Original files,XX Original files,XX Original files,"","","","","",.pdf
"",TEMPLATE Annual solvency declaration of TEKNA DRAFTING PTY LTD (2019).pdf,Corporate/XX Original files/TEMPLATE Annual solvency declaration of TEKNA DRAFTING PTY LTD (2019).pdf,.pdf,0,0,"",XX Original files,XX Original files,XX Original files,XX Original files,"","","","","",.pdf
"",TEMPLATE Annual solvency declaration of TEKNA DRAFTING PTY LTD (2020).pdf,Corporate/XX Original files/TEMPLATE Annual solvency declaration of TEKNA DRAFTING PTY LTD (2020).pdf,.pdf,0,0,"",XX Original files,XX Original files,XX Original files,XX Original files,"","","","","",.pdf
"",TEMPLATE Annual solvency declaration of TEKNA DRAFTING PTY LTD (2021).pdf,Corporate/XX Original files/TEMPLATE Annual solvency declaration of TEKNA DRAFTING PTY LTD (2021).pdf,.pdf,0,0,"",XX Original files,XX Original files,XX Original files,XX Original files,"","","","","",.pdf
"",TEMPLATE Annual solvency declaration of TEKNA DRAFTING PTY LTD (2022).pdf,Corporate/XX Original files/TEMPLATE Annual solvency declaration of TEKNA DRAFTING PTY LTD (2022).pdf,.pdf,0,0,"",XX Original files,XX Original files,XX Original files,XX Original files,"","","","","",.pdf
"",TEMPLATE Annual solvency declaration of TEKNA DRAFTING PTY LTD.docx,Corporate/XX Original files/TEMPLATE Annual solvency declaration of TEKNA DRAFTING PTY LTD.docx,.docx,0,0,"",XX Original files,XX Original files,XX Original files,XX Original files,"","","","","",.docx
"",TEMPLATE Annual solvency declaration of TEKNA PTY LTD.docx,Corporate/XX Original files/TEMPLATE Annual solvency declaration of TEKNA PTY LTD.docx,.docx,0,0,"",XX Original files,XX Original files,XX Original files,XX Original files,"","","","","",.docx
"",TEMPLATE Annual solvency declaration of TEKNA PTY LTD.pdf,Corporate/XX Original files/TEMPLATE Annual solvency declaration of TEKNA PTY LTD.pdf,.pdf,0,0,"",XX Original files,XX Original files,XX Original files,XX Original files,"","","","","",.pdf
"",TEMPLATE Annual solvency declaration of TEKNA LICENCE PTY LTD.docx,Corporate/XX Original files/TEMPLATE Annual solvency declaration of TEKNA LICENCE PTY LTD.docx,.docx,0,0,"",XX Original files,XX Original files,XX Original files,XX Original files,"","","","","",.docx
"",TEMPLATE Annual solvency declaration of TEKNA LICENCE PTY LTD.pdf,Corporate/XX Original files/TEMPLATE Annual solvency declaration of TEKNA LICENCE PTY LTD.pdf,.pdf,0,0,"",XX Original files,XX Original files,XX Original files,XX Original files,"","","","","",.pdf
"",TEMPLATE Annual solvency declaration of HOMES OF HOPE LIMITED (2021).pdf,Corporate/XX Original files/TEMPLATE Annual solvency declaration of HOMES OF HOPE LIMITED (2021).pdf,.pdf,0,0,"",XX Original files,XX Original files,XX Original files,XX Original files,"","","","","",.pdf
"",TEMPLATE Annual solvency declaration of HOMES OF HOPE LIMITED (2022).pdf,Corporate/XX Original files/TEMPLATE Annual solvency declaration of HOMES OF HOPE LIMITED (2022).pdf,.pdf,0,0,"",XX Original files,XX Original files,XX Original files,XX Original files,"","","","","",.pdf
"",TEMPLATE Annual solvency declaration of HOMES OF HOPE LIMITED.docx,Corporate/XX Original files/TEMPLATE Annual solvency declaration of HOMES OF HOPE LIMITED.docx,.docx,0,0,"",XX Original files,XX Original files,XX Original files,XX Original files,"","","","","",.docx
"",TEMPLATE Annual solvency declaration of LIVIN THE DREAM PTY LTD (2011).pdf,Corporate/XX Original files/TEMPLATE Annual solvency declaration of LIVIN THE DREAM PTY LTD (2011).pdf,.pdf,0,0,"",XX Original files,XX Original files,XX Original files,XX Original files,"","","","","",.pdf
"",TEMPLATE Annual solvency declaration of LIVIN THE DREAM PTY LTD (2012).pdf,Corporate/XX Original files/TEMPLATE Annual solvency declaration of LIVIN THE DREAM PTY LTD (2012).pdf,.pdf,0,0,"",XX Original files,XX Original files,XX Original files,XX Original files,"","","","","",.pdf
"",TEMPLATE Annual solvency declaration of LIVIN THE DREAM PTY LTD (2013).pdf,Corporate/XX Original files/TEMPLATE Annual solvency declaration of LIVIN THE DREAM PTY LTD (2013).pdf,.pdf,0,0,"",XX Original files,XX Original files,XX Original files,XX Original files,"","","","","",.pdf
"",TEMPLATE Annual solvency declaration of LIVIN THE DREAM PTY LTD (2014).pdf,Corporate/XX Original files/TEMPLATE Annual solvency declaration of LIVIN THE DREAM PTY LTD (2014).pdf,.pdf,0,0,"",XX Original files,XX Original files,XX Original files,XX Original files,"","","","","",.pdf
"",TEMPLATE Annual solvency declaration of LIVIN THE DREAM PTY LTD (2015).pdf,Corporate/XX Original files/TEMPLATE Annual solvency declaration of LIVIN THE DREAM PTY LTD (2015).pdf,.pdf,0,0,"",XX Original files,XX Original files,XX Original files,XX Original files,"","","","","",.pdf
"",TEMPLATE Annual solvency declaration of LIVIN THE DREAM PTY LTD (2016).pdf,Corporate/XX Original files/TEMPLATE Annual solvency declaration of LIVIN THE DREAM PTY LTD (2016).pdf,.pdf,0,0,"",XX Original files,XX Original files,XX Original files,XX Original files,"","","","","",.pdf
"",TEMPLATE Annual solvency declaration of LIVIN THE DREAM PTY LTD (2017).pdf,Corporate/XX Original files/TEMPLATE Annual solvency declaration of LIVIN THE DREAM PTY LTD (2017).pdf,.pdf,0,0,"",XX Original files,XX Original files,XX Original files,XX Original files,"","","","","",.pdf
"",TEMPLATE Annual solvency declaration of LIVIN THE DREAM PTY LTD (2018).pdf,Corporate/XX Original files/TEMPLATE Annual solvency declaration of LIVIN THE DREAM PTY LTD (2018).pdf,.pdf,0,0,"",XX Original files,XX Original files,XX Original files,XX Original files,"","","","","",.pdf
"",TEMPLATE Annual solvency declaration of LIVIN THE DREAM PTY LTD (2019).pdf,Corporate/XX Original files/TEMPLATE Annual solvency declaration of LIVIN THE DREAM PTY LTD (2019).pdf,.pdf,0,0,"",XX Original files,XX Original files,XX Original files,XX Original files,"","","","","",.pdf
"",TEMPLATE Annual solvency declaration of LIVIN THE DREAM PTY LTD (2020).pdf,Corporate/XX Original files/TEMPLATE Annual solvency declaration of LIVIN THE DREAM PTY LTD (2020).pdf,.pdf,0,0,"",XX Original files,XX Original files,XX Original files,XX Original files,"","","","","",.pdf
"",TEMPLATE Annual solvency declaration of LIVIN THE DREAM PTY LTD (2021).pdf,Corporate/XX Original files/TEMPLATE Annual solvency declaration of LIVIN THE DREAM PTY LTD (2021).pdf,.pdf,0,0,"",XX Original files,XX Original files,XX Original files,XX Original files,"","","","","",.pdf
"",TEMPLATE Annual solvency declaration of LIVIN THE DREAM PTY LTD (2022).pdf,Corporate/XX Original files/TEMPLATE Annual solvency declaration of LIVIN THE DREAM PTY LTD (2022).pdf,.pdf,0,0,"",XX Original files,XX Original files,XX Original files,XX Original files,"","","","","",.pdf
"",TEMPLATE Annual solvency declaration of LIVIN THE DREAM PTY LTD.docx,Corporate/XX Original files/TEMPLATE Annual solvency declaration of LIVIN THE DREAM PTY LTD.docx,.docx,0,0,"",XX Original files,XX Original files,XX Original files,XX Original files,"","","","","",.docx
"",TEMPLATE Annual solvency declaration of  OPEN GOLD DRAFTING PTY LTD (2022).pdf,Corporate/XX Original files/TEMPLATE Annual solvency declaration of  OPEN GOLD DRAFTING PTY LTD (2022).pdf,.pdf,0,0,"",XX Original files,XX Original files,XX Original files,XX Original files,"","","","","",.pdf
"",TEMPLATE Annual solvency declaration of  OPEN GOLD DRAFTING PTY LTD.docx,Corporate/XX Original files/TEMPLATE Annual solvency declaration of  OPEN GOLD DRAFTING PTY LTD.docx,.docx,0,0,"",XX Original files,XX Original files,XX Original files,XX Original files,"","","","","",.docx
"",TEMPLATE Annual solvency declaration of LOVE YOUR WORLD (2013).pdf,Corporate/XX Original files/TEMPLATE Annual solvency declaration of LOVE YOUR WORLD (2013).pdf,.pdf,0,0,"",XX Original files,XX Original files,XX Original files,XX Original files,"","","","","",.pdf
"",TEMPLATE Annual solvency declaration of LOVE YOUR WORLD (2014).pdf,Corporate/XX Original files/TEMPLATE Annual solvency declaration of LOVE YOUR WORLD (2014).pdf,.pdf,0,0,"",XX Original files,XX Original files,XX Original files,XX Original files,"","","","","",.pdf
"",TEMPLATE Annual solvency declaration of LOVE YOUR WORLD (2015).pdf,Corporate/XX Original files/TEMPLATE Annual solvency declaration of LOVE YOUR WORLD (2015).pdf,.pdf,0,0,"",XX Original files,XX Original files,XX Original files,XX Original files,"","","","","",.pdf
"",TEMPLATE Annual solvency declaration of LOVE YOUR WORLD (2016).pdf,Corporate/XX Original files/TEMPLATE Annual solvency declaration of LOVE YOUR WORLD (2016).pdf,.pdf,0,0,"",XX Original files,XX Original files,XX Original files,XX Original files,"","","","","",.pdf
"",TEMPLATE Annual solvency declaration of LOVE YOUR WORLD (2017).pdf,Corporate/XX Original files/TEMPLATE Annual solvency declaration of LOVE YOUR WORLD (2017).pdf,.pdf,0,0,"",XX Original files,XX Original files,XX Original files,XX Original files,"","","","","",.pdf
"",TEMPLATE Annual solvency declaration of LOVE YOUR WORLD (2018).pdf,Corporate/XX Original files/TEMPLATE Annual solvency declaration of LOVE YOUR WORLD (2018).pdf,.pdf,0,0,"",XX Original files,XX Original files,XX Original files,XX Original files,"","","","","",.pdf
"",TEMPLATE Annual solvency declaration of LOVE YOUR WORLD (2019).pdf,Corporate/XX Original files/TEMPLATE Annual solvency declaration of LOVE YOUR WORLD (2019).pdf,.pdf,0,0,"",XX Original files,XX Original files,XX Original files,XX Original files,"","","","","",.pdf
"",TEMPLATE Annual solvency declaration of LOVE YOUR WORLD (2020).pdf,Corporate/XX Original files/TEMPLATE Annual solvency declaration of LOVE YOUR WORLD (2020).pdf,.pdf,0,0,"",XX Original files,XX Original files,XX Original files,XX Original files,"","","","","",.pdf
"",TEMPLATE Annual solvency declaration of LOVE YOUR WORLD (2021).pdf,Corporate/XX Original files/TEMPLATE Annual solvency declaration of LOVE YOUR WORLD (2021).pdf,.pdf,0,0,"",XX Original files,XX Original files,XX Original files,XX Original files,"","","","","",.pdf
"",TEMPLATE Annual solvency declaration of LOVE YOUR WORLD (2022).pdf,Corporate/XX Original files/TEMPLATE Annual solvency declaration of LOVE YOUR WORLD (2022).pdf,.pdf,0,0,"",XX Original files,XX Original files,XX Original files,XX Original files,"","","","","",.pdf
"",TEMPLATE Annual solvency declaration of LOVE YOUR WORLD.docx,Corporate/XX Original files/TEMPLATE Annual solvency declaration of LOVE YOUR WORLD.docx,.docx,0,0,"",XX Original files,XX Original files,XX Original files,XX Original files,"","","","","",.docx
"",TEMPLATE Annual solvency declaration of HARDER INVESTMENTS PTY LTD (1995).pdf,Corporate/XX Original files/TEMPLATE Annual solvency declaration of HARDER INVESTMENTS PTY LTD (1995).pdf,.pdf,0,0,"",XX Original files,XX Original files,XX Original files,XX Original files,"","","","","",.pdf
"",TEMPLATE Annual solvency declaration of HARDER INVESTMENTS PTY LTD (1996).pdf,Corporate/XX Original files/TEMPLATE Annual solvency declaration of HARDER INVESTMENTS PTY LTD (1996).pdf,.pdf,0,0,"",XX Original files,XX Original files,XX Original files,XX Original files,"","","","","",.pdf
"",TEMPLATE Annual solvency declaration of HARDER INVESTMENTS PTY LTD (1997).pdf,Corporate/XX Original files/TEMPLATE Annual solvency declaration of HARDER INVESTMENTS PTY LTD (1997).pdf,.pdf,0,0,"",XX Original files,XX Original files,XX Original files,XX Original files,"","","","","",.pdf
"",TEMPLATE Annual solvency declaration of HARDER INVESTMENTS PTY LTD (1998).pdf,Corporate/XX Original files/TEMPLATE Annual solvency declaration of HARDER INVESTMENTS PTY LTD (1998).pdf,.pdf,0,0,"",XX Original files,XX Original files,XX Original files,XX Original files,"","","","","",.pdf
"",TEMPLATE Annual solvency declaration of HARDER INVESTMENTS PTY LTD (1999).pdf,Corporate/XX Original files/TEMPLATE Annual solvency declaration of HARDER INVESTMENTS PTY LTD (1999).pdf,.pdf,0,0,"",XX Original files,XX Original files,XX Original files,XX Original files,"","","","","",.pdf
"",TEMPLATE Annual solvency declaration of HARDER INVESTMENTS PTY LTD (2000).pdf,Corporate/XX Original files/TEMPLATE Annual solvency declaration of HARDER INVESTMENTS PTY LTD (2000).pdf,.pdf,0,0,"",XX Original files,XX Original files,XX Original files,XX Original files,"","","","","",.pdf
"",TEMPLATE Annual solvency declaration of HARDER INVESTMENTS PTY LTD (2001).pdf,Corporate/XX Original files/TEMPLATE Annual solvency declaration of HARDER INVESTMENTS PTY LTD (2001).pdf,.pdf,0,0,"",XX Original files,XX Original files,XX Original files,XX Original files,"","","","","",.pdf
"",TEMPLATE Annual solvency declaration of HARDER INVESTMENTS PTY LTD (2002).pdf,Corporate/XX Original files/TEMPLATE Annual solvency declaration of HARDER INVESTMENTS PTY LTD (2002).pdf,.pdf,0,0,"",XX Original files,XX Original files,XX Original files,XX Original files,"","","","","",.pdf
"",TEMPLATE Annual solvency declaration of HARDER INVESTMENTS PTY LTD (2003).pdf,Corporate/XX Original files/TEMPLATE Annual solvency declaration of HARDER INVESTMENTS PTY LTD (2003).pdf,.pdf,0,0,"",XX Original files,XX Original files,XX Original files,XX Original files,"","","","","",.pdf
"",TEMPLATE Annual solvency declaration of HARDER INVESTMENTS PTY LTD (2004).pdf,Corporate/XX Original files/TEMPLATE Annual solvency declaration of HARDER INVESTMENTS PTY LTD (2004).pdf,.pdf,0,0,"",XX Original files,XX Original files,XX Original files,XX Original files,"","","","","",.pdf
"",TEMPLATE Annual solvency declaration of HARDER INVESTMENTS PTY LTD (2005).pdf,Corporate/XX Original files/TEMPLATE Annual solvency declaration of HARDER INVESTMENTS PTY LTD (2005).pdf,.pdf,0,0,"",XX Original files,XX Original files,XX Original files,XX Original files,"","","","","",.pdf
"",TEMPLATE Annual solvency declaration of HARDER INVESTMENTS PTY LTD (2006).pdf,Corporate/XX Original files/TEMPLATE Annual solvency declaration of HARDER INVESTMENTS PTY LTD (2006).pdf,.pdf,0,0,"",XX Original files,XX Original files,XX Original files,XX Original files,"","","","","",.pdf
"",TEMPLATE Annual solvency declaration of HARDER INVESTMENTS PTY LTD (2007).pdf,Corporate/XX Original files/TEMPLATE Annual solvency declaration of HARDER INVESTMENTS PTY LTD (2007).pdf,.pdf,0,0,"",XX Original files,XX Original files,XX Original files,XX Original files,"","","","","",.pdf
"",TEMPLATE Annual solvency declaration of HARDER INVESTMENTS PTY LTD (2008).pdf,Corporate/XX Original files/TEMPLATE Annual solvency declaration of HARDER INVESTMENTS PTY LTD (2008).pdf,.pdf,0,0,"",XX Original files,XX Original files,XX Original files,XX Original files,"","","","","",.pdf
"",TEMPLATE Annual solvency declaration of HARDER INVESTMENTS PTY LTD (2009).pdf,Corporate/XX Original files/TEMPLATE Annual solvency declaration of HARDER INVESTMENTS PTY LTD (2009).pdf,.pdf,0,0,"",XX Original files,XX Original files,XX Original files,XX Original files,"","","","","",.pdf
"",TEMPLATE Annual solvency declaration of HARDER INVESTMENTS PTY LTD (2010).pdf,Corporate/XX Original files/TEMPLATE Annual solvency declaration of HARDER INVESTMENTS PTY LTD (2010).pdf,.pdf,0,0,"",XX Original files,XX Original files,XX Original files,XX Original files,"","","","","",.pdf
"",TEMPLATE Annual solvency declaration of HARDER INVESTMENTS PTY LTD (2011).pdf,Corporate/XX Original files/TEMPLATE Annual solvency declaration of HARDER INVESTMENTS PTY LTD (2011).pdf,.pdf,0,0,"",XX Original files,XX Original files,XX Original files,XX Original files,"","","","","",.pdf
"",TEMPLATE Annual solvency declaration of HARDER INVESTMENTS PTY LTD (2012).pdf,Corporate/XX Original files/TEMPLATE Annual solvency declaration of HARDER INVESTMENTS PTY LTD (2012).pdf,.pdf,0,0,"",XX Original files,XX Original files,XX Original files,XX Original files,"","","","","",.pdf
"",TEMPLATE Annual solvency declaration of HARDER INVESTMENTS PTY LTD (2013).pdf,Corporate/XX Original files/TEMPLATE Annual solvency declaration of HARDER INVESTMENTS PTY LTD (2013).pdf,.pdf,0,0,"",XX Original files,XX Original files,XX Original files,XX Original files,"","","","","",.pdf
"",TEMPLATE Annual solvency declaration of HARDER INVESTMENTS PTY LTD (2014).pdf,Corporate/XX Original files/TEMPLATE Annual solvency declaration of HARDER INVESTMENTS PTY LTD (2014).pdf,.pdf,0,0,"",XX Original files,XX Original files,XX Original files,XX Original files,"","","","","",.pdf
"",TEMPLATE Annual solvency declaration of HARDER INVESTMENTS PTY LTD (2015).pdf,Corporate/XX Original files/TEMPLATE Annual solvency declaration of HARDER INVESTMENTS PTY LTD (2015).pdf,.pdf,0,0,"",XX Original files,XX Original files,XX Original files,XX Original files,"","","","","",.pdf
"",TEMPLATE Annual solvency declaration of HARDER INVESTMENTS PTY LTD (2016).pdf,Corporate/XX Original files/TEMPLATE Annual solvency declaration of HARDER INVESTMENTS PTY LTD (2016).pdf,.pdf,0,0,"",XX Original files,XX Original files,XX Original files,XX Original files,"","","","","",.pdf
"",TEMPLATE Annual solvency declaration of HARDER INVESTMENTS PTY LTD (2017).pdf,Corporate/XX Original files/TEMPLATE Annual solvency declaration of HARDER INVESTMENTS PTY LTD (2017).pdf,.pdf,0,0,"",XX Original files,XX Original files,XX Original files,XX Original files,"","","","","",.pdf
"",TEMPLATE Annual solvency declaration of HARDER INVESTMENTS PTY LTD (2018).pdf,Corporate/XX Original files/TEMPLATE Annual solvency declaration of HARDER INVESTMENTS PTY LTD (2018).pdf,.pdf,0,0,"",XX Original files,XX Original files,XX Original files,XX Original files,"","","","","",.pdf
"",TEMPLATE Annual solvency declaration of HARDER INVESTMENTS PTY LTD (2019).pdf,Corporate/XX Original files/TEMPLATE Annual solvency declaration of HARDER INVESTMENTS PTY LTD (2019).pdf,.pdf,0,0,"",XX Original files,XX Original files,XX Original files,XX Original files,"","","","","",.pdf
"",TEMPLATE Annual solvency declaration of HARDER INVESTMENTS PTY LTD (2020).pdf,Corporate/XX Original files/TEMPLATE Annual solvency declaration of HARDER INVESTMENTS PTY LTD (2020).pdf,.pdf,0,0,"",XX Original files,XX Original files,XX Original files,XX Original files,"","","","","",.pdf
"",TEMPLATE Annual solvency declaration of HARDER INVESTMENTS PTY LTD (2021).pdf,Corporate/XX Original files/TEMPLATE Annual solvency declaration of HARDER INVESTMENTS PTY LTD (2021).pdf,.pdf,0,0,"",XX Original files,XX Original files,XX Original files,XX Original files,"","","","","",.pdf
"",TEMPLATE Annual solvency declaration of HARDER INVESTMENTS PTY LTD (2022).pdf,Corporate/XX Original files/TEMPLATE Annual solvency declaration of HARDER INVESTMENTS PTY LTD (2022).pdf,.pdf,0,0,"",XX Original files,XX Original files,XX Original files,XX Original files,"","","","","",.pdf
"",TEMPLATE Annual solvency declaration of HARDER INVESTMENTS PTY LTD.docx,Corporate/XX Original files/TEMPLATE Annual solvency declaration of HARDER INVESTMENTS PTY LTD.docx,.docx,0,0,"",XX Original files,XX Original files,XX Original files,XX Original files,"","","","","",.docx
"",TEMPLATE Annual solvency declaration of PLUG DEVELOPMENTS PTY LTD (2010).pdf,Corporate/XX Original files/TEMPLATE Annual solvency declaration of PLUG DEVELOPMENTS PTY LTD (2010).pdf,.pdf,0,0,"",XX Original files,XX Original files,XX Original files,XX Original files,"","","","","",.pdf
"",TEMPLATE Annual solvency declaration of PLUG DEVELOPMENTS PTY LTD (2011).pdf,Corporate/XX Original files/TEMPLATE Annual solvency declaration of PLUG DEVELOPMENTS PTY LTD (2011).pdf,.pdf,0,0,"",XX Original files,XX Original files,XX Original files,XX Original files,"","","","","",.pdf
"",TEMPLATE Annual solvency declaration of PLUG DEVELOPMENTS PTY LTD (2012).pdf,Corporate/XX Original files/TEMPLATE Annual solvency declaration of PLUG DEVELOPMENTS PTY LTD (2012).pdf,.pdf,0,0,"",XX Original files,XX Original files,XX Original files,XX Original files,"","","","","",.pdf
"",TEMPLATE Annual solvency declaration of PLUG DEVELOPMENTS PTY LTD (2013).pdf,Corporate/XX Original files/TEMPLATE Annual solvency declaration of PLUG DEVELOPMENTS PTY LTD (2013).pdf,.pdf,0,0,"",XX Original files,XX Original files,XX Original files,XX Original files,"","","","","",.pdf
"",TEMPLATE Annual solvency declaration of PLUG DEVELOPMENTS PTY LTD (2014).pdf,Corporate/XX Original files/TEMPLATE Annual solvency declaration of PLUG DEVELOPMENTS PTY LTD (2014).pdf,.pdf,0,0,"",XX Original files,XX Original files,XX Original files,XX Original files,"","","","","",.pdf
"",TEMPLATE Annual solvency declaration of PLUG DEVELOPMENTS PTY LTD (2015).pdf,Corporate/XX Original files/TEMPLATE Annual solvency declaration of PLUG DEVELOPMENTS PTY LTD (2015).pdf,.pdf,0,0,"",XX Original files,XX Original files,XX Original files,XX Original files,"","","","","",.pdf
"",TEMPLATE Annual solvency declaration of PLUG DEVELOPMENTS PTY LTD (2016).pdf,Corporate/XX Original files/TEMPLATE Annual solvency declaration of PLUG DEVELOPMENTS PTY LTD (2016).pdf,.pdf,0,0,"",XX Original files,XX Original files,XX Original files,XX Original files,"","","","","",.pdf
"",TEMPLATE Annual solvency declaration of PLUG DEVELOPMENTS PTY LTD (2017).pdf,Corporate/XX Original files/TEMPLATE Annual solvency declaration of PLUG DEVELOPMENTS PTY LTD (2017).pdf,.pdf,0,0,"",XX Original files,XX Original files,XX Original files,XX Original files,"","","","","",.pdf
"",TEMPLATE Annual solvency declaration of PLUG DEVELOPMENTS PTY LTD (2018).pdf,Corporate/XX Original files/TEMPLATE Annual solvency declaration of PLUG DEVELOPMENTS PTY LTD (2018).pdf,.pdf,0,0,"",XX Original files,XX Original files,XX Original files,XX Original files,"","","","","",.pdf
"",TEMPLATE Annual solvency declaration of PLUG DEVELOPMENTS PTY LTD (2019).pdf,Corporate/XX Original files/TEMPLATE Annual solvency declaration of PLUG DEVELOPMENTS PTY LTD (2019).pdf,.pdf,0,0,"",XX Original files,XX Original files,XX Original files,XX Original files,"","","","","",.pdf
"",TEMPLATE Annual solvency declaration of PLUG DEVELOPMENTS PTY LTD (2020).pdf,Corporate/XX Original files/TEMPLATE Annual solvency declaration of PLUG DEVELOPMENTS PTY LTD (2020).pdf,.pdf,0,0,"",XX Original files,XX Original files,XX Original files,XX Original files,"","","","","",.pdf
"",TEMPLATE Annual solvency declaration of PLUG DEVELOPMENTS PTY LTD (2021).pdf,Corporate/XX Original files/TEMPLATE Annual solvency declaration of PLUG DEVELOPMENTS PTY LTD (2021).pdf,.pdf,0,0,"",XX Original files,XX Original files,XX Original files,XX Original files,"","","","","",.pdf
"",TEMPLATE Annual solvency declaration of PLUG DEVELOPMENTS PTY LTD (2022).pdf,Corporate/XX Original files/TEMPLATE Annual solvency declaration of PLUG DEVELOPMENTS PTY LTD (2022).pdf,.pdf,0,0,"",XX Original files,XX Original files,XX Original files,XX Original files,"","","","","",.pdf
"",TEMPLATE Annual solvency declaration of PLUG DEVELOPMENTS PTY LTD.docx,Corporate/XX Original files/TEMPLATE Annual solvency declaration of PLUG DEVELOPMENTS PTY LTD.docx,.docx,0,0,"",XX Original files,XX Original files,XX Original files,XX Original files,"","","","","",.docx
"",TEMPLATE Annual solvency declaration of PLUG INVESTMENTS PTY LTD (2011).pdf,Corporate/XX Original files/TEMPLATE Annual solvency declaration of PLUG INVESTMENTS PTY LTD (2011).pdf,.pdf,0,0,"",XX Original files,XX Original files,XX Original files,XX Original files,"","","","","",.pdf
"",TEMPLATE Annual solvency declaration of PLUG INVESTMENTS PTY LTD (2012).pdf,Corporate/XX Original files/TEMPLATE Annual solvency declaration of PLUG INVESTMENTS PTY LTD (2012).pdf,.pdf,0,0,"",XX Original files,XX Original files,XX Original files,XX Original files,"","","","","",.pdf
"",TEMPLATE Annual solvency declaration of PLUG INVESTMENTS PTY LTD (2013).pdf,Corporate/XX Original files/TEMPLATE Annual solvency declaration of PLUG INVESTMENTS PTY LTD (2013).pdf,.pdf,0,0,"",XX Original files,XX Original files,XX Original files,XX Original files,"","","","","",.pdf
"",TEMPLATE Annual solvency declaration of PLUG INVESTMENTS PTY LTD (2014).pdf,Corporate/XX Original files/TEMPLATE Annual solvency declaration of PLUG INVESTMENTS PTY LTD (2014).pdf,.pdf,0,0,"",XX Original files,XX Original files,XX Original files,XX Original files,"","","","","",.pdf
"",TEMPLATE Annual solvency declaration of PLUG INVESTMENTS PTY LTD (2015).pdf,Corporate/XX Original files/TEMPLATE Annual solvency declaration of PLUG INVESTMENTS PTY LTD (2015).pdf,.pdf,0,0,"",XX Original files,XX Original files,XX Original files,XX Original files,"","","","","",.pdf
"",TEMPLATE Annual solvency declaration of PLUG INVESTMENTS PTY LTD (2016).pdf,Corporate/XX Original files/TEMPLATE Annual solvency declaration of PLUG INVESTMENTS PTY LTD (2016).pdf,.pdf,0,0,"",XX Original files,XX Original files,XX Original files,XX Original files,"","","","","",.pdf
"",TEMPLATE Annual solvency declaration of PLUG INVESTMENTS PTY LTD (2017).pdf,Corporate/XX Original files/TEMPLATE Annual solvency declaration of PLUG INVESTMENTS PTY LTD (2017).pdf,.pdf,0,0,"",XX Original files,XX Original files,XX Original files,XX Original files,"","","","","",.pdf
"",TEMPLATE Annual solvency declaration of PLUG INVESTMENTS PTY LTD (2018).pdf,Corporate/XX Original files/TEMPLATE Annual solvency declaration of PLUG INVESTMENTS PTY LTD (2018).pdf,.pdf,0,0,"",XX Original files,XX Original files,XX Original files,XX Original files,"","","","","",.pdf
"",TEMPLATE Annual solvency declaration of PLUG INVESTMENTS PTY LTD (2019).pdf,Corporate/XX Original files/TEMPLATE Annual solvency declaration of PLUG INVESTMENTS PTY LTD (2019).pdf,.pdf,0,0,"",XX Original files,XX Original files,XX Original files,XX Original files,"","","","","",.pdf
"",TEMPLATE Annual solvency declaration of PLUG INVESTMENTS PTY LTD (2020).pdf,Corporate/XX Original files/TEMPLATE Annual solvency declaration of PLUG INVESTMENTS PTY LTD (2020).pdf,.pdf,0,0,"",XX Original files,XX Original files,XX Original files,XX Original files,"","","","","",.pdf
"",TEMPLATE Annual solvency declaration of PLUG INVESTMENTS PTY LTD (2021).pdf,Corporate/XX Original files/TEMPLATE Annual solvency declaration of PLUG INVESTMENTS PTY LTD (2021).pdf,.pdf,0,0,"",XX Original files,XX Original files,XX Original files,XX Original files,"","","","","",.pdf
"",TEMPLATE Annual solvency declaration of PLUG INVESTMENTS PTY LTD (2022).pdf,Corporate/XX Original files/TEMPLATE Annual solvency declaration of PLUG INVESTMENTS PTY LTD (2022).pdf,.pdf,0,0,"",XX Original files,XX Original files,XX Original files,XX Original files,"","","","","",.pdf
"",TEMPLATE Annual solvency declaration of PLUG INVESTMENTS PTY LTD.docx,Corporate/XX Original files/TEMPLATE Annual solvency declaration of PLUG INVESTMENTS PTY LTD.docx,.docx,0,0,"",XX Original files,XX Original files,XX Original files,XX Original files,"","","","","",.docx
"",TEMPLATE Annual solvency declaration of  THE PROMISE QLD PTY LTD (2013).pdf,Corporate/XX Original files/TEMPLATE Annual solvency declaration of  THE PROMISE QLD PTY LTD (2013).pdf,.pdf,0,0,"",XX Original files,XX Original files,XX Original files,XX Original files,"","","","","",.pdf
"",TEMPLATE Annual solvency declaration of  THE PROMISE QLD PTY LTD (2014).pdf,Corporate/XX Original files/TEMPLATE Annual solvency declaration of  THE PROMISE QLD PTY LTD (2014).pdf,.pdf,0,0,"",XX Original files,XX Original files,XX Original files,XX Original files,"","","","","",.pdf
"",TEMPLATE Annual solvency declaration of  THE PROMISE QLD PTY LTD (2015).pdf,Corporate/XX Original files/TEMPLATE Annual solvency declaration of  THE PROMISE QLD PTY LTD (2015).pdf,.pdf,0,0,"",XX Original files,XX Original files,XX Original files,XX Original files,"","","","","",.pdf
"",TEMPLATE Annual solvency declaration of  THE PROMISE QLD PTY LTD (2016).pdf,Corporate/XX Original files/TEMPLATE Annual solvency declaration of  THE PROMISE QLD PTY LTD (2016).pdf,.pdf,0,0,"",XX Original files,XX Original files,XX Original files,XX Original files,"","","","","",.pdf
"",TEMPLATE Annual solvency declaration of  THE PROMISE QLD PTY LTD (2017).pdf,Corporate/XX Original files/TEMPLATE Annual solvency declaration of  THE PROMISE QLD PTY LTD (2017).pdf,.pdf,0,0,"",XX Original files,XX Original files,XX Original files,XX Original files,"","","","","",.pdf
"",TEMPLATE Annual solvency declaration of  THE PROMISE QLD PTY LTD (2018).pdf,Corporate/XX Original files/TEMPLATE Annual solvency declaration of  THE PROMISE QLD PTY LTD (2018).pdf,.pdf,0,0,"",XX Original files,XX Original files,XX Original files,XX Original files,"","","","","",.pdf
"",TEMPLATE Annual solvency declaration of  THE PROMISE QLD PTY LTD (2019).pdf,Corporate/XX Original files/TEMPLATE Annual solvency declaration of  THE PROMISE QLD PTY LTD (2019).pdf,.pdf,0,0,"",XX Original files,XX Original files,XX Original files,XX Original files,"","","","","",.pdf
"",TEMPLATE Annual solvency declaration of  THE PROMISE QLD PTY LTD (2020).pdf,Corporate/XX Original files/TEMPLATE Annual solvency declaration of  THE PROMISE QLD PTY LTD (2020).pdf,.pdf,0,0,"",XX Original files,XX Original files,XX Original files,XX Original files,"","","","","",.pdf
"",TEMPLATE Annual solvency declaration of  THE PROMISE QLD PTY LTD (2021).pdf,Corporate/XX Original files/TEMPLATE Annual solvency declaration of  THE PROMISE QLD PTY LTD (2021).pdf,.pdf,0,0,"",XX Original files,XX Original files,XX Original files,XX Original files,"","","","","",.pdf
"",TEMPLATE Annual solvency declaration of  THE PROMISE QLD PTY LTD (2022).pdf,Corporate/XX Original files/TEMPLATE Annual solvency declaration of  THE PROMISE QLD PTY LTD (2022).pdf,.pdf,0,0,"",XX Original files,XX Original files,XX Original files,XX Original files,"","","","","",.pdf
"",TEMPLATE Annual solvency declaration of  THE PROMISE QLD PTY LTD.docx,Corporate/XX Original files/TEMPLATE Annual solvency declaration of  THE PROMISE QLD PTY LTD.docx,.docx,0,0,"",XX Original files,XX Original files,XX Original files,XX Original files,"","","","","",.docx
"",TEMPLATE Annual solvency declaration of  W2G INVESTMENTS PTY LTD (2004).pdf,Corporate/XX Original files/TEMPLATE Annual solvency declaration of  W2G INVESTMENTS PTY LTD (2004).pdf,.pdf,0,0,"",XX Original files,XX Original files,XX Original files,XX Original files,"","","","","",.pdf
"",TEMPLATE Annual solvency declaration of  W2G INVESTMENTS PTY LTD (2005).pdf,Corporate/XX Original files/TEMPLATE Annual solvency declaration of  W2G INVESTMENTS PTY LTD (2005).pdf,.pdf,0,0,"",XX Original files,XX Original files,XX Original files,XX Original files,"","","","","",.pdf
"",TEMPLATE Annual solvency declaration of  W2G INVESTMENTS PTY LTD (2006).pdf,Corporate/XX Original files/TEMPLATE Annual solvency declaration of  W2G INVESTMENTS PTY LTD (2006).pdf,.pdf,0,0,"",XX Original files,XX Original files,XX Original files,XX Original files,"","","","","",.pdf
"",TEMPLATE Annual solvency declaration of  W2G INVESTMENTS PTY LTD (2007).pdf,Corporate/XX Original files/TEMPLATE Annual solvency declaration of  W2G INVESTMENTS PTY LTD (2007).pdf,.pdf,0,0,"",XX Original files,XX Original files,XX Original files,XX Original files,"","","","","",.pdf
"",TEMPLATE Annual solvency declaration of  W2G INVESTMENTS PTY LTD (2008).pdf,Corporate/XX Original files/TEMPLATE Annual solvency declaration of  W2G INVESTMENTS PTY LTD (2008).pdf,.pdf,0,0,"",XX Original files,XX Original files,XX Original files,XX Original files,"","","","","",.pdf
"",TEMPLATE Annual solvency declaration of  W2G INVESTMENTS PTY LTD (2009).pdf,Corporate/XX Original files/TEMPLATE Annual solvency declaration of  W2G INVESTMENTS PTY LTD (2009).pdf,.pdf,0,0,"",XX Original files,XX Original files,XX Original files,XX Original files,"","","","","",.pdf
"",TEMPLATE Annual solvency declaration of  W2G INVESTMENTS PTY LTD (2010).pdf,Corporate/XX Original files/TEMPLATE Annual solvency declaration of  W2G INVESTMENTS PTY LTD (2010).pdf,.pdf,0,0,"",XX Original files,XX Original files,XX Original files,XX Original files,"","","","","",.pdf
"",TEMPLATE Annual solvency declaration of  W2G INVESTMENTS PTY LTD (2011).pdf,Corporate/XX Original files/TEMPLATE Annual solvency declaration of  W2G INVESTMENTS PTY LTD (2011).pdf,.pdf,0,0,"",XX Original files,XX Original files,XX Original files,XX Original files,"","","","","",.pdf
"",TEMPLATE Annual solvency declaration of  W2G INVESTMENTS PTY LTD (2012).pdf,Corporate/XX Original files/TEMPLATE Annual solvency declaration of  W2G INVESTMENTS PTY LTD (2012).pdf,.pdf,0,0,"",XX Original files,XX Original files,XX Original files,XX Original files,"","","","","",.pdf
"",TEMPLATE Annual solvency declaration of  W2G INVESTMENTS PTY LTD (2013).pdf,Corporate/XX Original files/TEMPLATE Annual solvency declaration of  W2G INVESTMENTS PTY LTD (2013).pdf,.pdf,0,0,"",XX Original files,XX Original files,XX Original files,XX Original files,"","","","","",.pdf
"",TEMPLATE Annual solvency declaration of  W2G INVESTMENTS PTY LTD (2014).pdf,Corporate/XX Original files/TEMPLATE Annual solvency declaration of  W2G INVESTMENTS PTY LTD (2014).pdf,.pdf,0,0,"",XX Original files,XX Original files,XX Original files,XX Original files,"","","","","",.pdf
"",TEMPLATE Annual solvency declaration of  W2G INVESTMENTS PTY LTD (2015).pdf,Corporate/XX Original files/TEMPLATE Annual solvency declaration of  W2G INVESTMENTS PTY LTD (2015).pdf,.pdf,0,0,"",XX Original files,XX Original files,XX Original files,XX Original files,"","","","","",.pdf
"",TEMPLATE Annual solvency declaration of  W2G INVESTMENTS PTY LTD (2016).pdf,Corporate/XX Original files/TEMPLATE Annual solvency declaration of  W2G INVESTMENTS PTY LTD (2016).pdf,.pdf,0,0,"",XX Original files,XX Original files,XX Original files,XX Original files,"","","","","",.pdf
"",TEMPLATE Annual solvency declaration of  W2G INVESTMENTS PTY LTD (2017).pdf,Corporate/XX Original files/TEMPLATE Annual solvency declaration of  W2G INVESTMENTS PTY LTD (2017).pdf,.pdf,0,0,"",XX Original files,XX Original files,XX Original files,XX Original files,"","","","","",.pdf
"",TEMPLATE Annual solvency declaration of  W2G INVESTMENTS PTY LTD (2018).pdf,Corporate/XX Original files/TEMPLATE Annual solvency declaration of  W2G INVESTMENTS PTY LTD (2018).pdf,.pdf,0,0,"",XX Original files,XX Original files,XX Original files,XX Original files,"","","","","",.pdf
"",TEMPLATE Annual solvency declaration of  W2G INVESTMENTS PTY LTD (2019).pdf,Corporate/XX Original files/TEMPLATE Annual solvency declaration of  W2G INVESTMENTS PTY LTD (2019).pdf,.pdf,0,0,"",XX Original files,XX Original files,XX Original files,XX Original files,"","","","","",.pdf
"",TEMPLATE Annual solvency declaration of  W2G INVESTMENTS PTY LTD (2020).pdf,Corporate/XX Original files/TEMPLATE Annual solvency declaration of  W2G INVESTMENTS PTY LTD (2020).pdf,.pdf,0,0,"",XX Original files,XX Original files,XX Original files,XX Original files,"","","","","",.pdf
"",TEMPLATE Annual solvency declaration of  W2G INVESTMENTS PTY LTD (2021).pdf,Corporate/XX Original files/TEMPLATE Annual solvency declaration of  W2G INVESTMENTS PTY LTD (2021).pdf,.pdf,0,0,"",XX Original files,XX Original files,XX Original files,XX Original files,"","","","","",.pdf
"",TEMPLATE Annual solvency declaration of  W2G INVESTMENTS PTY LTD (2022).pdf,Corporate/XX Original files/TEMPLATE Annual solvency declaration of  W2G INVESTMENTS PTY LTD (2022).pdf,.pdf,0,0,"",XX Original files,XX Original files,XX Original files,XX Original files,"","","","","",.pdf
"",TEMPLATE Annual solvency declaration of  W2G INVESTMENTS PTY LTD.docx,Corporate/XX Original files/TEMPLATE Annual solvency declaration of  W2G INVESTMENTS PTY LTD.docx,.docx,0,0,"",XX Original files,XX Original files,XX Original files,XX Original files,"","","","","",.docx
"",gift-deed-7032201564064317440.docx,Corporate/XX Original files/gift-deed-7032201564064317440.docx,.docx,0,0,"",XX Original files,XX Original files,XX Original files,XX Original files,"","","","","",.docx
"",TEMPLATE - Application for Shares.docx,Corporate/XX Original files/TEMPLATE - Application for Shares.docx,.docx,0,0,"",XX Original files,XX Original files,XX Original files,XX Original files,"","","","","",.docx
"",TEMPLATE - Constitution.docx,Corporate/XX Original files/TEMPLATE - Constitution.docx,.docx,0,0,"",XX Original files,XX Original files,XX Original files,XX Original files,"","","","","",.docx
"",TEMPLATE - Officerholder Consent.docx,Corporate/XX Original files/TEMPLATE - Officerholder Consent.docx,.docx,0,0,"",XX Original files,XX Original files,XX Original files,XX Original files,"","","","","",.docx
"",TEMPLATE - Register of Members.docx,Corporate/XX Original files/TEMPLATE - Register of Members.docx,.docx,0,0,"",XX Original files,XX Original files,XX Original files,XX Original files,"","","","","",.docx
"",TEMPLATE - Resolution of Members.docx,Corporate/XX Original files/TEMPLATE - Resolution of Members.docx,.docx,0,0,"",XX Original files,XX Original files,XX Original files,XX Original files,"","","","","",.docx
"",TEMPLATE - Share Certificate.docx,Corporate/XX Original files/TEMPLATE - Share Certificate.docx,.docx,0,0,"",XX Original files,XX Original files,XX Original files,XX Original files,"","","","","",.docx
"",TEMPLATE - Transfer Journal.docx,Corporate/XX Original files/TEMPLATE - Transfer Journal.docx,.docx,0,0,"",XX Original files,XX Original files,XX Original files,XX Original files,"","","","","",.docx
"",TEMPLATE Annual solvency declaration.docx,Corporate/XX Original files/TEMPLATE Annual solvency declaration.docx,.docx,0,0,"",XX Original files,XX Original files,XX Original files,XX Original files,"","","","","",.docx
"",Company Register.Tekna Admin Pty Ltd.docx,Corporate/XX Original files/Company Register.Tekna Admin Pty Ltd.docx,.docx,0,0,"",XX Original files,XX Original files,XX Original files,XX Original files,"","","","","",.docx
"",RESOLUTION OF THE DIRECTORS.docx,Corporate/XX Original files/RESOLUTION OF THE DIRECTORS.docx,.docx,0,0,"",XX Original files,XX Original files,XX Original files,XX Original files,"","","","","",.docx
"",Register of Members.xlsx,Corporate/XX Original files/Register of Members.xlsx,.xlsx,0,0,"",XX Original files,XX Original files,XX Original files,XX Original files,"","","","","",.xlsx
"",compportal.pdf,Corporate/XX Original files/compportal.pdf,.pdf,0,0,"",XX Original files,XX Original files,XX Original files,XX Original files,"","","","","",.pdf
"",Corporate File.xlsx,Corporate/XX Original files/Corporate File.xlsx,.xlsx,0,0,"",XX Original files,XX Original files,XX Original files,XX Original files,"","","","","",.xlsx
"",Invoice INV-0343.pdf,Corporate/XX Original files/Invoice INV-0343.pdf,.pdf,0,0,"",XX Original files,XX Original files,XX Original files,XX Original files,"","","","","",.pdf
"",Invoice INV-19743.pdf,Corporate/XX Original files/Invoice INV-19743.pdf,.pdf,0,0,"",XX Original files,XX Original files,XX Original files,XX Original files,"","","","","",.pdf
"",Live Pricing.xlsx,Corporate/XX Original files/Live Pricing.xlsx,.xlsx,0,0,"",XX Original files,XX Original files,XX Original files,XX Original files,"","","","","",.xlsx
"",Wealth Tracker Master Sept 2024.xlsx,Corporate/XX Original files/Wealth Tracker Master Sept 2024.xlsx,.xlsx,0,0,"",XX Original files,XX Original files,XX Original files,XX Original files,"","","","","",.xlsx
"",when-to-retire-a-quick-and-easy-planning-guide-072425.PDF,Corporate/XX Original files/when-to-retire-a-quick-and-easy-planning-guide-072425.PDF,.PDF,0,0,"",XX Original files,XX Original files,XX Original files,XX Original files,"","","","","",.PDF
"",Robert Harder - Australian Business Registry Services _...y for a director identification number.pdf,Corporate/XX Original files/Robert Harder - Australian Business Registry Services _...y for a director identification number.pdf,.pdf,0,0,"",XX Original files,XX Original files,XX Original files,XX Original files,"","","","","",.pdf
"",05052022 David and David Director of HOH.pdf,Corporate/XX Original files/05052022 David and David Director of HOH.pdf,.pdf,0,0,"",XX Original files,XX Original files,XX Original files,XX Original files,"","","","","",.pdf
"",2025.02.18 - Rose Litigation requesting an Undertaking not to sell.pdf,Corporate/XX Original files/2025.02.18 - Rose Litigation requesting an Undertaking not to sell.pdf,.pdf,0,0,"",XX Original files,XX Original files,XX Original files,XX Original files,"","","","","",.pdf
"",2025.02.20 Nenam turner response to undertaking request.docx,Corporate/XX Original files/2025.02.20 Nenam turner response to undertaking request.docx,.docx,0,0,"",XX Original files,XX Original files,XX Original files,XX Original files,"","","","","",.docx
"",2025.03.10 Letter to Rose Litigation from Moore Lawyers with offer to settleLetter to Rose Litigation.pdf,Corporate/XX Original files/2025.03.10 Letter to Rose Litigation from Moore Lawyers with offer to settleLetter to Rose Litigation.pdf,.pdf,0,0,"",XX Original files,XX Original files,XX Original files,XX Original files,"","","","","",.pdf
"",2025.03.18 Email Letter Brisbane to Moore Lawyers - Without Prejudice Save as to Costs - 18.03.2025.pdf,Corporate/XX Original files/2025.03.18 Email Letter Brisbane to Moore Lawyers - Without Prejudice Save as to Costs - 18.03.2025.pdf,.pdf,0,0,"",XX Original files,XX Original files,XX Original files,XX Original files,"","","","","",.pdf
"",2025.05.12 First Mortgage.pdf,Corporate/XX Original files/2025.05.12 First Mortgage.pdf,.pdf,0,0,"",XX Original files,XX Original files,XX Original files,XX Original files,"","","","","",.pdf
"",2025.05.21 Email Letter Brisbane to Moore Lawyers - Without Prejudice Save as to Costs - 21.05.2025 (1).pdf,Corporate/XX Original files/2025.05.21 Email Letter Brisbane to Moore Lawyers - Without Prejudice Save as to Costs - 21.05.2025 (1).pdf,.pdf,0,0,"",XX Original files,XX Original files,XX Original files,XX Original files,"","","","","",.pdf
"",2025.06.11 200318-Letter to Rose Litigation 11 June 2025 (1).pdf,Corporate/XX Original files/2025.06.11 200318-Letter to Rose Litigation 11 June 2025 (1).pdf,.pdf,0,0,"",XX Original files,XX Original files,XX Original files,XX Original files,"","","","","",.pdf
"",2025.06.19 Email Letter to Moore Lawyers - Without Prejudice Save as to Costs -19.06.2025.pdf,Corporate/XX Original files/2025.06.19 Email Letter to Moore Lawyers - Without Prejudice Save as to Costs -19.06.2025.pdf,.pdf,0,0,"",XX Original files,XX Original files,XX Original files,XX Original files,"","","","","",.pdf
"",ASIC Livin the Dream View company details - showing Home sof Hope as Shareholder.pdf,Corporate/XX Original files/ASIC Livin the Dream View company details - showing Home sof Hope as Shareholder.pdf,.pdf,0,0,"",XX Original files,XX Original files,XX Original files,XX Original files,"","","","","",.pdf
"",Livin the Dream Share Transfer.pdf,Corporate/XX Original files/Livin the Dream Share Transfer.pdf,.pdf,0,0,"",XX Original files,XX Original files,XX Original files,XX Original files,"","","","","",.pdf
"",LYW registering HOH Business Name Notification_1-HJOPPEY.PDF,Corporate/XX Original files/LYW registering HOH Business Name Notification_1-HJOPPEY.PDF,.PDF,0,0,"",XX Original files,XX Original files,XX Original files,XX Original files,"","","","","",.PDF
"",Shares In Livin The Dream transfer to Homes of Hope 22062021.pdf,Corporate/XX Original files/Shares In Livin The Dream transfer to Homes of Hope 22062021.pdf,.pdf,0,0,"",XX Original files,XX Original files,XX Original files,XX Original files,"","","","","",.pdf
"",Timeline History LTD.docx,Corporate/XX Original files/Timeline History LTD.docx,.docx,0,0,"",XX Original files,XX Original files,XX Original files,XX Original files,"","","","","",.docx
"",12052023 Change Address for Service.pdf,Corporate/XX Original files/12052023 Change Address for Service.pdf,.pdf,0,0,"",XX Original files,XX Original files,XX Original files,XX Original files,"","","","","",.pdf
"",12052023 Chris Mills Add Authorised Person.pdf,Corporate/XX Original files/12052023 Chris Mills Add Authorised Person.pdf,.pdf,0,0,"",XX Original files,XX Original files,XX Original files,XX Original files,"","","","","",.pdf
"",12052023 James as ACNC added as authroised and not Add Responsible Person .pdf,Corporate/XX Original files/12052023 James as ACNC added as authroised and not Add Responsible Person .pdf,.pdf,0,0,"",XX Original files,XX Original files,XX Original files,XX Original files,"","","","","",.pdf
"",12052023 Warren Maris Add Authorised Person.pdf,Corporate/XX Original files/12052023 Warren Maris Add Authorised Person.pdf,.pdf,0,0,"",XX Original files,XX Original files,XX Original files,XX Original files,"","","","","",.pdf
"",Add Andrew Clement Responsible Person.pdf,Corporate/XX Original files/Add Andrew Clement Responsible Person.pdf,.pdf,0,0,"",XX Original files,XX Original files,XX Original files,XX Original files,"","","","","",.pdf
"",ATO Endorsments.pdf,Corporate/XX Original files/ATO Endorsments.pdf,.pdf,0,0,"",XX Original files,XX Original files,XX Original files,XX Original files,"","","","","",.pdf
"",Homes of Hope Business Plan_Mar2021.docx,Corporate/XX Original files/Homes of Hope Business Plan_Mar2021.docx,.docx,0,0,"",XX Original files,XX Original files,XX Original files,XX Original files,"","","","","",.docx
"",LYW registering HOH Business Name Notification_1-HJOPPEY.PDF,Corporate/XX Original files/LYW registering HOH Business Name Notification_1-HJOPPEY.PDF,.PDF,0,0,"",XX Original files,XX Original files,XX Original files,XX Original files,"","","","","",.PDF
"",05052022 Aaron Stops Being Secretary.pdf,Corporate/XX Original files/05052022 Aaron Stops Being Secretary.pdf,.pdf,0,0,"",XX Original files,XX Original files,XX Original files,XX Original files,"","","","","",.pdf
"",05052022 David and David.pdf,Corporate/XX Original files/05052022 David and David.pdf,.pdf,0,0,"",XX Original files,XX Original files,XX Original files,XX Original files,"","","","","",.pdf
"",18032022 Aaron.pdf,Corporate/XX Original files/18032022 Aaron.pdf,.pdf,0,0,"",XX Original files,XX Original files,XX Original files,XX Original files,"","","","","",.pdf
"",28032023 ASIC View company details.pdf,Corporate/XX Original files/28032023 ASIC View company details.pdf,.pdf,0,0,"",XX Original files,XX Original files,XX Original files,XX Original files,"","","","","",.pdf
"",362_ackdoc_178418542.pdf,Corporate/XX Original files/362_ackdoc_178418542.pdf,.pdf,0,0,"",XX Original files,XX Original files,XX Original files,XX Original files,"","","","","",.pdf
"",Appoint New directors 484_ackdoc_178367301.pdf,Corporate/XX Original files/Appoint New directors 484_ackdoc_178367301.pdf,.pdf,0,0,"",XX Original files,XX Original files,XX Original files,XX Original files,"","","","","",.pdf
"",ASIC Livin the Dream View company details.pdf,Corporate/XX Original files/ASIC Livin the Dream View company details.pdf,.pdf,0,0,"",XX Original files,XX Original files,XX Original files,XX Original files,"","","","","",.pdf
"",ASIC View company details.pdf,Corporate/XX Original files/ASIC View company details.pdf,.pdf,0,0,"",XX Original files,XX Original files,XX Original files,XX Original files,"","","","","",.pdf
"",General Enquiry to ASIC .pdf,Corporate/XX Original files/General Enquiry to ASIC .pdf,.pdf,0,0,"",XX Original files,XX Original files,XX Original files,XX Original files,"","","","","",.pdf
"",HOH 362_ackdoc_178418545 (3).pdf,Corporate/XX Original files/HOH 362_ackdoc_178418545 (3).pdf,.pdf,0,0,"",XX Original files,XX Original files,XX Original files,XX Original files,"","","","","",.pdf
"",HOMES OF HOPE LIMITED _ ACNC.pdf,Corporate/XX Original files/HOMES OF HOPE LIMITED _ ACNC.pdf,.pdf,0,0,"",XX Original files,XX Original files,XX Original files,XX Original files,"","","","","",.pdf
"",2017-18 Print _ Australian Taxation Office.pdf,Corporate/XX Original files/2017-18 Print _ Australian Taxation Office.pdf,.pdf,0,0,"",XX Original files,XX Original files,XX Original files,XX Original files,"","","","","",.pdf
"",2018-19 Print _ Australian Taxation Office.pdf,Corporate/XX Original files/2018-19 Print _ Australian Taxation Office.pdf,.pdf,0,0,"",XX Original files,XX Original files,XX Original files,XX Original files,"","","","","",.pdf
"",2019-20 Print _ Australian Taxation Office.pdf,Corporate/XX Original files/2019-20 Print _ Australian Taxation Office.pdf,.pdf,0,0,"",XX Original files,XX Original files,XX Original files,XX Original files,"","","","","",.pdf
"",7137267503913 (3).pdf,Corporate/XX Original files/7137267503913 (3).pdf,.pdf,0,0,"",XX Original files,XX Original files,XX Original files,XX Original files,"","","","","",.pdf
"",ACNC Audit Report Love Your World 2018.pdf,Corporate/XX Original files/ACNC Audit Report Love Your World 2018.pdf,.pdf,0,0,"",XX Original files,XX Original files,XX Original files,XX Original files,"","","","","",.pdf
"",ACNC Audit Report Love Your World 2019.pdf,Corporate/XX Original files/ACNC Audit Report Love Your World 2019.pdf,.pdf,0,0,"",XX Original files,XX Original files,XX Original files,XX Original files,"","","","","",.pdf
"",ACNC Audit Report Love Your World 2020.pdf,Corporate/XX Original files/ACNC Audit Report Love Your World 2020.pdf,.pdf,0,0,"",XX Original files,XX Original files,XX Original files,XX Original files,"","","","","",.pdf
"",ATO Reversal  2019-20 Print _ Australian Taxation Office.pdf,Corporate/XX Original files/ATO Reversal  2019-20 Print _ Australian Taxation Office.pdf,.pdf,0,0,"",XX Original files,XX Original files,XX Original files,XX Original files,"","","","","",.pdf
"",ATO Reversal  2020-21 Print _ Australian Taxation Office.pdf,Corporate/XX Original files/ATO Reversal  2020-21 Print _ Australian Taxation Office.pdf,.pdf,0,0,"",XX Original files,XX Original files,XX Original files,XX Original files,"","","","","",.pdf
"",ATO Reversal 2018-19 Print _ Australian Taxation Office.pdf,Corporate/XX Original files/ATO Reversal 2018-19 Print _ Australian Taxation Office.pdf,.pdf,0,0,"",XX Original files,XX Original files,XX Original files,XX Original files,"","","","","",.pdf
"",Communication History Print _ Australian Taxation Office.pdf,Corporate/XX Original files/Communication History Print _ Australian Taxation Office.pdf,.pdf,0,0,"",XX Original files,XX Original files,XX Original files,XX Original files,"","","","","",.pdf
"",Summary Print _ Australian Taxation Office.pdf,Corporate/XX Original files/Summary Print _ Australian Taxation Office.pdf,.pdf,0,0,"",XX Original files,XX Original files,XX Original files,XX Original files,"","","","","",.pdf
"",Giving Directors Access to LIVIN THE DREAM.pdf,Corporate/XX Original files/Giving Directors Access to LIVIN THE DREAM.pdf,.pdf,0,0,"",XX Original files,XX Original files,XX Original files,XX Original files,"","","","","",.pdf
"",Homes of Hope Business Plan_Mar2021.docx,Corporate/XX Original files/Homes of Hope Business Plan_Mar2021.docx,.docx,0,0,"",XX Original files,XX Original files,XX Original files,XX Original files,"","","","","",.docx
"",Board Minutes 06 02 2023 HOH.pdf,Corporate/XX Original files/Board Minutes 06 02 2023 HOH.pdf,.pdf,0,0,"",XX Original files,XX Original files,XX Original files,XX Original files,"","","","","",.pdf
"",Minutes 14 02 2023 HOH meeting.pdf,Corporate/XX Original files/Minutes 14 02 2023 HOH meeting.pdf,.pdf,0,0,"",XX Original files,XX Original files,XX Original files,XX Original files,"","","","","",.pdf
"",Homes of Hope Limited Constitution.pdf,Corporate/XX Original files/Homes of Hope Limited Constitution.pdf,.pdf,0,0,"",XX Original files,XX Original files,XX Original files,XX Original files,"","","","","",.pdf
"",meeting notification.pdf,Corporate/XX Original files/meeting notification.pdf,.pdf,0,0,"",XX Original files,XX Original files,XX Original files,XX Original files,"","","","","",.pdf
"",members resolution.pdf,Corporate/XX Original files/members resolution.pdf,.pdf,0,0,"",XX Original files,XX Original files,XX Original files,XX Original files,"","","","","",.pdf
"",HOH - Interest Free Loan Facility Agreement - Khiroya.docx,Corporate/XX Original files/HOH - Interest Free Loan Facility Agreement - Khiroya.docx,.docx,0,0,"",XX Original files,XX Original files,XX Original files,XX Original files,"","","","","",.docx
"",HOH - National Mortgage Document - Khiroya.docx,Corporate/XX Original files/HOH - National Mortgage Document - Khiroya.docx,.docx,0,0,"",XX Original files,XX Original files,XX Original files,XX Original files,"","","","","",.docx
"",Land Registry Release of Mortgage Form 3 version 4 - Khiroya.pdf,Corporate/XX Original files/Land Registry Release of Mortgage Form 3 version 4 - Khiroya.pdf,.pdf,0,0,"",XX Original files,XX Original files,XX Original files,XX Original files,"","","","","",.pdf
"",Mortgage Conditions Annexure.docx,Corporate/XX Original files/Mortgage Conditions Annexure.docx,.docx,0,0,"",XX Original files,XX Original files,XX Original files,XX Original files,"","","","","",.docx
"",Titles Showing HOH Khiroya.pdf,Corporate/XX Original files/Titles Showing HOH Khiroya.pdf,.pdf,0,0,"",XX Original files,XX Original files,XX Original files,XX Original files,"","","","","",.pdf
"",Titles Showing LYW Khiroya.pdf,Corporate/XX Original files/Titles Showing LYW Khiroya.pdf,.pdf,0,0,"",XX Original files,XX Original files,XX Original files,XX Original files,"","","","","",.pdf
"",HOH - Interest Free Loan Facility Agreement - Mansfield.docx,Corporate/XX Original files/HOH - Interest Free Loan Facility Agreement - Mansfield.docx,.docx,0,0,"",XX Original files,XX Original files,XX Original files,XX Original files,"","","","","",.docx
"",HOH - National Mortgage Document - Mansfield.docx,Corporate/XX Original files/HOH - National Mortgage Document - Mansfield.docx,.docx,0,0,"",XX Original files,XX Original files,XX Original files,XX Original files,"","","","","",.docx
"",Land Registry Release of Mortgage Form 3 version 4 - Mansfield.pdf,Corporate/XX Original files/Land Registry Release of Mortgage Form 3 version 4 - Mansfield.pdf,.pdf,0,0,"",XX Original files,XX Original files,XX Original files,XX Original files,"","","","","",.pdf
"",Title Showing HOH Mansfield.pdf,Corporate/XX Original files/Title Showing HOH Mansfield.pdf,.pdf,0,0,"",XX Original files,XX Original files,XX Original files,XX Original files,"","","","","",.pdf
"",Title Showing LYW Mansfield.pdf,Corporate/XX Original files/Title Showing LYW Mansfield.pdf,.pdf,0,0,"",XX Original files,XX Original files,XX Original files,XX Original files,"","","","","",.pdf
"",Khiroya Shared Equity .pdf,Corporate/XX Original files/Khiroya Shared Equity .pdf,.pdf,0,0,"",XX Original files,XX Original files,XX Original files,XX Original files,"","","","","",.pdf
"",Mansfield Shared Equity.pdf,Corporate/XX Original files/Mansfield Shared Equity.pdf,.pdf,0,0,"",XX Original files,XX Original files,XX Original files,XX Original files,"","","","","",.pdf
"",Homes Of Hope Ltd - Journal 118.pdf,Corporate/XX Original files/Homes Of Hope Ltd - Journal 118.pdf,.pdf,0,0,"",XX Original files,XX Original files,XX Original files,XX Original files,"","","","","",.pdf
"",Homes_Of_Hope_Ltd_- Love Your World Loan Account.pdf,Corporate/XX Original files/Homes_Of_Hope_Ltd_- Love Your World Loan Account.pdf,.pdf,0,0,"",XX Original files,XX Original files,XX Original files,XX Original files,"","","","","",.pdf
"",03 January 2023 Statement.pdf,Corporate/XX Original files/03 January 2023 Statement.pdf,.pdf,0,0,"",XX Original files,XX Original files,XX Original files,XX Original files,"","","","","",.pdf
"",Homes_Of_Hope_Ltd_-_Account_Transactions (1).pdf,Corporate/XX Original files/Homes_Of_Hope_Ltd_-_Account_Transactions (1).pdf,.pdf,0,0,"",XX Original files,XX Original files,XX Original files,XX Original files,"","","","","",.pdf
"",Journal Of Next Steps.docx,Corporate/XX Original files/Journal Of Next Steps.docx,.docx,0,0,"",XX Original files,XX Original files,XX Original files,XX Original files,"","","","","",.docx
"",11. HOH - 03 May 2022 Statement.pdf,Corporate/XX Original files/11. HOH - 03 May 2022 Statement.pdf,.pdf,0,0,"",XX Original files,XX Original files,XX Original files,XX Original files,"","","","","",.pdf
"",Impact Homes closure.PNG,Corporate/XX Original files/Impact Homes closure.PNG,.PNG,0,0,"",XX Original files,XX Original files,XX Original files,XX Original files,"","","","","",.PNG
"",Invoice no. 3977 - dated 11 May 2022.pdf,Corporate/XX Original files/Invoice no. 3977 - dated 11 May 2022.pdf,.pdf,0,0,"",XX Original files,XX Original files,XX Original files,XX Original files,"","","","","",.pdf
"",400008209092-origin $387.48.pdf,Corporate/XX Original files/400008209092-origin $387.48.pdf,.pdf,0,0,"",XX Original files,XX Original files,XX Original files,XX Original files,"","","","","",.pdf
"",BP Rochedale - $198.50.PDF,Corporate/XX Original files/BP Rochedale - $198.50.PDF,.PDF,0,0,"",XX Original files,XX Original files,XX Original files,XX Original files,"","","","","",.PDF
"",Coles and Bunnings - $124.PDF,Corporate/XX Original files/Coles and Bunnings - $124.PDF,.PDF,0,0,"",XX Original files,XX Original files,XX Original files,XX Original files,"","","","","",.PDF
"",LoveLight Invoice INV-0106415 - $1787.50.pdf,Corporate/XX Original files/LoveLight Invoice INV-0106415 - $1787.50.pdf,.pdf,0,0,"",XX Original files,XX Original files,XX Original files,XX Original files,"","","","","",.pdf
"",Origin Bill $387.48.pdf,Corporate/XX Original files/Origin Bill $387.48.pdf,.pdf,0,0,"",XX Original files,XX Original files,XX Original files,XX Original files,"","","","","",.pdf
"",Sydney Tools - $449.PDF,Corporate/XX Original files/Sydney Tools - $449.PDF,.PDF,0,0,"",XX Original files,XX Original files,XX Original files,XX Original files,"","","","","",.PDF
"",Homes of Hope Business Plan_Mar2021.docx,Corporate/XX Original files/Homes of Hope Business Plan_Mar2021.docx,.docx,0,0,"",XX Original files,XX Original files,XX Original files,XX Original files,"","","","","",.docx
"",20231026_Further request for information_HoH.pdf,Corporate/XX Original files/20231026_Further request for information_HoH.pdf,.pdf,0,0,"",XX Original files,XX Original files,XX Original files,XX Original files,"","","","","",.pdf
"",HOH Questions.xlsx,Corporate/XX Original files/HOH Questions.xlsx,.xlsx,0,0,"",XX Original files,XX Original files,XX Original files,XX Original files,"","","","","",.xlsx
"",000 - HoH s353-10 Response - Final.pdf,Corporate/XX Original files/000 - HoH s353-10 Response - Final.pdf,.pdf,0,0,"",XX Original files,XX Original files,XX Original files,XX Original files,"","","","","",.pdf
"",A 01 - 05052022 Aaron Stops Being Secretary.pdf,Corporate/XX Original files/A 01 - 05052022 Aaron Stops Being Secretary.pdf,.pdf,0,0,"",XX Original files,XX Original files,XX Original files,XX Original files,"","","","","",.pdf
"",A 01 - 05052022 David and David.pdf,Corporate/XX Original files/A 01 - 05052022 David and David.pdf,.pdf,0,0,"",XX Original files,XX Original files,XX Original files,XX Original files,"","","","","",.pdf
"",A 01 - 18032022 Aaron.pdf,Corporate/XX Original files/A 01 - 18032022 Aaron.pdf,.pdf,0,0,"",XX Original files,XX Original files,XX Original files,XX Original files,"","","","","",.pdf
"",A 01 A Directors Letter AGM.docx,Corporate/XX Original files/A 01 A Directors Letter AGM.docx,.docx,0,0,"",XX Original files,XX Original files,XX Original files,XX Original files,"","","","","",.docx
"",A 01 B Directors.xlsx,Corporate/XX Original files/A 01 B Directors.xlsx,.xlsx,0,0,"",XX Original files,XX Original files,XX Original files,XX Original files,"","","","","",.xlsx
"",A 01 D Members.xlsx,Corporate/XX Original files/A 01 D Members.xlsx,.xlsx,0,0,"",XX Original files,XX Original files,XX Original files,XX Original files,"","","","","",.xlsx
"",A 08 - Business Plan March 2021.docx,Corporate/XX Original files/A 08 - Business Plan March 2021.docx,.docx,0,0,"",XX Original files,XX Original files,XX Original files,XX Original files,"","","","","",.docx
"",A 09 B Feaso - cashflow - Riverhills.pdf,Corporate/XX Original files/A 09 B Feaso - cashflow - Riverhills.pdf,.pdf,0,0,"",XX Original files,XX Original files,XX Original files,XX Original files,"","","","","",.pdf
"",A 09 B Feaso - Summary - Riverhills.pdf,Corporate/XX Original files/A 09 B Feaso - Summary - Riverhills.pdf,.pdf,0,0,"",XX Original files,XX Original files,XX Original files,XX Original files,"","","","","",.pdf
"",A 10 HOH 21 FY Balance Sheet Inc LTD.pdf,Corporate/XX Original files/A 10 HOH 21 FY Balance Sheet Inc LTD.pdf,.pdf,0,0,"",XX Original files,XX Original files,XX Original files,XX Original files,"","","","","",.pdf
"",A 10 HOH 21 FY Balance Sheet.pdf,Corporate/XX Original files/A 10 HOH 21 FY Balance Sheet.pdf,.pdf,0,0,"",XX Original files,XX Original files,XX Original files,XX Original files,"","","","","",.pdf
"",A 10 HOH 22 FY Balance Sheet Inc LTD.pdf,Corporate/XX Original files/A 10 HOH 22 FY Balance Sheet Inc LTD.pdf,.pdf,0,0,"",XX Original files,XX Original files,XX Original files,XX Original files,"","","","","",.pdf
"",A 10 HOH 22 FY Balance Sheet.pdf,Corporate/XX Original files/A 10 HOH 22 FY Balance Sheet.pdf,.pdf,0,0,"",XX Original files,XX Original files,XX Original files,XX Original files,"","","","","",.pdf
"",A 12 ASIC Share Transfer LYW to HOH 05052022.pdf,Corporate/XX Original files/A 12 ASIC Share Transfer LYW to HOH 05052022.pdf,.pdf,0,0,"",XX Original files,XX Original files,XX Original files,XX Original files,"","","","","",.pdf
"",A 14 Balance Sheet 21 FY LTD.pdf,Corporate/XX Original files/A 14 Balance Sheet 21 FY LTD.pdf,.pdf,0,0,"",XX Original files,XX Original files,XX Original files,XX Original files,"","","","","",.pdf
"",A 14 Balance Sheet 22 FY LTD.pdf,Corporate/XX Original files/A 14 Balance Sheet 22 FY LTD.pdf,.pdf,0,0,"",XX Original files,XX Original files,XX Original files,XX Original files,"","","","","",.pdf
"",A 14 Balance Sheet HOH.pdf,Corporate/XX Original files/A 14 Balance Sheet HOH.pdf,.pdf,0,0,"",XX Original files,XX Original files,XX Original files,XX Original files,"","","","","",.pdf
"",A 14 Balance Sheet LTD.pdf,Corporate/XX Original files/A 14 Balance Sheet LTD.pdf,.pdf,0,0,"",XX Original files,XX Original files,XX Original files,XX Original files,"","","","","",.pdf
"",A 14 Profit and Loss HOH.pdf,Corporate/XX Original files/A 14 Profit and Loss HOH.pdf,.pdf,0,0,"",XX Original files,XX Original files,XX Original files,XX Original files,"","","","","",.pdf
"",A 14 Profit and Loss LTD.pdf,Corporate/XX Original files/A 14 Profit and Loss LTD.pdf,.pdf,0,0,"",XX Original files,XX Original files,XX Original files,XX Original files,"","","","","",.pdf
"",A 15 - Bank Account Details.docx,Corporate/XX Original files/A 15 - Bank Account Details.docx,.docx,0,0,"",XX Original files,XX Original files,XX Original files,XX Original files,"","","","","",.docx
"",B 01 - meeting notification.pdf,Corporate/XX Original files/B 01 - meeting notification.pdf,.pdf,0,0,"",XX Original files,XX Original files,XX Original files,XX Original files,"","","","","",.pdf
"",B 01 - members resolution.pdf,Corporate/XX Original files/B 01 - members resolution.pdf,.pdf,0,0,"",XX Original files,XX Original files,XX Original files,XX Original files,"","","","","",.pdf
"",B 01 Current - Homes of Hope Limited Constitution.pdf,Corporate/XX Original files/B 01 Current - Homes of Hope Limited Constitution.pdf,.pdf,0,0,"",XX Original files,XX Original files,XX Original files,XX Original files,"","","","","",.pdf
"",B 01 Original - Homes of Hope Limited Constitution.pdf,Corporate/XX Original files/B 01 Original - Homes of Hope Limited Constitution.pdf,.pdf,0,0,"",XX Original files,XX Original files,XX Original files,XX Original files,"","","","","",.pdf
"",B 02 AIS ACNC 21FY.pdf,Corporate/XX Original files/B 02 AIS ACNC 21FY.pdf,.pdf,0,0,"",XX Original files,XX Original files,XX Original files,XX Original files,"","","","","",.pdf
"",B 02 AIS ACNC 22FY.pdf,Corporate/XX Original files/B 02 AIS ACNC 22FY.pdf,.pdf,0,0,"",XX Original files,XX Original files,XX Original files,XX Original files,"","","","","",.pdf
"",B 02 Directors Update.docx,Corporate/XX Original files/B 02 Directors Update.docx,.docx,0,0,"",XX Original files,XX Original files,XX Original files,XX Original files,"","","","","",.docx
"",B 03 - Moogerah Booking 2022-2023.xlsx,Corporate/XX Original files/B 03 - Moogerah Booking 2022-2023.xlsx,.xlsx,0,0,"",XX Original files,XX Original files,XX Original files,XX Original files,"","","","","",.xlsx
"",B 10 A HOH - LYW Loan Agreement.pdf,Corporate/XX Original files/B 10 A HOH - LYW Loan Agreement.pdf,.pdf,0,0,"",XX Original files,XX Original files,XX Original files,XX Original files,"","","","","",.pdf
"",B 10 Journal Transaction.pdf,Corporate/XX Original files/B 10 Journal Transaction.pdf,.pdf,0,0,"",XX Original files,XX Original files,XX Original files,XX Original files,"","","","","",.pdf
"",B 16 F 21 and 22 FY Homes_Of_Hope_Ltd_-_Journal_Report.xlsx,Corporate/XX Original files/B 16 F 21 and 22 FY Homes_Of_Hope_Ltd_-_Journal_Report.xlsx,.xlsx,0,0,"",XX Original files,XX Original files,XX Original files,XX Original files,"","","","","",.xlsx
"",B 16 F 21 FY Homes_Of_Hope_Ltd_-_General_Ledger_Detail.xlsx,Corporate/XX Original files/B 16 F 21 FY Homes_Of_Hope_Ltd_-_General_Ledger_Detail.xlsx,.xlsx,0,0,"",XX Original files,XX Original files,XX Original files,XX Original files,"","","","","",.xlsx
"",B 16 F 22 FY Homes_Of_Hope_Ltd_-_General_Ledger_Detail (1).xlsx,Corporate/XX Original files/B 16 F 22 FY Homes_Of_Hope_Ltd_-_General_Ledger_Detail (1).xlsx,.xlsx,0,0,"",XX Original files,XX Original files,XX Original files,XX Original files,"","","","","",.xlsx
"",B 16 G Homes Of Hope Ltd - Chart of Accounts.pdf,Corporate/XX Original files/B 16 G Homes Of Hope Ltd - Chart of Accounts.pdf,.pdf,0,0,"",XX Original files,XX Original files,XX Original files,XX Original files,"","","","","",.pdf
"",B 16 Signed - Homes of Hope - Consolidated Finanicals 2021.pdf,Corporate/XX Original files/B 16 Signed - Homes of Hope - Consolidated Finanicals 2021.pdf,.pdf,0,0,"",XX Original files,XX Original files,XX Original files,XX Original files,"","","","","",.pdf
"",B 16 Signed - Homes of Hope - Consolidated Finanicals 2022.pdf,Corporate/XX Original files/B 16 Signed - Homes of Hope - Consolidated Finanicals 2022.pdf,.pdf,0,0,"",XX Original files,XX Original files,XX Original files,XX Original files,"","","","","",.pdf
"",B 17 HOH - BOQ FY20-21 Statements.pdf,Corporate/XX Original files/B 17 HOH - BOQ FY20-21 Statements.pdf,.pdf,0,0,"",XX Original files,XX Original files,XX Original files,XX Original files,"","","","","",.pdf
"",B 17 HOH - BOQ FY21-22 Statements.pdf,Corporate/XX Original files/B 17 HOH - BOQ FY21-22 Statements.pdf,.pdf,0,0,"",XX Original files,XX Original files,XX Original files,XX Original files,"","","","","",.pdf
"",B 17 LTD BOQ FY20-21 Statements.pdf,Corporate/XX Original files/B 17 LTD BOQ FY20-21 Statements.pdf,.pdf,0,0,"",XX Original files,XX Original files,XX Original files,XX Original files,"","","","","",.pdf
"",B 17 LTD BOQ FY21-22 Statements.pdf,Corporate/XX Original files/B 17 LTD BOQ FY21-22 Statements.pdf,.pdf,0,0,"",XX Original files,XX Original files,XX Original files,XX Original files,"","","","","",.pdf
"",B 17 Next Steps Global BOQ FY20-21 Statements.pdf,Corporate/XX Original files/B 17 Next Steps Global BOQ FY20-21 Statements.pdf,.pdf,0,0,"",XX Original files,XX Original files,XX Original files,XX Original files,"","","","","",.pdf
"",B 17 Next Steps Global BOQ FY21-22 Statements.pdf,Corporate/XX Original files/B 17 Next Steps Global BOQ FY21-22 Statements.pdf,.pdf,0,0,"",XX Original files,XX Original files,XX Original files,XX Original files,"","","","","",.pdf
"",C1 - Homes Of Hope Ltd - Account Transactions.pdf,Corporate/XX Original files/C1 - Homes Of Hope Ltd - Account Transactions.pdf,.pdf,0,0,"",XX Original files,XX Original files,XX Original files,XX Original files,"","","","","",.pdf
"",C2 - Livin The Dream Pty Ltd - Account Transactions.pdf,Corporate/XX Original files/C2 - Livin The Dream Pty Ltd - Account Transactions.pdf,.pdf,0,0,"",XX Original files,XX Original files,XX Original files,XX Original files,"","","","","",.pdf
"",05052022 Aaron Stops Being Secretary.pdf,Corporate/XX Original files/05052022 Aaron Stops Being Secretary.pdf,.pdf,0,0,"",XX Original files,XX Original files,XX Original files,XX Original files,"","","","","",.pdf
"",05052022 David and David.pdf,Corporate/XX Original files/05052022 David and David.pdf,.pdf,0,0,"",XX Original files,XX Original files,XX Original files,XX Original files,"","","","","",.pdf
"",18032022 Aaron.pdf,Corporate/XX Original files/18032022 Aaron.pdf,.pdf,0,0,"",XX Original files,XX Original files,XX Original files,XX Original files,"","","","","",.pdf
"",Schedule A 01 A Directors Letter AGM.docx,Corporate/XX Original files/Schedule A 01 A Directors Letter AGM.docx,.docx,0,0,"",XX Original files,XX Original files,XX Original files,XX Original files,"","","","","",.docx
"",Schedule A 01 B Directors.xlsx,Corporate/XX Original files/Schedule A 01 B Directors.xlsx,.xlsx,0,0,"",XX Original files,XX Original files,XX Original files,XX Original files,"","","","","",.xlsx
"",Schedule A 01 D Members.xlsx,Corporate/XX Original files/Schedule A 01 D Members.xlsx,.xlsx,0,0,"",XX Original files,XX Original files,XX Original files,XX Original files,"","","","","",.xlsx
"",Schedule A 08 Business Plan Mar 2021.docx,Corporate/XX Original files/Schedule A 08 Business Plan Mar 2021.docx,.docx,0,0,"",XX Original files,XX Original files,XX Original files,XX Original files,"","","","","",.docx
"",Schedule A 09 B Feaso - cashflow - Riverhills.pdf,Corporate/XX Original files/Schedule A 09 B Feaso - cashflow - Riverhills.pdf,.pdf,0,0,"",XX Original files,XX Original files,XX Original files,XX Original files,"","","","","",.pdf
"",Schedule A 09 B Feaso - Summary - Riverhills.pdf,Corporate/XX Original files/Schedule A 09 B Feaso - Summary - Riverhills.pdf,.pdf,0,0,"",XX Original files,XX Original files,XX Original files,XX Original files,"","","","","",.pdf
"",Schedule A 10 HOH 21 FY Balance Sheet Inc LTD.pdf,Corporate/XX Original files/Schedule A 10 HOH 21 FY Balance Sheet Inc LTD.pdf,.pdf,0,0,"",XX Original files,XX Original files,XX Original files,XX Original files,"","","","","",.pdf
"",Schedule A 10 HOH 21 FY Balance Sheet.pdf,Corporate/XX Original files/Schedule A 10 HOH 21 FY Balance Sheet.pdf,.pdf,0,0,"",XX Original files,XX Original files,XX Original files,XX Original files,"","","","","",.pdf
"",Schedule A 10 HOH 22 FY Balance Sheet Inc LTD.pdf,Corporate/XX Original files/Schedule A 10 HOH 22 FY Balance Sheet Inc LTD.pdf,.pdf,0,0,"",XX Original files,XX Original files,XX Original files,XX Original files,"","","","","",.pdf
"",Schedule A 10 HOH 22 FY Balance Sheet.pdf,Corporate/XX Original files/Schedule A 10 HOH 22 FY Balance Sheet.pdf,.pdf,0,0,"",XX Original files,XX Original files,XX Original files,XX Original files,"","","","","",.pdf
"",Schedule A 12 ASIC Share Transfer LYW to HOH 05052022.pdf,Corporate/XX Original files/Schedule A 12 ASIC Share Transfer LYW to HOH 05052022.pdf,.pdf,0,0,"",XX Original files,XX Original files,XX Original files,XX Original files,"","","","","",.pdf
"",Schedule A 14 Balance Sheet 21 FY LTD.pdf,Corporate/XX Original files/Schedule A 14 Balance Sheet 21 FY LTD.pdf,.pdf,0,0,"",XX Original files,XX Original files,XX Original files,XX Original files,"","","","","",.pdf
"",Schedule A 14 Balance Sheet 22 FY LTD.pdf,Corporate/XX Original files/Schedule A 14 Balance Sheet 22 FY LTD.pdf,.pdf,0,0,"",XX Original files,XX Original files,XX Original files,XX Original files,"","","","","",.pdf
"",Schedule A 14 Balance Sheet HOH.pdf,Corporate/XX Original files/Schedule A 14 Balance Sheet HOH.pdf,.pdf,0,0,"",XX Original files,XX Original files,XX Original files,XX Original files,"","","","","",.pdf
"",Schedule A 14 Balance Sheet LTD.pdf,Corporate/XX Original files/Schedule A 14 Balance Sheet LTD.pdf,.pdf,0,0,"",XX Original files,XX Original files,XX Original files,XX Original files,"","","","","",.pdf
"",Schedule A 14 Profit and Loss HOH.pdf,Corporate/XX Original files/Schedule A 14 Profit and Loss HOH.pdf,.pdf,0,0,"",XX Original files,XX Original files,XX Original files,XX Original files,"","","","","",.pdf
"",Schedule A 14 Profit and Loss LTD.pdf,Corporate/XX Original files/Schedule A 14 Profit and Loss LTD.pdf,.pdf,0,0,"",XX Original files,XX Original files,XX Original files,XX Original files,"","","","","",.pdf
"",Schedule A 15.docx,Corporate/XX Original files/Schedule A 15.docx,.docx,0,0,"",XX Original files,XX Original files,XX Original files,XX Original files,"","","","","",.docx
"",meeting notification.pdf,Corporate/XX Original files/meeting notification.pdf,.pdf,0,0,"",XX Original files,XX Original files,XX Original files,XX Original files,"","","","","",.pdf
"",members resolution.pdf,Corporate/XX Original files/members resolution.pdf,.pdf,0,0,"",XX Original files,XX Original files,XX Original files,XX Original files,"","","","","",.pdf
"",Schedule B 01 Current - Homes of Hope Limited Constitution.pdf,Corporate/XX Original files/Schedule B 01 Current - Homes of Hope Limited Constitution.pdf,.pdf,0,0,"",XX Original files,XX Original files,XX Original files,XX Original files,"","","","","",.pdf
"",Schedule B 01 Original - Homes of Hope Limited Constitution.pdf,Corporate/XX Original files/Schedule B 01 Original - Homes of Hope Limited Constitution.pdf,.pdf,0,0,"",XX Original files,XX Original files,XX Original files,XX Original files,"","","","","",.pdf
"",Directors Update.docx,Corporate/XX Original files/Directors Update.docx,.docx,0,0,"",XX Original files,XX Original files,XX Original files,XX Original files,"","","","","",.docx
"",Schedule B 02 AIS ACNC 21FY.pdf,Corporate/XX Original files/Schedule B 02 AIS ACNC 21FY.pdf,.pdf,0,0,"",XX Original files,XX Original files,XX Original files,XX Original files,"","","","","",.pdf
"",Schedule B 02 AIS ACNC 22FY.pdf,Corporate/XX Original files/Schedule B 02 AIS ACNC 22FY.pdf,.pdf,0,0,"",XX Original files,XX Original files,XX Original files,XX Original files,"","","","","",.pdf
"",Moogerah Booking 2022-2023.xlsx,Corporate/XX Original files/Moogerah Booking 2022-2023.xlsx,.xlsx,0,0,"",XX Original files,XX Original files,XX Original files,XX Original files,"","","","","",.xlsx
"",Schedule B 10 A Jounal of Transaction.pdf,Corporate/XX Original files/Schedule B 10 A Jounal of Transaction.pdf,.pdf,0,0,"",XX Original files,XX Original files,XX Original files,XX Original files,"","","","","",.pdf
"",Scheule B 10 A HOH - LYW Loan Agreement.pdf,Corporate/XX Original files/Scheule B 10 A HOH - LYW Loan Agreement.pdf,.pdf,0,0,"",XX Original files,XX Original files,XX Original files,XX Original files,"","","","","",.pdf
"",Schedule B 16 F 21 and 22 FY Homes_Of_Hope_Ltd_-_Journal_Report.xlsx,Corporate/XX Original files/Schedule B 16 F 21 and 22 FY Homes_Of_Hope_Ltd_-_Journal_Report.xlsx,.xlsx,0,0,"",XX Original files,XX Original files,XX Original files,XX Original files,"","","","","",.xlsx
"",Schedule B 16 F 21 FY Homes_Of_Hope_Ltd_-_General_Ledger_Detail.xlsx,Corporate/XX Original files/Schedule B 16 F 21 FY Homes_Of_Hope_Ltd_-_General_Ledger_Detail.xlsx,.xlsx,0,0,"",XX Original files,XX Original files,XX Original files,XX Original files,"","","","","",.xlsx
"",Schedule B 16 F 22 FY Homes_Of_Hope_Ltd_-_General_Ledger_Detail (1).xlsx,Corporate/XX Original files/Schedule B 16 F 22 FY Homes_Of_Hope_Ltd_-_General_Ledger_Detail (1).xlsx,.xlsx,0,0,"",XX Original files,XX Original files,XX Original files,XX Original files,"","","","","",.xlsx
"",Schedule B 16 G Homes Of Hope Ltd - Chart of Accounts.pdf,Corporate/XX Original files/Schedule B 16 G Homes Of Hope Ltd - Chart of Accounts.pdf,.pdf,0,0,"",XX Original files,XX Original files,XX Original files,XX Original files,"","","","","",.pdf
"",Schedule B 16 Signed - Homes of Hope - Consolidated Finanicals 2021.pdf,Corporate/XX Original files/Schedule B 16 Signed - Homes of Hope - Consolidated Finanicals 2021.pdf,.pdf,0,0,"",XX Original files,XX Original files,XX Original files,XX Original files,"","","","","",.pdf
"",Schedule B 16 Signed - Homes of Hope - Consolidated Finanicals 2022.pdf,Corporate/XX Original files/Schedule B 16 Signed - Homes of Hope - Consolidated Finanicals 2022.pdf,.pdf,0,0,"",XX Original files,XX Original files,XX Original files,XX Original files,"","","","","",.pdf
"",1. HOH - 03 January 2021 Statement .pdf,Corporate/XX Original files/1. HOH - 03 January 2021 Statement .pdf,.pdf,0,0,"",XX Original files,XX Original files,XX Original files,XX Original files,"","","","","",.pdf
"",2. HOH - 03 February 2021 Statement.pdf,Corporate/XX Original files/2. HOH - 03 February 2021 Statement.pdf,.pdf,0,0,"",XX Original files,XX Original files,XX Original files,XX Original files,"","","","","",.pdf
"",3. HOH - 03 March 2021 Statement.pdf,Corporate/XX Original files/3. HOH - 03 March 2021 Statement.pdf,.pdf,0,0,"",XX Original files,XX Original files,XX Original files,XX Original files,"","","","","",.pdf
"",4. HOH - 03 April 2021 Statement.pdf,Corporate/XX Original files/4. HOH - 03 April 2021 Statement.pdf,.pdf,0,0,"",XX Original files,XX Original files,XX Original files,XX Original files,"","","","","",.pdf
"",5. HOH - 03 May 2021 Statement.pdf,Corporate/XX Original files/5. HOH - 03 May 2021 Statement.pdf,.pdf,0,0,"",XX Original files,XX Original files,XX Original files,XX Original files,"","","","","",.pdf
"",6. HOH - 03 June 2021 Statement.pdf,Corporate/XX Original files/6. HOH - 03 June 2021 Statement.pdf,.pdf,0,0,"",XX Original files,XX Original files,XX Original files,XX Original files,"","","","","",.pdf
"",7. HOH - 03 July 2021 Statement.pdf,Corporate/XX Original files/7. HOH - 03 July 2021 Statement.pdf,.pdf,0,0,"",XX Original files,XX Original files,XX Original files,XX Original files,"","","","","",.pdf
"",1. HOH - 03 July 2021 Statement.pdf,Corporate/XX Original files/1. HOH - 03 July 2021 Statement.pdf,.pdf,0,0,"",XX Original files,XX Original files,XX Original files,XX Original files,"","","","","",.pdf
"",10. HOH - 03 April 2022 Statement.pdf,Corporate/XX Original files/10. HOH - 03 April 2022 Statement.pdf,.pdf,0,0,"",XX Original files,XX Original files,XX Original files,XX Original files,"","","","","",.pdf
"",11. HOH - 03 May 2022 Statement.pdf,Corporate/XX Original files/11. HOH - 03 May 2022 Statement.pdf,.pdf,0,0,"",XX Original files,XX Original files,XX Original files,XX Original files,"","","","","",.pdf
"",12. HOH - 03 June 2022 Statement.pdf,Corporate/XX Original files/12. HOH - 03 June 2022 Statement.pdf,.pdf,0,0,"",XX Original files,XX Original files,XX Original files,XX Original files,"","","","","",.pdf
"",13. HOH - 03 July 2022 Statement.pdf,Corporate/XX Original files/13. HOH - 03 July 2022 Statement.pdf,.pdf,0,0,"",XX Original files,XX Original files,XX Original files,XX Original files,"","","","","",.pdf
"",2. HOH - 03 August 2021 Statement.pdf,Corporate/XX Original files/2. HOH - 03 August 2021 Statement.pdf,.pdf,0,0,"",XX Original files,XX Original files,XX Original files,XX Original files,"","","","","",.pdf
"",3. HOH - 03 September 2021 Statement.pdf,Corporate/XX Original files/3. HOH - 03 September 2021 Statement.pdf,.pdf,0,0,"",XX Original files,XX Original files,XX Original files,XX Original files,"","","","","",.pdf
"",4. HOH - 03 October 2021 Statement.pdf,Corporate/XX Original files/4. HOH - 03 October 2021 Statement.pdf,.pdf,0,0,"",XX Original files,XX Original files,XX Original files,XX Original files,"","","","","",.pdf
"",5. HOH - 03 November 2021 Statement.pdf,Corporate/XX Original files/5. HOH - 03 November 2021 Statement.pdf,.pdf,0,0,"",XX Original files,XX Original files,XX Original files,XX Original files,"","","","","",.pdf
"",6. HOH - 03 December 2021 Statement.pdf,Corporate/XX Original files/6. HOH - 03 December 2021 Statement.pdf,.pdf,0,0,"",XX Original files,XX Original files,XX Original files,XX Original files,"","","","","",.pdf
"",7. HOH - 03 January 2022 Statement.pdf,Corporate/XX Original files/7. HOH - 03 January 2022 Statement.pdf,.pdf,0,0,"",XX Original files,XX Original files,XX Original files,XX Original files,"","","","","",.pdf
"",8. HOH - 03 February 2022 Statement.pdf,Corporate/XX Original files/8. HOH - 03 February 2022 Statement.pdf,.pdf,0,0,"",XX Original files,XX Original files,XX Original files,XX Original files,"","","","","",.pdf
"",9. HOH - 03 March 2022 Statement.pdf,Corporate/XX Original files/9. HOH - 03 March 2022 Statement.pdf,.pdf,0,0,"",XX Original files,XX Original files,XX Original files,XX Original files,"","","","","",.pdf
"",Homes of Hope Account Authority.pdf,Corporate/XX Original files/Homes of Hope Account Authority.pdf,.pdf,0,0,"",XX Original files,XX Original files,XX Original files,XX Original files,"","","","","",.pdf
"",1. 07 August 2020 Statement .pdf,Corporate/XX Original files/1. 07 August 2020 Statement .pdf,.pdf,0,0,"",XX Original files,XX Original files,XX Original files,XX Original files,"","","","","",.pdf
"",10. LTD - 07 May 2021 Statement  .pdf,Corporate/XX Original files/10. LTD - 07 May 2021 Statement  .pdf,.pdf,0,0,"",XX Original files,XX Original files,XX Original files,XX Original files,"","","","","",.pdf
"",11. LTD - 07 June 2021 Statement  .pdf,Corporate/XX Original files/11. LTD - 07 June 2021 Statement  .pdf,.pdf,0,0,"",XX Original files,XX Original files,XX Original files,XX Original files,"","","","","",.pdf
"",12. 07 July 2021 Statement  .pdf,Corporate/XX Original files/12. 07 July 2021 Statement  .pdf,.pdf,0,0,"",XX Original files,XX Original files,XX Original files,XX Original files,"","","","","",.pdf
"",2. 07 September 2020 Statement  .pdf,Corporate/XX Original files/2. 07 September 2020 Statement  .pdf,.pdf,0,0,"",XX Original files,XX Original files,XX Original files,XX Original files,"","","","","",.pdf
"",3. LTS - 07 October 2020 Statement .pdf,Corporate/XX Original files/3. LTS - 07 October 2020 Statement .pdf,.pdf,0,0,"",XX Original files,XX Original files,XX Original files,XX Original files,"","","","","",.pdf
"",4. LTD - 07 November 2020 Statement .pdf,Corporate/XX Original files/4. LTD - 07 November 2020 Statement .pdf,.pdf,0,0,"",XX Original files,XX Original files,XX Original files,XX Original files,"","","","","",.pdf
"",5. LTD - 07 December 2020 Statement  .pdf,Corporate/XX Original files/5. LTD - 07 December 2020 Statement  .pdf,.pdf,0,0,"",XX Original files,XX Original files,XX Original files,XX Original files,"","","","","",.pdf
"",6. LTD - 07 January 2021 Statement  .pdf,Corporate/XX Original files/6. LTD - 07 January 2021 Statement  .pdf,.pdf,0,0,"",XX Original files,XX Original files,XX Original files,XX Original files,"","","","","",.pdf
"",7. LTD - 07 February 2021 Statement  .pdf,Corporate/XX Original files/7. LTD - 07 February 2021 Statement  .pdf,.pdf,0,0,"",XX Original files,XX Original files,XX Original files,XX Original files,"","","","","",.pdf
"",8. LTD - 07 March 2021 Statement  .pdf,Corporate/XX Original files/8. LTD - 07 March 2021 Statement  .pdf,.pdf,0,0,"",XX Original files,XX Original files,XX Original files,XX Original files,"","","","","",.pdf
"",9. LTD - 07 April 2021 Statement  .pdf,Corporate/XX Original files/9. LTD - 07 April 2021 Statement  .pdf,.pdf,0,0,"",XX Original files,XX Original files,XX Original files,XX Original files,"","","","","",.pdf
"",1. LTD 07 July 2021 Statement .pdf,Corporate/XX Original files/1. LTD 07 July 2021 Statement .pdf,.pdf,0,0,"",XX Original files,XX Original files,XX Original files,XX Original files,"","","","","",.pdf
"",10. LTD - 07 April 2022 Statement .pdf,Corporate/XX Original files/10. LTD - 07 April 2022 Statement .pdf,.pdf,0,0,"",XX Original files,XX Original files,XX Original files,XX Original files,"","","","","",.pdf
"",11. LTD - 07 May 2022 Statement  .pdf,Corporate/XX Original files/11. LTD - 07 May 2022 Statement  .pdf,.pdf,0,0,"",XX Original files,XX Original files,XX Original files,XX Original files,"","","","","",.pdf
"",12. LTD - 07 June 2022 Statement  .pdf,Corporate/XX Original files/12. LTD - 07 June 2022 Statement  .pdf,.pdf,0,0,"",XX Original files,XX Original files,XX Original files,XX Original files,"","","","","",.pdf
"",13. LTD - 07 July 2022 Statement.pdf,Corporate/XX Original files/13. LTD - 07 July 2022 Statement.pdf,.pdf,0,0,"",XX Original files,XX Original files,XX Original files,XX Original files,"","","","","",.pdf
"",2. LTD - 07 August 2021 Statement .pdf,Corporate/XX Original files/2. LTD - 07 August 2021 Statement .pdf,.pdf,0,0,"",XX Original files,XX Original files,XX Original files,XX Original files,"","","","","",.pdf
"",3. LTD - 07 September 2021 Statement .pdf,Corporate/XX Original files/3. LTD - 07 September 2021 Statement .pdf,.pdf,0,0,"",XX Original files,XX Original files,XX Original files,XX Original files,"","","","","",.pdf
"",4. LTD - 07 October 2021 Statement  .pdf,Corporate/XX Original files/4. LTD - 07 October 2021 Statement  .pdf,.pdf,0,0,"",XX Original files,XX Original files,XX Original files,XX Original files,"","","","","",.pdf
"",5. LTD - 07 November 2021 Statement.pdf,Corporate/XX Original files/5. LTD - 07 November 2021 Statement.pdf,.pdf,0,0,"",XX Original files,XX Original files,XX Original files,XX Original files,"","","","","",.pdf
"",6. LTD - 07 December 2021 Statement  .pdf,Corporate/XX Original files/6. LTD - 07 December 2021 Statement  .pdf,.pdf,0,0,"",XX Original files,XX Original files,XX Original files,XX Original files,"","","","","",.pdf
"",7. LTD - 07 January 2022 Statement  .pdf,Corporate/XX Original files/7. LTD - 07 January 2022 Statement  .pdf,.pdf,0,0,"",XX Original files,XX Original files,XX Original files,XX Original files,"","","","","",.pdf
"",8. LTD - 07 February 2022 Statement .pdf,Corporate/XX Original files/8. LTD - 07 February 2022 Statement .pdf,.pdf,0,0,"",XX Original files,XX Original files,XX Original files,XX Original files,"","","","","",.pdf
"",9. LTD - 07 March 2022 Statement  .pdf,Corporate/XX Original files/9. LTD - 07 March 2022 Statement  .pdf,.pdf,0,0,"",XX Original files,XX Original files,XX Original files,XX Original files,"","","","","",.pdf
"",Livin the Dream Account Authority.pdf,Corporate/XX Original files/Livin the Dream Account Authority.pdf,.pdf,0,0,"",XX Original files,XX Original files,XX Original files,XX Original files,"","","","","",.pdf
"",LTD BOQ FY20-21 Statements.pdf,Corporate/XX Original files/LTD BOQ FY20-21 Statements.pdf,.pdf,0,0,"",XX Original files,XX Original files,XX Original files,XX Original files,"","","","","",.pdf
"",LTD BOQ FY21-22 Statements.pdf,Corporate/XX Original files/LTD BOQ FY21-22 Statements.pdf,.pdf,0,0,"",XX Original files,XX Original files,XX Original files,XX Original files,"","","","","",.pdf
"",HOH - BOQ FY20-21 Statements.pdf,Corporate/XX Original files/HOH - BOQ FY20-21 Statements.pdf,.pdf,0,0,"",XX Original files,XX Original files,XX Original files,XX Original files,"","","","","",.pdf
"",HOH - BOQ FY21-22 Statements.pdf,Corporate/XX Original files/HOH - BOQ FY21-22 Statements.pdf,.pdf,0,0,"",XX Original files,XX Original files,XX Original files,XX Original files,"","","","","",.pdf
"",Homes of Hope Account Authority.pdf,Corporate/XX Original files/Homes of Hope Account Authority.pdf,.pdf,0,0,"",XX Original files,XX Original files,XX Original files,XX Original files,"","","","","",.pdf
"",Livin the Dream Account Authority.pdf,Corporate/XX Original files/Livin the Dream Account Authority.pdf,.pdf,0,0,"",XX Original files,XX Original files,XX Original files,XX Original files,"","","","","",.pdf
"",LTD BOQ FY20-21 Statements.pdf,Corporate/XX Original files/LTD BOQ FY20-21 Statements.pdf,.pdf,0,0,"",XX Original files,XX Original files,XX Original files,XX Original files,"","","","","",.pdf
"",LTD BOQ FY21-22 Statements.pdf,Corporate/XX Original files/LTD BOQ FY21-22 Statements.pdf,.pdf,0,0,"",XX Original files,XX Original files,XX Original files,XX Original files,"","","","","",.pdf
"",Next Steps Global BOQ FY20-21 Statements.pdf,Corporate/XX Original files/Next Steps Global BOQ FY20-21 Statements.pdf,.pdf,0,0,"",XX Original files,XX Original files,XX Original files,XX Original files,"","","","","",.pdf
"",Next Steps Global BOQ FY21-22 Statements.pdf,Corporate/XX Original files/Next Steps Global BOQ FY21-22 Statements.pdf,.pdf,0,0,"",XX Original files,XX Original files,XX Original files,XX Original files,"","","","","",.pdf
"",Schedule A 15.docx,Corporate/XX Original files/Schedule A 15.docx,.docx,0,0,"",XX Original files,XX Original files,XX Original files,XX Original files,"","","","","",.docx
"",20230529_HOH_s353-10 Notice - TAG COPY.pdf,Corporate/XX Original files/20230529_HOH_s353-10 Notice - TAG COPY.pdf,.pdf,0,0,"",XX Original files,XX Original files,XX Original files,XX Original files,"","","","","",.pdf
"",ATO Questions and Responses.docx,Corporate/XX Original files/ATO Questions and Responses.docx,.docx,0,0,"",XX Original files,XX Original files,XX Original files,XX Original files,"","","","","",.docx
"",Chris first Draft ATO 04_07_2023_.docx,Corporate/XX Original files/Chris first Draft ATO 04_07_2023_.docx,.docx,0,0,"",XX Original files,XX Original files,XX Original files,XX Original files,"","","","","",.docx
"",Previous NOt sure if this was actually sent Draft - ATO Response 20 02 2023.docx,Corporate/XX Original files/Previous NOt sure if this was actually sent Draft - ATO Response 20 02 2023.docx,.docx,0,0,"",XX Original files,XX Original files,XX Original files,XX Original files,"","","","","",.docx
"",06042020No10of20SamuelJamesHarder.pdf.pdf,Corporate/XX Original files/06042020No10of20SamuelJamesHarder.pdf.pdf,.pdf,0,0,"",XX Original files,XX Original files,XX Original files,XX Original files,"","","","","",.pdf
"",06042020No11of20SamuelJamesHarder.pdf.pdf,Corporate/XX Original files/06042020No11of20SamuelJamesHarder.pdf.pdf,.pdf,0,0,"",XX Original files,XX Original files,XX Original files,XX Original files,"","","","","",.pdf
"",06042020No12of20SamuelJamesHarder.pdf.pdf,Corporate/XX Original files/06042020No12of20SamuelJamesHarder.pdf.pdf,.pdf,0,0,"",XX Original files,XX Original files,XX Original files,XX Original files,"","","","","",.pdf
"",06042020No13of20SamuelJamesHarder.pdf.pdf,Corporate/XX Original files/06042020No13of20SamuelJamesHarder.pdf.pdf,.pdf,0,0,"",XX Original files,XX Original files,XX Original files,XX Original files,"","","","","",.pdf
"",06042020No14of20SamuelJamesHarder.pdf.pdf,Corporate/XX Original files/06042020No14of20SamuelJamesHarder.pdf.pdf,.pdf,0,0,"",XX Original files,XX Original files,XX Original files,XX Original files,"","","","","",.pdf
"",06042020No15of20SamuelJamesHarder.pdf.pdf,Corporate/XX Original files/06042020No15of20SamuelJamesHarder.pdf.pdf,.pdf,0,0,"",XX Original files,XX Original files,XX Original files,XX Original files,"","","","","",.pdf
"",06042020No16of20GraceHye-RinHarder.pdf.pdf,Corporate/XX Original files/06042020No16of20GraceHye-RinHarder.pdf.pdf,.pdf,0,0,"",XX Original files,XX Original files,XX Original files,XX Original files,"","","","","",.pdf
"",06042020No17of20GraceHye-RinHarder.pdf.pdf,Corporate/XX Original files/06042020No17of20GraceHye-RinHarder.pdf.pdf,.pdf,0,0,"",XX Original files,XX Original files,XX Original files,XX Original files,"","","","","",.pdf
"",06042020No18of20GraceHye-RinHarder.pdf.pdf,Corporate/XX Original files/06042020No18of20GraceHye-RinHarder.pdf.pdf,.pdf,0,0,"",XX Original files,XX Original files,XX Original files,XX Original files,"","","","","",.pdf
"",06042020No19of20SophieMee-JeongHarder.pdf.pdf,Corporate/XX Original files/06042020No19of20SophieMee-JeongHarder.pdf.pdf,.pdf,0,0,"",XX Original files,XX Original files,XX Original files,XX Original files,"","","","","",.pdf
"",06042020No1of20DavidJamesThurstonandKatherineElizabethThurston.pdf.pdf,Corporate/XX Original files/06042020No1of20DavidJamesThurstonandKatherineElizabethThurston.pdf.pdf,.pdf,0,0,"",XX Original files,XX Original files,XX Original files,XX Original files,"","","","","",.pdf
"",06042020No20of20SophieMee-JeongHarder.pdf.pdf,Corporate/XX Original files/06042020No20of20SophieMee-JeongHarder.pdf.pdf,.pdf,0,0,"",XX Original files,XX Original files,XX Original files,XX Original files,"","","","","",.pdf
"",06042020No2of20DavidJamesThurstonandKatherineElizabethThurston.pdf.pdf,Corporate/XX Original files/06042020No2of20DavidJamesThurstonandKatherineElizabethThurston.pdf.pdf,.pdf,0,0,"",XX Original files,XX Original files,XX Original files,XX Original files,"","","","","",.pdf
"",06042020No3of20KeithFerdinandMillerandHilkelinaLouisaMiller.pdf.pdf,Corporate/XX Original files/06042020No3of20KeithFerdinandMillerandHilkelinaLouisaMiller.pdf.pdf,.pdf,0,0,"",XX Original files,XX Original files,XX Original files,XX Original files,"","","","","",.pdf
"",06042020No4of20KeithFerdinandMillerandHilkelinaLouisaMiller.pdf.PDF,Corporate/XX Original files/06042020No4of20KeithFerdinandMillerandHilkelinaLouisaMiller.pdf.PDF,.PDF,0,0,"",XX Original files,XX Original files,XX Original files,XX Original files,"","","","","",.PDF
"",06042020No5of20KeithFerdinandMillerandHilkelinaLouisaMiller.pdf.pdf,Corporate/XX Original files/06042020No5of20KeithFerdinandMillerandHilkelinaLouisaMiller.pdf.pdf,.pdf,0,0,"",XX Original files,XX Original files,XX Original files,XX Original files,"","","","","",.pdf
"",06042020No6of20KeithFerdinandMillerandHilkelinaLouisaMiller.pdf.pdf,Corporate/XX Original files/06042020No6of20KeithFerdinandMillerandHilkelinaLouisaMiller.pdf.pdf,.pdf,0,0,"",XX Original files,XX Original files,XX Original files,XX Original files,"","","","","",.pdf
"",06042020No7of20KeithFerdinandMillerandHilkelinaLouisaMiller.pdf.pdf,Corporate/XX Original files/06042020No7of20KeithFerdinandMillerandHilkelinaLouisaMiller.pdf.pdf,.pdf,0,0,"",XX Original files,XX Original files,XX Original files,XX Original files,"","","","","",.pdf
"",06042020No8of20KeithFerdinandMillerandHilkelinaLouisaMiller.pdf.pdf,Corporate/XX Original files/06042020No8of20KeithFerdinandMillerandHilkelinaLouisaMiller.pdf.pdf,.pdf,0,0,"",XX Original files,XX Original files,XX Original files,XX Original files,"","","","","",.pdf
"",06042020No9of20BradleJohnGordonSamuelKeithGordonMatthewAlexanderGordon.pdf.pdf,Corporate/XX Original files/06042020No9of20BradleJohnGordonSamuelKeithGordonMatthewAlexanderGordon.pdf.pdf,.pdf,0,0,"",XX Original files,XX Original files,XX Original files,XX Original files,"","","","","",.pdf
"",2019 FY.pdf,Corporate/XX Original files/2019 FY.pdf,.pdf,0,0,"",XX Original files,XX Original files,XX Original files,XX Original files,"","","","","",.pdf
"",2020 FY.pdf,Corporate/XX Original files/2020 FY.pdf,.pdf,0,0,"",XX Original files,XX Original files,XX Original files,XX Original files,"","","","","",.pdf
"",2020-08.pdf,Corporate/XX Original files/2020-08.pdf,.pdf,0,0,"",XX Original files,XX Original files,XX Original files,XX Original files,"","","","","",.pdf
"",2020-09.pdf,Corporate/XX Original files/2020-09.pdf,.pdf,0,0,"",XX Original files,XX Original files,XX Original files,XX Original files,"","","","","",.pdf
"",2020-10.pdf,Corporate/XX Original files/2020-10.pdf,.pdf,0,0,"",XX Original files,XX Original files,XX Original files,XX Original files,"","","","","",.pdf
"",2020-11.pdf,Corporate/XX Original files/2020-11.pdf,.pdf,0,0,"",XX Original files,XX Original files,XX Original files,XX Original files,"","","","","",.pdf
"",2020-12.pdf,Corporate/XX Original files/2020-12.pdf,.pdf,0,0,"",XX Original files,XX Original files,XX Original files,XX Original files,"","","","","",.pdf
"",2021-01.pdf,Corporate/XX Original files/2021-01.pdf,.pdf,0,0,"",XX Original files,XX Original files,XX Original files,XX Original files,"","","","","",.pdf
"",2021-02.pdf,Corporate/XX Original files/2021-02.pdf,.pdf,0,0,"",XX Original files,XX Original files,XX Original files,XX Original files,"","","","","",.pdf
"",2021-03.pdf,Corporate/XX Original files/2021-03.pdf,.pdf,0,0,"",XX Original files,XX Original files,XX Original files,XX Original files,"","","","","",.pdf
"",2021-04.pdf,Corporate/XX Original files/2021-04.pdf,.pdf,0,0,"",XX Original files,XX Original files,XX Original files,XX Original files,"","","","","",.pdf
"",2021-05.pdf,Corporate/XX Original files/2021-05.pdf,.pdf,0,0,"",XX Original files,XX Original files,XX Original files,XX Original files,"","","","","",.pdf
"",2021-06.pdf,Corporate/XX Original files/2021-06.pdf,.pdf,0,0,"",XX Original files,XX Original files,XX Original files,XX Original files,"","","","","",.pdf
"",2021-07.pdf,Corporate/XX Original files/2021-07.pdf,.pdf,0,0,"",XX Original files,XX Original files,XX Original files,XX Original files,"","","","","",.pdf
"",2021-07.pdf,Corporate/XX Original files/2021-07.pdf,.pdf,0,0,"",XX Original files,XX Original files,XX Original files,XX Original files,"","","","","",.pdf
"",2021-08.pdf,Corporate/XX Original files/2021-08.pdf,.pdf,0,0,"",XX Original files,XX Original files,XX Original files,XX Original files,"","","","","",.pdf
"",2021-09.pdf,Corporate/XX Original files/2021-09.pdf,.pdf,0,0,"",XX Original files,XX Original files,XX Original files,XX Original files,"","","","","",.pdf
"",2021-10.pdf,Corporate/XX Original files/2021-10.pdf,.pdf,0,0,"",XX Original files,XX Original files,XX Original files,XX Original files,"","","","","",.pdf
"",2021-11.pdf,Corporate/XX Original files/2021-11.pdf,.pdf,0,0,"",XX Original files,XX Original files,XX Original files,XX Original files,"","","","","",.pdf
"",2021-12.pdf,Corporate/XX Original files/2021-12.pdf,.pdf,0,0,"",XX Original files,XX Original files,XX Original files,XX Original files,"","","","","",.pdf
"",2022-01.pdf,Corporate/XX Original files/2022-01.pdf,.pdf,0,0,"",XX Original files,XX Original files,XX Original files,XX Original files,"","","","","",.pdf
"",2022-02.pdf,Corporate/XX Original files/2022-02.pdf,.pdf,0,0,"",XX Original files,XX Original files,XX Original files,XX Original files,"","","","","",.pdf
"",2022-03.pdf,Corporate/XX Original files/2022-03.pdf,.pdf,0,0,"",XX Original files,XX Original files,XX Original files,XX Original files,"","","","","",.pdf
"",2022-04.pdf,Corporate/XX Original files/2022-04.pdf,.pdf,0,0,"",XX Original files,XX Original files,XX Original files,XX Original files,"","","","","",.pdf
"",2022-05.pdf,Corporate/XX Original files/2022-05.pdf,.pdf,0,0,"",XX Original files,XX Original files,XX Original files,XX Original files,"","","","","",.pdf
"",2022-06.pdf,Corporate/XX Original files/2022-06.pdf,.pdf,0,0,"",XX Original files,XX Original files,XX Original files,XX Original files,"","","","","",.pdf
"",2022-07.pdf,Corporate/XX Original files/2022-07.pdf,.pdf,0,0,"",XX Original files,XX Original files,XX Original files,XX Original files,"","","","","",.pdf
"",2018-09.pdf,Corporate/XX Original files/2018-09.pdf,.pdf,0,0,"",XX Original files,XX Original files,XX Original files,XX Original files,"","","","","",.pdf
"",2018-12.pdf,Corporate/XX Original files/2018-12.pdf,.pdf,0,0,"",XX Original files,XX Original files,XX Original files,XX Original files,"","","","","",.pdf
"",2019-03.pdf,Corporate/XX Original files/2019-03.pdf,.pdf,0,0,"",XX Original files,XX Original files,XX Original files,XX Original files,"","","","","",.pdf
"",2019-06.pdf,Corporate/XX Original files/2019-06.pdf,.pdf,0,0,"",XX Original files,XX Original files,XX Original files,XX Original files,"","","","","",.pdf
"",2019-09.pdf,Corporate/XX Original files/2019-09.pdf,.pdf,0,0,"",XX Original files,XX Original files,XX Original files,XX Original files,"","","","","",.pdf
"",2019-12.pdf,Corporate/XX Original files/2019-12.pdf,.pdf,0,0,"",XX Original files,XX Original files,XX Original files,XX Original files,"","","","","",.pdf
"",2020-01.pdf,Corporate/XX Original files/2020-01.pdf,.pdf,0,0,"",XX Original files,XX Original files,XX Original files,XX Original files,"","","","","",.pdf
"",2020-03.pdf,Corporate/XX Original files/2020-03.pdf,.pdf,0,0,"",XX Original files,XX Original files,XX Original files,XX Original files,"","","","","",.pdf
"",2020-06.pdf,Corporate/XX Original files/2020-06.pdf,.pdf,0,0,"",XX Original files,XX Original files,XX Original files,XX Original files,"","","","","",.pdf
"",2020-09.pdf,Corporate/XX Original files/2020-09.pdf,.pdf,0,0,"",XX Original files,XX Original files,XX Original files,XX Original files,"","","","","",.pdf
"",2020-12.pdf,Corporate/XX Original files/2020-12.pdf,.pdf,0,0,"",XX Original files,XX Original files,XX Original files,XX Original files,"","","","","",.pdf
"",2021-03.pdf,Corporate/XX Original files/2021-03.pdf,.pdf,0,0,"",XX Original files,XX Original files,XX Original files,XX Original files,"","","","","",.pdf
"",2021-06.pdf,Corporate/XX Original files/2021-06.pdf,.pdf,0,0,"",XX Original files,XX Original files,XX Original files,XX Original files,"","","","","",.pdf
"",2021-09.pdf,Corporate/XX Original files/2021-09.pdf,.pdf,0,0,"",XX Original files,XX Original files,XX Original files,XX Original files,"","","","","",.pdf
"",2021-10.pdf,Corporate/XX Original files/2021-10.pdf,.pdf,0,0,"",XX Original files,XX Original files,XX Original files,XX Original files,"","","","","",.pdf
"",LTD W’pac Investment Loan .pdf,Corporate/XX Original files/LTD W’pac Investment Loan .pdf,.pdf,0,0,"",XX Original files,XX Original files,XX Original files,XX Original files,"","","","","",.pdf
"",LTD W'Pac 29.06.2018-31.07.2018.pdf,Corporate/XX Original files/LTD W'Pac 29.06.2018-31.07.2018.pdf,.pdf,0,0,"",XX Original files,XX Original files,XX Original files,XX Original files,"","","","","",.pdf
"",000 - Response to ATO RFI.docx,Corporate/XX Original files/000 - Response to ATO RFI.docx,.docx,0,0,"",XX Original files,XX Original files,XX Original files,XX Original files,"","","","","",.docx
"",1b - Historical company extract Living the Dream.pdf,Corporate/XX Original files/1b - Historical company extract Living the Dream.pdf,.pdf,0,0,"",XX Original files,XX Original files,XX Original files,XX Original files,"","","","","",.pdf
"",1di - Orginal Livin The Dream Constitution called After Work Hire.pdf,Corporate/XX Original files/1di - Orginal Livin The Dream Constitution called After Work Hire.pdf,.pdf,0,0,"",XX Original files,XX Original files,XX Original files,XX Original files,"","","","","",.pdf
"",1dii - Constitution-Livin the Dream-LYW.docx,Corporate/XX Original files/1dii - Constitution-Livin the Dream-LYW.docx,.docx,0,0,"",XX Original files,XX Original files,XX Original files,XX Original files,"","","","","",.docx
"",1diii - Constitution-Livin the Dream-HOH.docx,Corporate/XX Original files/1diii - Constitution-Livin the Dream-HOH.docx,.docx,0,0,"",XX Original files,XX Original files,XX Original files,XX Original files,"","","","","",.docx
"",2 - Livin The Dream Pty Ltd - Account Transactions .pdf,Corporate/XX Original files/2 - Livin The Dream Pty Ltd - Account Transactions .pdf,.pdf,0,0,"",XX Original files,XX Original files,XX Original files,XX Original files,"","","","","",.pdf
"",3ai - Financial Statements LTD 2019.pdf,Corporate/XX Original files/3ai - Financial Statements LTD 2019.pdf,.pdf,0,0,"",XX Original files,XX Original files,XX Original files,XX Original files,"","","","","",.pdf
"",3aii - Financial Statements LTD 2020.pdf,Corporate/XX Original files/3aii - Financial Statements LTD 2020.pdf,.pdf,0,0,"",XX Original files,XX Original files,XX Original files,XX Original files,"","","","","",.pdf
"",3aiii - Financial Statements LTD 2021 & 2022.pdf,Corporate/XX Original files/3aiii - Financial Statements LTD 2021 & 2022.pdf,.pdf,0,0,"",XX Original files,XX Original files,XX Original files,XX Original files,"","","","","",.pdf
"",3c - 2019 Workpapers - Livin the Dream.xlsx,Corporate/XX Original files/3c - 2019 Workpapers - Livin the Dream.xlsx,.xlsx,0,0,"",XX Original files,XX Original files,XX Original files,XX Original files,"","","","","",.xlsx
"",3di - LTD - Statement of Cash Flows 2022.pdf,Corporate/XX Original files/3di - LTD - Statement of Cash Flows 2022.pdf,.pdf,0,0,"",XX Original files,XX Original files,XX Original files,XX Original files,"","","","","",.pdf
"",3dii - LTD - Statement of Cash Flows 2021.pdf,Corporate/XX Original files/3dii - LTD - Statement of Cash Flows 2021.pdf,.pdf,0,0,"",XX Original files,XX Original files,XX Original files,XX Original files,"","","","","",.pdf
"",3fi - LTD - Chart of Accounts.pdf,Corporate/XX Original files/3fi - LTD - Chart of Accounts.pdf,.pdf,0,0,"",XX Original files,XX Original files,XX Original files,XX Original files,"","","","","",.pdf
"",4vi 1 - Livin the Dream - MV Sale - Ross Wilson - 187GXH.pdf,Corporate/XX Original files/4vi 1 - Livin the Dream - MV Sale - Ross Wilson - 187GXH.pdf,.pdf,0,0,"",XX Original files,XX Original files,XX Original files,XX Original files,"","","","","",.pdf
"",5 - FBT Contribution 2018.xlsx,Corporate/XX Original files/5 - FBT Contribution 2018.xlsx,.xlsx,0,0,"",XX Original files,XX Original files,XX Original files,XX Original files,"","","","","",.xlsx
"",6 - LYW Asset Loan Analysis.xlsx,Corporate/XX Original files/6 - LYW Asset Loan Analysis.xlsx,.xlsx,0,0,"",XX Original files,XX Original files,XX Original files,XX Original files,"","","","","",.xlsx
"",06042020No10of20SamuelJamesHarder.pdf.pdf,Corporate/XX Original files/06042020No10of20SamuelJamesHarder.pdf.pdf,.pdf,0,0,"",XX Original files,XX Original files,XX Original files,XX Original files,"","","","","",.pdf
"",06042020No11of20SamuelJamesHarder.pdf.pdf,Corporate/XX Original files/06042020No11of20SamuelJamesHarder.pdf.pdf,.pdf,0,0,"",XX Original files,XX Original files,XX Original files,XX Original files,"","","","","",.pdf
"",06042020No12of20SamuelJamesHarder.pdf.pdf,Corporate/XX Original files/06042020No12of20SamuelJamesHarder.pdf.pdf,.pdf,0,0,"",XX Original files,XX Original files,XX Original files,XX Original files,"","","","","",.pdf
"",06042020No13of20SamuelJamesHarder.pdf.pdf,Corporate/XX Original files/06042020No13of20SamuelJamesHarder.pdf.pdf,.pdf,0,0,"",XX Original files,XX Original files,XX Original files,XX Original files,"","","","","",.pdf
"",06042020No14of20SamuelJamesHarder.pdf.pdf,Corporate/XX Original files/06042020No14of20SamuelJamesHarder.pdf.pdf,.pdf,0,0,"",XX Original files,XX Original files,XX Original files,XX Original files,"","","","","",.pdf
"",06042020No15of20SamuelJamesHarder.pdf.pdf,Corporate/XX Original files/06042020No15of20SamuelJamesHarder.pdf.pdf,.pdf,0,0,"",XX Original files,XX Original files,XX Original files,XX Original files,"","","","","",.pdf
"",06042020No16of20GraceHye-RinHarder.pdf.pdf,Corporate/XX Original files/06042020No16of20GraceHye-RinHarder.pdf.pdf,.pdf,0,0,"",XX Original files,XX Original files,XX Original files,XX Original files,"","","","","",.pdf
"",06042020No17of20GraceHye-RinHarder.pdf.pdf,Corporate/XX Original files/06042020No17of20GraceHye-RinHarder.pdf.pdf,.pdf,0,0,"",XX Original files,XX Original files,XX Original files,XX Original files,"","","","","",.pdf
"",06042020No18of20GraceHye-RinHarder.pdf.pdf,Corporate/XX Original files/06042020No18of20GraceHye-RinHarder.pdf.pdf,.pdf,0,0,"",XX Original files,XX Original files,XX Original files,XX Original files,"","","","","",.pdf
"",06042020No19of20SophieMee-JeongHarder.pdf.pdf,Corporate/XX Original files/06042020No19of20SophieMee-JeongHarder.pdf.pdf,.pdf,0,0,"",XX Original files,XX Original files,XX Original files,XX Original files,"","","","","",.pdf
"",06042020No1of20DavidJamesThurstonandKatherineElizabethThurston.pdf.pdf,Corporate/XX Original files/06042020No1of20DavidJamesThurstonandKatherineElizabethThurston.pdf.pdf,.pdf,0,0,"",XX Original files,XX Original files,XX Original files,XX Original files,"","","","","",.pdf
"",06042020No20of20SophieMee-JeongHarder.pdf.pdf,Corporate/XX Original files/06042020No20of20SophieMee-JeongHarder.pdf.pdf,.pdf,0,0,"",XX Original files,XX Original files,XX Original files,XX Original files,"","","","","",.pdf
"",06042020No2of20DavidJamesThurstonandKatherineElizabethThurston.pdf.pdf,Corporate/XX Original files/06042020No2of20DavidJamesThurstonandKatherineElizabethThurston.pdf.pdf,.pdf,0,0,"",XX Original files,XX Original files,XX Original files,XX Original files,"","","","","",.pdf
"",06042020No3of20KeithFerdinandMillerandHilkelinaLouisaMiller.pdf.pdf,Corporate/XX Original files/06042020No3of20KeithFerdinandMillerandHilkelinaLouisaMiller.pdf.pdf,.pdf,0,0,"",XX Original files,XX Original files,XX Original files,XX Original files,"","","","","",.pdf
"",06042020No4of20KeithFerdinandMillerandHilkelinaLouisaMiller.pdf.PDF,Corporate/XX Original files/06042020No4of20KeithFerdinandMillerandHilkelinaLouisaMiller.pdf.PDF,.PDF,0,0,"",XX Original files,XX Original files,XX Original files,XX Original files,"","","","","",.PDF
"",06042020No5of20KeithFerdinandMillerandHilkelinaLouisaMiller.pdf.pdf,Corporate/XX Original files/06042020No5of20KeithFerdinandMillerandHilkelinaLouisaMiller.pdf.pdf,.pdf,0,0,"",XX Original files,XX Original files,XX Original files,XX Original files,"","","","","",.pdf
"",06042020No6of20KeithFerdinandMillerandHilkelinaLouisaMiller.pdf.pdf,Corporate/XX Original files/06042020No6of20KeithFerdinandMillerandHilkelinaLouisaMiller.pdf.pdf,.pdf,0,0,"",XX Original files,XX Original files,XX Original files,XX Original files,"","","","","",.pdf
"",06042020No7of20KeithFerdinandMillerandHilkelinaLouisaMiller.pdf.pdf,Corporate/XX Original files/06042020No7of20KeithFerdinandMillerandHilkelinaLouisaMiller.pdf.pdf,.pdf,0,0,"",XX Original files,XX Original files,XX Original files,XX Original files,"","","","","",.pdf
"",06042020No8of20KeithFerdinandMillerandHilkelinaLouisaMiller.pdf.pdf,Corporate/XX Original files/06042020No8of20KeithFerdinandMillerandHilkelinaLouisaMiller.pdf.pdf,.pdf,0,0,"",XX Original files,XX Original files,XX Original files,XX Original files,"","","","","",.pdf
"",06042020No9of20BradleJohnGordonSamuelKeithGordonMatthewAlexanderGordon.pdf.pdf,Corporate/XX Original files/06042020No9of20BradleJohnGordonSamuelKeithGordonMatthewAlexanderGordon.pdf.pdf,.pdf,0,0,"",XX Original files,XX Original files,XX Original files,XX Original files,"","","","","",.pdf
"",2019 FY.pdf,Corporate/XX Original files/2019 FY.pdf,.pdf,0,0,"",XX Original files,XX Original files,XX Original files,XX Original files,"","","","","",.pdf
"",2020 FY.pdf,Corporate/XX Original files/2020 FY.pdf,.pdf,0,0,"",XX Original files,XX Original files,XX Original files,XX Original files,"","","","","",.pdf
"",2020-08.pdf,Corporate/XX Original files/2020-08.pdf,.pdf,0,0,"",XX Original files,XX Original files,XX Original files,XX Original files,"","","","","",.pdf
"",2020-09.pdf,Corporate/XX Original files/2020-09.pdf,.pdf,0,0,"",XX Original files,XX Original files,XX Original files,XX Original files,"","","","","",.pdf
"",2020-10.pdf,Corporate/XX Original files/2020-10.pdf,.pdf,0,0,"",XX Original files,XX Original files,XX Original files,XX Original files,"","","","","",.pdf
"",2020-11.pdf,Corporate/XX Original files/2020-11.pdf,.pdf,0,0,"",XX Original files,XX Original files,XX Original files,XX Original files,"","","","","",.pdf
"",2020-12.pdf,Corporate/XX Original files/2020-12.pdf,.pdf,0,0,"",XX Original files,XX Original files,XX Original files,XX Original files,"","","","","",.pdf
"",2021-01.pdf,Corporate/XX Original files/2021-01.pdf,.pdf,0,0,"",XX Original files,XX Original files,XX Original files,XX Original files,"","","","","",.pdf
"",2021-02.pdf,Corporate/XX Original files/2021-02.pdf,.pdf,0,0,"",XX Original files,XX Original files,XX Original files,XX Original files,"","","","","",.pdf
"",2021-03.pdf,Corporate/XX Original files/2021-03.pdf,.pdf,0,0,"",XX Original files,XX Original files,XX Original files,XX Original files,"","","","","",.pdf
"",2021-04.pdf,Corporate/XX Original files/2021-04.pdf,.pdf,0,0,"",XX Original files,XX Original files,XX Original files,XX Original files,"","","","","",.pdf
"",2021-05.pdf,Corporate/XX Original files/2021-05.pdf,.pdf,0,0,"",XX Original files,XX Original files,XX Original files,XX Original files,"","","","","",.pdf
"",2021-06.pdf,Corporate/XX Original files/2021-06.pdf,.pdf,0,0,"",XX Original files,XX Original files,XX Original files,XX Original files,"","","","","",.pdf
"",2021-07.pdf,Corporate/XX Original files/2021-07.pdf,.pdf,0,0,"",XX Original files,XX Original files,XX Original files,XX Original files,"","","","","",.pdf
"",2021-07.pdf,Corporate/XX Original files/2021-07.pdf,.pdf,0,0,"",XX Original files,XX Original files,XX Original files,XX Original files,"","","","","",.pdf
"",2021-08.pdf,Corporate/XX Original files/2021-08.pdf,.pdf,0,0,"",XX Original files,XX Original files,XX Original files,XX Original files,"","","","","",.pdf
"",2021-09.pdf,Corporate/XX Original files/2021-09.pdf,.pdf,0,0,"",XX Original files,XX Original files,XX Original files,XX Original files,"","","","","",.pdf
"",2021-10.pdf,Corporate/XX Original files/2021-10.pdf,.pdf,0,0,"",XX Original files,XX Original files,XX Original files,XX Original files,"","","","","",.pdf
"",2021-11.pdf,Corporate/XX Original files/2021-11.pdf,.pdf,0,0,"",XX Original files,XX Original files,XX Original files,XX Original files,"","","","","",.pdf
"",2021-12.pdf,Corporate/XX Original files/2021-12.pdf,.pdf,0,0,"",XX Original files,XX Original files,XX Original files,XX Original files,"","","","","",.pdf
"",2022-01.pdf,Corporate/XX Original files/2022-01.pdf,.pdf,0,0,"",XX Original files,XX Original files,XX Original files,XX Original files,"","","","","",.pdf
"",2022-02.pdf,Corporate/XX Original files/2022-02.pdf,.pdf,0,0,"",XX Original files,XX Original files,XX Original files,XX Original files,"","","","","",.pdf
"",2022-03.pdf,Corporate/XX Original files/2022-03.pdf,.pdf,0,0,"",XX Original files,XX Original files,XX Original files,XX Original files,"","","","","",.pdf
"",2022-04.pdf,Corporate/XX Original files/2022-04.pdf,.pdf,0,0,"",XX Original files,XX Original files,XX Original files,XX Original files,"","","","","",.pdf
"",2022-05.pdf,Corporate/XX Original files/2022-05.pdf,.pdf,0,0,"",XX Original files,XX Original files,XX Original files,XX Original files,"","","","","",.pdf
"",2022-06.pdf,Corporate/XX Original files/2022-06.pdf,.pdf,0,0,"",XX Original files,XX Original files,XX Original files,XX Original files,"","","","","",.pdf
"",2022-07.pdf,Corporate/XX Original files/2022-07.pdf,.pdf,0,0,"",XX Original files,XX Original files,XX Original files,XX Original files,"","","","","",.pdf
"",2018-09.pdf,Corporate/XX Original files/2018-09.pdf,.pdf,0,0,"",XX Original files,XX Original files,XX Original files,XX Original files,"","","","","",.pdf
"",2018-12.pdf,Corporate/XX Original files/2018-12.pdf,.pdf,0,0,"",XX Original files,XX Original files,XX Original files,XX Original files,"","","","","",.pdf
"",2019-03.pdf,Corporate/XX Original files/2019-03.pdf,.pdf,0,0,"",XX Original files,XX Original files,XX Original files,XX Original files,"","","","","",.pdf
"",2019-06.pdf,Corporate/XX Original files/2019-06.pdf,.pdf,0,0,"",XX Original files,XX Original files,XX Original files,XX Original files,"","","","","",.pdf
"",2019-09.pdf,Corporate/XX Original files/2019-09.pdf,.pdf,0,0,"",XX Original files,XX Original files,XX Original files,XX Original files,"","","","","",.pdf
"",2019-12.pdf,Corporate/XX Original files/2019-12.pdf,.pdf,0,0,"",XX Original files,XX Original files,XX Original files,XX Original files,"","","","","",.pdf
"",2020-01.pdf,Corporate/XX Original files/2020-01.pdf,.pdf,0,0,"",XX Original files,XX Original files,XX Original files,XX Original files,"","","","","",.pdf
"",2020-03.pdf,Corporate/XX Original files/2020-03.pdf,.pdf,0,0,"",XX Original files,XX Original files,XX Original files,XX Original files,"","","","","",.pdf
"",2020-06.pdf,Corporate/XX Original files/2020-06.pdf,.pdf,0,0,"",XX Original files,XX Original files,XX Original files,XX Original files,"","","","","",.pdf
"",2020-09.pdf,Corporate/XX Original files/2020-09.pdf,.pdf,0,0,"",XX Original files,XX Original files,XX Original files,XX Original files,"","","","","",.pdf
"",2020-12.pdf,Corporate/XX Original files/2020-12.pdf,.pdf,0,0,"",XX Original files,XX Original files,XX Original files,XX Original files,"","","","","",.pdf
"",2021-03.pdf,Corporate/XX Original files/2021-03.pdf,.pdf,0,0,"",XX Original files,XX Original files,XX Original files,XX Original files,"","","","","",.pdf
"",2021-06.pdf,Corporate/XX Original files/2021-06.pdf,.pdf,0,0,"",XX Original files,XX Original files,XX Original files,XX Original files,"","","","","",.pdf
"",2021-09.pdf,Corporate/XX Original files/2021-09.pdf,.pdf,0,0,"",XX Original files,XX Original files,XX Original files,XX Original files,"","","","","",.pdf
"",2021-10.pdf,Corporate/XX Original files/2021-10.pdf,.pdf,0,0,"",XX Original files,XX Original files,XX Original files,XX Original files,"","","","","",.pdf
"",LTD W’pac Investment Loan .pdf,Corporate/XX Original files/LTD W’pac Investment Loan .pdf,.pdf,0,0,"",XX Original files,XX Original files,XX Original files,XX Original files,"","","","","",.pdf
"",LTD W'Pac 29.06.2018-31.07.2018.pdf,Corporate/XX Original files/LTD W'Pac 29.06.2018-31.07.2018.pdf,.pdf,0,0,"",XX Original files,XX Original files,XX Original files,XX Original files,"","","","","",.pdf
"",000 - Response to ATO RFI.pdf,Corporate/XX Original files/000 - Response to ATO RFI.pdf,.pdf,0,0,"",XX Original files,XX Original files,XX Original files,XX Original files,"","","","","",.pdf
"",1b - Historical company extract Living the Dream.pdf,Corporate/XX Original files/1b - Historical company extract Living the Dream.pdf,.pdf,0,0,"",XX Original files,XX Original files,XX Original files,XX Original files,"","","","","",.pdf
"",1di - Orginal Livin The Dream Constitution called After Work Hire.pdf,Corporate/XX Original files/1di - Orginal Livin The Dream Constitution called After Work Hire.pdf,.pdf,0,0,"",XX Original files,XX Original files,XX Original files,XX Original files,"","","","","",.pdf
"",1dii - Constitution-Livin the Dream-LYW.docx,Corporate/XX Original files/1dii - Constitution-Livin the Dream-LYW.docx,.docx,0,0,"",XX Original files,XX Original files,XX Original files,XX Original files,"","","","","",.docx
"",1diii - Constitution-Livin the Dream-HOH.docx,Corporate/XX Original files/1diii - Constitution-Livin the Dream-HOH.docx,.docx,0,0,"",XX Original files,XX Original files,XX Original files,XX Original files,"","","","","",.docx
"",2 - Livin The Dream Pty Ltd - Account Transactions .pdf,Corporate/XX Original files/2 - Livin The Dream Pty Ltd - Account Transactions .pdf,.pdf,0,0,"",XX Original files,XX Original files,XX Original files,XX Original files,"","","","","",.pdf
"",3ai - Financial Statements LTD 2019.pdf,Corporate/XX Original files/3ai - Financial Statements LTD 2019.pdf,.pdf,0,0,"",XX Original files,XX Original files,XX Original files,XX Original files,"","","","","",.pdf
"",3aii - Financial Statements LTD 2020.pdf,Corporate/XX Original files/3aii - Financial Statements LTD 2020.pdf,.pdf,0,0,"",XX Original files,XX Original files,XX Original files,XX Original files,"","","","","",.pdf
"",3aiii - Financial Statements LTD 2021 & 2022.pdf,Corporate/XX Original files/3aiii - Financial Statements LTD 2021 & 2022.pdf,.pdf,0,0,"",XX Original files,XX Original files,XX Original files,XX Original files,"","","","","",.pdf
"",3c - 2019 Workpapers - Livin the Dream.xlsx,Corporate/XX Original files/3c - 2019 Workpapers - Livin the Dream.xlsx,.xlsx,0,0,"",XX Original files,XX Original files,XX Original files,XX Original files,"","","","","",.xlsx
"",3di - LTD - Statement of Cash Flows 2022.pdf,Corporate/XX Original files/3di - LTD - Statement of Cash Flows 2022.pdf,.pdf,0,0,"",XX Original files,XX Original files,XX Original files,XX Original files,"","","","","",.pdf
"",3dii - LTD - Statement of Cash Flows 2021.pdf,Corporate/XX Original files/3dii - LTD - Statement of Cash Flows 2021.pdf,.pdf,0,0,"",XX Original files,XX Original files,XX Original files,XX Original files,"","","","","",.pdf
"",3fi - LTD - Chart of Accounts.pdf,Corporate/XX Original files/3fi - LTD - Chart of Accounts.pdf,.pdf,0,0,"",XX Original files,XX Original files,XX Original files,XX Original files,"","","","","",.pdf
"",4vi 1 - Livin the Dream - MV Sale - Ross Wilson - 187GXH.pdf,Corporate/XX Original files/4vi 1 - Livin the Dream - MV Sale - Ross Wilson - 187GXH.pdf,.pdf,0,0,"",XX Original files,XX Original files,XX Original files,XX Original files,"","","","","",.pdf
"",5 - FBT Contribution 2018.xlsx,Corporate/XX Original files/5 - FBT Contribution 2018.xlsx,.xlsx,0,0,"",XX Original files,XX Original files,XX Original files,XX Original files,"","","","","",.xlsx
"",6 - LYW Asset Loan Analysis.xlsx,Corporate/XX Original files/6 - LYW Asset Loan Analysis.xlsx,.xlsx,0,0,"",XX Original files,XX Original files,XX Original files,XX Original files,"","","","","",.xlsx
"",General Ledger [Detail] 2020-21.pdf,Corporate/XX Original files/General Ledger [Detail] 2020-21.pdf,.pdf,0,0,"",XX Original files,XX Original files,XX Original files,XX Original files,"","","","","",.pdf
"",Profit & Loss [Accrual] Livin the Dream 2020-21.pdf,Corporate/XX Original files/Profit & Loss [Accrual] Livin the Dream 2020-21.pdf,.pdf,0,0,"",XX Original files,XX Original files,XX Original files,XX Original files,"","","","","",.pdf
"",Standard Balance Sheet Livin the Dream 2021.pdf,Corporate/XX Original files/Standard Balance Sheet Livin the Dream 2021.pdf,.pdf,0,0,"",XX Original files,XX Original files,XX Original files,XX Original files,"","","","","",.pdf
"",Alignment Journal 2014.xlsx,Corporate/XX Original files/Alignment Journal 2014.xlsx,.xlsx,0,0,"",XX Original files,XX Original files,XX Original files,XX Original files,"","","","","",.xlsx
"",2015 - Livin the Dream - ITR.pdf,Corporate/XX Original files/2015 - Livin the Dream - ITR.pdf,.pdf,0,0,"",XX Original files,XX Original files,XX Original files,XX Original files,"","","","","",.pdf
"",2015 - Livin the Dream - Workpapers.pdf,Corporate/XX Original files/2015 - Livin the Dream - Workpapers.pdf,.pdf,0,0,"",XX Original files,XX Original files,XX Original files,XX Original files,"","","","","",.pdf
"",2015 GST Adjustment.xlsx,Corporate/XX Original files/2015 GST Adjustment.xlsx,.xlsx,0,0,"",XX Original files,XX Original files,XX Original files,XX Original files,"","","","","",.xlsx
"",Financial Workpapers 2012 - refer for HP.xls,Corporate/XX Original files/Financial Workpapers 2012 - refer for HP.xls,.xls,0,0,"",XX Original files,XX Original files,XX Original files,XX Original files,"","","","","",.xls
"","HP - Toyota 368STX ($2,857.71).pdf","Corporate/XX Original files/HP - Toyota 368STX ($2,857.71).pdf",.pdf,0,0,"",XX Original files,XX Original files,XX Original files,XX Original files,"","","","","",.pdf
"","HP - Toyota 405STX ($1,535.77).pdf","Corporate/XX Original files/HP - Toyota 405STX ($1,535.77).pdf",.pdf,0,0,"",XX Original files,XX Original files,XX Original files,XX Original files,"","","","","",.pdf
"",HP Adjustment.pdf,Corporate/XX Original files/HP Adjustment.pdf,.pdf,0,0,"",XX Original files,XX Original files,XX Original files,XX Original files,"","","","","",.pdf
"",Statement Cover Letter.pdf,Corporate/XX Original files/Statement Cover Letter.pdf,.pdf,0,0,"",XX Original files,XX Original files,XX Original files,XX Original files,"","","","","",.pdf
"",Statements.pdf,Corporate/XX Original files/Statements.pdf,.pdf,0,0,"",XX Original files,XX Original files,XX Original files,XX Original files,"","","","","",.pdf
"",... 226RP215404 - MGD30b - Livin The Dream - Harder - Licence Agreement - 20141224_SIGNED.pdf,Corporate/XX Original files/... 226RP215404 - MGD30b - Livin The Dream - Harder - Licence Agreement - 20141224_SIGNED.pdf,.pdf,0,0,"",XX Original files,XX Original files,XX Original files,XX Original files,"","","","","",.pdf
"","... HP - Toyota 368STX ($2,857.71).pdf","Corporate/XX Original files/... HP - Toyota 368STX ($2,857.71).pdf",.pdf,0,0,"",XX Original files,XX Original files,XX Original files,XX Original files,"","","","","",.pdf
"","... HP - Toyota 405STX ($1,535.77).pdf","Corporate/XX Original files/... HP - Toyota 405STX ($1,535.77).pdf",.pdf,0,0,"",XX Original files,XX Original files,XX Original files,XX Original files,"","","","","",.pdf
"",2016 - Livin the Dream - ELD.pdf,Corporate/XX Original files/2016 - Livin the Dream - ELD.pdf,.pdf,0,0,"",XX Original files,XX Original files,XX Original files,XX Original files,"","","","","",.pdf
"",2016 - Livin the Dream - Financials.pdf,Corporate/XX Original files/2016 - Livin the Dream - Financials.pdf,.pdf,0,0,"",XX Original files,XX Original files,XX Original files,XX Original files,"","","","","",.pdf
"",2016 - Livin the Dream - ITR.pdf,Corporate/XX Original files/2016 - Livin the Dream - ITR.pdf,.pdf,0,0,"",XX Original files,XX Original files,XX Original files,XX Original files,"","","","","",.pdf
"",2016 - Livin the Dream - Workpapers.pdf,Corporate/XX Original files/2016 - Livin the Dream - Workpapers.pdf,.pdf,0,0,"",XX Original files,XX Original files,XX Original files,XX Original files,"","","","","",.pdf
"",A Clement - Malibu Wakesetter - in Livin the Dream.pdf,Corporate/XX Original files/A Clement - Malibu Wakesetter - in Livin the Dream.pdf,.pdf,0,0,"",XX Original files,XX Original files,XX Original files,XX Original files,"","","","","",.pdf
"",Chattel Mortgage - Malibu Wakesetter.xls,Corporate/XX Original files/Chattel Mortgage - Malibu Wakesetter.xls,.xls,0,0,"",XX Original files,XX Original files,XX Original files,XX Original files,"","","","","",.xls
"",Financial Workpapers 2012 - refer for HP.xls,Corporate/XX Original files/Financial Workpapers 2012 - refer for HP.xls,.xls,0,0,"",XX Original files,XX Original files,XX Original files,XX Original files,"","","","","",.xls
"",16092019110600.pdf,Corporate/XX Original files/16092019110600.pdf,.pdf,0,0,"",XX Original files,XX Original files,XX Original files,XX Original files,"","","","","",.pdf
"",16092019110700.pdf,Corporate/XX Original files/16092019110700.pdf,.pdf,0,0,"",XX Original files,XX Original files,XX Original files,XX Original files,"","","","","",.pdf
"",2017 - Livin the Dream - ELD.pdf,Corporate/XX Original files/2017 - Livin the Dream - ELD.pdf,.pdf,0,0,"",XX Original files,XX Original files,XX Original files,XX Original files,"","","","","",.pdf
"",2017 - Livin the Dream - Financials.pdf,Corporate/XX Original files/2017 - Livin the Dream - Financials.pdf,.pdf,0,0,"",XX Original files,XX Original files,XX Original files,XX Original files,"","","","","",.pdf
"",2017 - Livin the Dream - ITR.pdf,Corporate/XX Original files/2017 - Livin the Dream - ITR.pdf,.pdf,0,0,"",XX Original files,XX Original files,XX Original files,XX Original files,"","","","","",.pdf
"",2017 - Livin the Dream - Workpapers.pdf,Corporate/XX Original files/2017 - Livin the Dream - Workpapers.pdf,.pdf,0,0,"",XX Original files,XX Original files,XX Original files,XX Original files,"","","","","",.pdf
"",Car Allowance - I'Admin & Livin the Dream .pdf,Corporate/XX Original files/Car Allowance - I'Admin & Livin the Dream .pdf,.pdf,0,0,"",XX Original files,XX Original files,XX Original files,XX Original files,"","","","","",.pdf
"",02092019120446.pdf,Corporate/XX Original files/02092019120446.pdf,.pdf,0,0,"",XX Original files,XX Original files,XX Original files,XX Original files,"","","","","",.pdf
"",Livin the Dream - MV Sale - Impact Assets - 421XNU aka RU7H1E.pdf,Corporate/XX Original files/Livin the Dream - MV Sale - Impact Assets - 421XNU aka RU7H1E.pdf,.pdf,0,0,"",XX Original files,XX Original files,XX Original files,XX Original files,"","","","","",.pdf
"",Livin the Dream - MV Sale - Impact Assets - 421XNU.pdf,Corporate/XX Original files/Livin the Dream - MV Sale - Impact Assets - 421XNU.pdf,.pdf,0,0,"",XX Original files,XX Original files,XX Original files,XX Original files,"","","","","",.pdf
"",Livin the Dream - MV Sale - James Harder - 910KYY and 405STX.pdf,Corporate/XX Original files/Livin the Dream - MV Sale - James Harder - 910KYY and 405STX.pdf,.pdf,0,0,"",XX Original files,XX Original files,XX Original files,XX Original files,"","","","","",.pdf
"",Livin the Dream - MV Sale - Ross Wilson - 187GXH.pdf,Corporate/XX Original files/Livin the Dream - MV Sale - Ross Wilson - 187GXH.pdf,.pdf,0,0,"",XX Original files,XX Original files,XX Original files,XX Original files,"","","","","",.pdf
"",Toyota landcruiser.PDF,Corporate/XX Original files/Toyota landcruiser.PDF,.PDF,0,0,"",XX Original files,XX Original files,XX Original files,XX Original files,"","","","","",.PDF
"",Workpapers 2018.pdf,Corporate/XX Original files/Workpapers 2018.pdf,.pdf,0,0,"",XX Original files,XX Original files,XX Original files,XX Original files,"","","","","",.pdf
"",Workpapers 2018.xlsx,Corporate/XX Original files/Workpapers 2018.xlsx,.xlsx,0,0,"",XX Original files,XX Original files,XX Original files,XX Original files,"","","","","",.xlsx
"",1474 Lake Moogerah Road Moogerah ( Livin The Dream Pty Ltd ) Title Search.pdf,Corporate/XX Original files/1474 Lake Moogerah Road Moogerah ( Livin The Dream Pty Ltd ) Title Search.pdf,.pdf,0,0,"",XX Original files,XX Original files,XX Original files,XX Original files,"","","","","",.pdf
"",2019 Workpapers - Livin the Dream.xlsx,Corporate/XX Original files/2019 Workpapers - Livin the Dream.xlsx,.xlsx,0,0,"",XX Original files,XX Original files,XX Original files,XX Original files,"","","","","",.xlsx
"",Financial Statements LTDREAM1.pdf,Corporate/XX Original files/Financial Statements LTDREAM1.pdf,.pdf,0,0,"",XX Original files,XX Original files,XX Original files,XX Original files,"","","","","",.pdf
"",Livin The Dream Pty Ltd Workpapers 2019.pdf,Corporate/XX Original files/Livin The Dream Pty Ltd Workpapers 2019.pdf,.pdf,0,0,"",XX Original files,XX Original files,XX Original files,XX Original files,"","","","","",.pdf
"",Workpapers 2019.xlsx,Corporate/XX Original files/Workpapers 2019.xlsx,.xlsx,0,0,"",XX Original files,XX Original files,XX Original files,XX Original files,"","","","","",.xlsx
"",2019 Workpapers - Livin the Dream.xlsx,Corporate/XX Original files/2019 Workpapers - Livin the Dream.xlsx,.xlsx,0,0,"",XX Original files,XX Original files,XX Original files,XX Original files,"","","","","",.xlsx
"",2020 Workpapers - Livin the Dream.xlsx,Corporate/XX Original files/2020 Workpapers - Livin the Dream.xlsx,.xlsx,0,0,"",XX Original files,XX Original files,XX Original files,XX Original files,"","","","","",.xlsx
"",2020 Workpapers - LT Dream Pty Ltd.pdf,Corporate/XX Original files/2020 Workpapers - LT Dream Pty Ltd.pdf,.pdf,0,0,"",XX Original files,XX Original files,XX Original files,XX Original files,"","","","","",.pdf
"",Company Tax Return Livin The Dream 2019-20.pdf,Corporate/XX Original files/Company Tax Return Livin The Dream 2019-20.pdf,.pdf,0,0,"",XX Original files,XX Original files,XX Original files,XX Original files,"","","","","",.pdf
"",Copy of Copy of Running schedule 18-19 - SCHEDULE OF VEHICLES AND PLANT.xls,Corporate/XX Original files/Copy of Copy of Running schedule 18-19 - SCHEDULE OF VEHICLES AND PLANT.xls,.xls,0,0,"",XX Original files,XX Original files,XX Original files,XX Original files,"","","","","",.xls
"",Financial Statements LTDREAM1.pdf,Corporate/XX Original files/Financial Statements LTDREAM1.pdf,.pdf,0,0,"",XX Original files,XX Original files,XX Original files,XX Original files,"","","","","",.pdf
"",General Ledger [Detail] 2019-20.pdf,Corporate/XX Original files/General Ledger [Detail] 2019-20.pdf,.pdf,0,0,"",XX Original files,XX Original files,XX Original files,XX Original files,"","","","","",.pdf
"",Livin the Dream  Financials 2019-20.pdf,Corporate/XX Original files/Livin the Dream  Financials 2019-20.pdf,.pdf,0,0,"",XX Original files,XX Original files,XX Original files,XX Original files,"","","","","",.pdf
"",Livin The Dream Pty Ltd Workpapers 2020.pdf,Corporate/XX Original files/Livin The Dream Pty Ltd Workpapers 2020.pdf,.pdf,0,0,"",XX Original files,XX Original files,XX Original files,XX Original files,"","","","","",.pdf
"",Profit & Loss [Accrual] Livin the Dream 2019-20.pdf,Corporate/XX Original files/Profit & Loss [Accrual] Livin the Dream 2019-20.pdf,.pdf,0,0,"",XX Original files,XX Original files,XX Original files,XX Original files,"","","","","",.pdf
"",Property Insurance All Entities - PROPERTY LIST (2).xlsx,Corporate/XX Original files/Property Insurance All Entities - PROPERTY LIST (2).xlsx,.xlsx,0,0,"",XX Original files,XX Original files,XX Original files,XX Original files,"","","","","",.xlsx
"",Standard Balance Sheet Livin the Dream 2020.pdf,Corporate/XX Original files/Standard Balance Sheet Livin the Dream 2020.pdf,.pdf,0,0,"",XX Original files,XX Original files,XX Original files,XX Original files,"","","","","",.pdf
"",Other Assets 25211_40.docx,Corporate/XX Original files/Other Assets 25211_40.docx,.docx,0,0,"",XX Original files,XX Original files,XX Original files,XX Original files,"","","","","",.docx
"",ASIC LYW Purchase Shares LTD from W2G Assets 06042020.pdf,Corporate/XX Original files/ASIC LYW Purchase Shares LTD from W2G Assets 06042020.pdf,.pdf,0,0,"",XX Original files,XX Original files,XX Original files,XX Original files,"","","","","",.pdf
"",ASIC Share Transfer of LTD from LYW to HOH 05052022.pdf,Corporate/XX Original files/ASIC Share Transfer of LTD from LYW to HOH 05052022.pdf,.pdf,0,0,"",XX Original files,XX Original files,XX Original files,XX Original files,"","","","","",.pdf
"",Constitution-Livin the Dream-HOH.docx,Corporate/XX Original files/Constitution-Livin the Dream-HOH.docx,.docx,0,0,"",XX Original files,XX Original files,XX Original files,XX Original files,"","","","","",.docx
"",Constitution-Livin the Dream-LYW.docx,Corporate/XX Original files/Constitution-Livin the Dream-LYW.docx,.docx,0,0,"",XX Original files,XX Original files,XX Original files,XX Original files,"","","","","",.docx
"",Orginal Livin The Dream Constitution called After Work Hire.pdf,Corporate/XX Original files/Orginal Livin The Dream Constitution called After Work Hire.pdf,.pdf,0,0,"",XX Original files,XX Original files,XX Original files,XX Original files,"","","","","",.pdf
"",06042020No10of20SamuelJamesHarder.pdf.pdf,Corporate/XX Original files/06042020No10of20SamuelJamesHarder.pdf.pdf,.pdf,0,0,"",XX Original files,XX Original files,XX Original files,XX Original files,"","","","","",.pdf
"",06042020No11of20SamuelJamesHarder.pdf.pdf,Corporate/XX Original files/06042020No11of20SamuelJamesHarder.pdf.pdf,.pdf,0,0,"",XX Original files,XX Original files,XX Original files,XX Original files,"","","","","",.pdf
"",06042020No12of20SamuelJamesHarder.pdf.pdf,Corporate/XX Original files/06042020No12of20SamuelJamesHarder.pdf.pdf,.pdf,0,0,"",XX Original files,XX Original files,XX Original files,XX Original files,"","","","","",.pdf
"",06042020No13of20SamuelJamesHarder.pdf.pdf,Corporate/XX Original files/06042020No13of20SamuelJamesHarder.pdf.pdf,.pdf,0,0,"",XX Original files,XX Original files,XX Original files,XX Original files,"","","","","",.pdf
"",06042020No14of20SamuelJamesHarder.pdf.pdf,Corporate/XX Original files/06042020No14of20SamuelJamesHarder.pdf.pdf,.pdf,0,0,"",XX Original files,XX Original files,XX Original files,XX Original files,"","","","","",.pdf
"",06042020No15of20SamuelJamesHarder.pdf.pdf,Corporate/XX Original files/06042020No15of20SamuelJamesHarder.pdf.pdf,.pdf,0,0,"",XX Original files,XX Original files,XX Original files,XX Original files,"","","","","",.pdf
"",06042020No16of20GraceHye-RinHarder.pdf.pdf,Corporate/XX Original files/06042020No16of20GraceHye-RinHarder.pdf.pdf,.pdf,0,0,"",XX Original files,XX Original files,XX Original files,XX Original files,"","","","","",.pdf
"",06042020No17of20GraceHye-RinHarder.pdf.pdf,Corporate/XX Original files/06042020No17of20GraceHye-RinHarder.pdf.pdf,.pdf,0,0,"",XX Original files,XX Original files,XX Original files,XX Original files,"","","","","",.pdf
"",06042020No18of20GraceHye-RinHarder.pdf.pdf,Corporate/XX Original files/06042020No18of20GraceHye-RinHarder.pdf.pdf,.pdf,0,0,"",XX Original files,XX Original files,XX Original files,XX Original files,"","","","","",.pdf
"",06042020No19of20SophieMee-JeongHarder.pdf.pdf,Corporate/XX Original files/06042020No19of20SophieMee-JeongHarder.pdf.pdf,.pdf,0,0,"",XX Original files,XX Original files,XX Original files,XX Original files,"","","","","",.pdf
"",06042020No1of20DavidJamesThurstonandKatherineElizabethThurston.pdf.pdf,Corporate/XX Original files/06042020No1of20DavidJamesThurstonandKatherineElizabethThurston.pdf.pdf,.pdf,0,0,"",XX Original files,XX Original files,XX Original files,XX Original files,"","","","","",.pdf
"",06042020No20of20SophieMee-JeongHarder.pdf.pdf,Corporate/XX Original files/06042020No20of20SophieMee-JeongHarder.pdf.pdf,.pdf,0,0,"",XX Original files,XX Original files,XX Original files,XX Original files,"","","","","",.pdf
"",06042020No2of20DavidJamesThurstonandKatherineElizabethThurston.pdf.pdf,Corporate/XX Original files/06042020No2of20DavidJamesThurstonandKatherineElizabethThurston.pdf.pdf,.pdf,0,0,"",XX Original files,XX Original files,XX Original files,XX Original files,"","","","","",.pdf
"",06042020No3of20KeithFerdinandMillerandHilkelinaLouisaMiller.pdf.pdf,Corporate/XX Original files/06042020No3of20KeithFerdinandMillerandHilkelinaLouisaMiller.pdf.pdf,.pdf,0,0,"",XX Original files,XX Original files,XX Original files,XX Original files,"","","","","",.pdf
"",06042020No4of20KeithFerdinandMillerandHilkelinaLouisaMiller.pdf.PDF,Corporate/XX Original files/06042020No4of20KeithFerdinandMillerandHilkelinaLouisaMiller.pdf.PDF,.PDF,0,0,"",XX Original files,XX Original files,XX Original files,XX Original files,"","","","","",.PDF
"",06042020No5of20KeithFerdinandMillerandHilkelinaLouisaMiller.pdf.pdf,Corporate/XX Original files/06042020No5of20KeithFerdinandMillerandHilkelinaLouisaMiller.pdf.pdf,.pdf,0,0,"",XX Original files,XX Original files,XX Original files,XX Original files,"","","","","",.pdf
"",06042020No6of20KeithFerdinandMillerandHilkelinaLouisaMiller.pdf.pdf,Corporate/XX Original files/06042020No6of20KeithFerdinandMillerandHilkelinaLouisaMiller.pdf.pdf,.pdf,0,0,"",XX Original files,XX Original files,XX Original files,XX Original files,"","","","","",.pdf
"",06042020No7of20KeithFerdinandMillerandHilkelinaLouisaMiller.pdf.pdf,Corporate/XX Original files/06042020No7of20KeithFerdinandMillerandHilkelinaLouisaMiller.pdf.pdf,.pdf,0,0,"",XX Original files,XX Original files,XX Original files,XX Original files,"","","","","",.pdf
"",06042020No8of20KeithFerdinandMillerandHilkelinaLouisaMiller.pdf.pdf,Corporate/XX Original files/06042020No8of20KeithFerdinandMillerandHilkelinaLouisaMiller.pdf.pdf,.pdf,0,0,"",XX Original files,XX Original files,XX Original files,XX Original files,"","","","","",.pdf
"",06042020No9of20BradleJohnGordonSamuelKeithGordonMatthewAlexanderGordon.pdf.pdf,Corporate/XX Original files/06042020No9of20BradleJohnGordonSamuelKeithGordonMatthewAlexanderGordon.pdf.pdf,.pdf,0,0,"",XX Original files,XX Original files,XX Original files,XX Original files,"","","","","",.pdf
"",General Ledger Detail 2020 FY.xlsx,Corporate/XX Original files/General Ledger Detail 2020 FY.xlsx,.xlsx,0,0,"",XX Original files,XX Original files,XX Original files,XX Original files,"","","","","",.xlsx
"",General Ledger Detail 2021 FY XERO.xlsx,Corporate/XX Original files/General Ledger Detail 2021 FY XERO.xlsx,.xlsx,0,0,"",XX Original files,XX Original files,XX Original files,XX Original files,"","","","","",.xlsx
"",General Ledger Detail 2022 FY XERO.xlsx,Corporate/XX Original files/General Ledger Detail 2022 FY XERO.xlsx,.xlsx,0,0,"",XX Original files,XX Original files,XX Original files,XX Original files,"","","","","",.xlsx
"",Livin the Dream  Financials 2019 & 2020 FY.pdf,Corporate/XX Original files/Livin the Dream  Financials 2019 & 2020 FY.pdf,.pdf,0,0,"",XX Original files,XX Original files,XX Original files,XX Original files,"","","","","",.pdf
"",Livin the Dream Balance Sheet 2021 & 2022 FY XERO.xlsx,Corporate/XX Original files/Livin the Dream Balance Sheet 2021 & 2022 FY XERO.xlsx,.xlsx,0,0,"",XX Original files,XX Original files,XX Original files,XX Original files,"","","","","",.xlsx
"",Livin the Dream Profit and Loss 2021 & 2022 FY XERO.xlsx,Corporate/XX Original files/Livin the Dream Profit and Loss 2021 & 2022 FY XERO.xlsx,.xlsx,0,0,"",XX Original files,XX Original files,XX Original files,XX Original files,"","","","","",.xlsx
"",Profit & Loss [Accrual] Livin the Dream 2019-20.pdf,Corporate/XX Original files/Profit & Loss [Accrual] Livin the Dream 2019-20.pdf,.pdf,0,0,"",XX Original files,XX Original files,XX Original files,XX Original files,"","","","","",.pdf
"",Standard Balance Sheet Livin the Dream 2020.pdf,Corporate/XX Original files/Standard Balance Sheet Livin the Dream 2020.pdf,.pdf,0,0,"",XX Original files,XX Original files,XX Original files,XX Original files,"","","","","",.pdf
"",1. 07 August 2020 Statement .pdf,Corporate/XX Original files/1. 07 August 2020 Statement .pdf,.pdf,0,0,"",XX Original files,XX Original files,XX Original files,XX Original files,"","","","","",.pdf
"",10. LTD - 07 May 2021 Statement  .pdf,Corporate/XX Original files/10. LTD - 07 May 2021 Statement  .pdf,.pdf,0,0,"",XX Original files,XX Original files,XX Original files,XX Original files,"","","","","",.pdf
"",11. LTD - 07 June 2021 Statement  .pdf,Corporate/XX Original files/11. LTD - 07 June 2021 Statement  .pdf,.pdf,0,0,"",XX Original files,XX Original files,XX Original files,XX Original files,"","","","","",.pdf
"",12. 07 July 2021 Statement  .pdf,Corporate/XX Original files/12. 07 July 2021 Statement  .pdf,.pdf,0,0,"",XX Original files,XX Original files,XX Original files,XX Original files,"","","","","",.pdf
"",2. 07 September 2020 Statement  .pdf,Corporate/XX Original files/2. 07 September 2020 Statement  .pdf,.pdf,0,0,"",XX Original files,XX Original files,XX Original files,XX Original files,"","","","","",.pdf
"",3. LTS - 07 October 2020 Statement .pdf,Corporate/XX Original files/3. LTS - 07 October 2020 Statement .pdf,.pdf,0,0,"",XX Original files,XX Original files,XX Original files,XX Original files,"","","","","",.pdf
"",4. LTD - 07 November 2020 Statement .pdf,Corporate/XX Original files/4. LTD - 07 November 2020 Statement .pdf,.pdf,0,0,"",XX Original files,XX Original files,XX Original files,XX Original files,"","","","","",.pdf
"",5. LTD - 07 December 2020 Statement  .pdf,Corporate/XX Original files/5. LTD - 07 December 2020 Statement  .pdf,.pdf,0,0,"",XX Original files,XX Original files,XX Original files,XX Original files,"","","","","",.pdf
"",6. LTD - 07 January 2021 Statement  .pdf,Corporate/XX Original files/6. LTD - 07 January 2021 Statement  .pdf,.pdf,0,0,"",XX Original files,XX Original files,XX Original files,XX Original files,"","","","","",.pdf
"",7. LTD - 07 February 2021 Statement  .pdf,Corporate/XX Original files/7. LTD - 07 February 2021 Statement  .pdf,.pdf,0,0,"",XX Original files,XX Original files,XX Original files,XX Original files,"","","","","",.pdf
"",8. LTD - 07 March 2021 Statement  .pdf,Corporate/XX Original files/8. LTD - 07 March 2021 Statement  .pdf,.pdf,0,0,"",XX Original files,XX Original files,XX Original files,XX Original files,"","","","","",.pdf
"",9. LTD - 07 April 2021 Statement  .pdf,Corporate/XX Original files/9. LTD - 07 April 2021 Statement  .pdf,.pdf,0,0,"",XX Original files,XX Original files,XX Original files,XX Original files,"","","","","",.pdf
"",1. LTD 07 July 2021 Statement .pdf,Corporate/XX Original files/1. LTD 07 July 2021 Statement .pdf,.pdf,0,0,"",XX Original files,XX Original files,XX Original files,XX Original files,"","","","","",.pdf
"",10. LTD - 07 April 2022 Statement .pdf,Corporate/XX Original files/10. LTD - 07 April 2022 Statement .pdf,.pdf,0,0,"",XX Original files,XX Original files,XX Original files,XX Original files,"","","","","",.pdf
"",11. LTD - 07 May 2022 Statement  .pdf,Corporate/XX Original files/11. LTD - 07 May 2022 Statement  .pdf,.pdf,0,0,"",XX Original files,XX Original files,XX Original files,XX Original files,"","","","","",.pdf
"",12. LTD - 07 June 2022 Statement  .pdf,Corporate/XX Original files/12. LTD - 07 June 2022 Statement  .pdf,.pdf,0,0,"",XX Original files,XX Original files,XX Original files,XX Original files,"","","","","",.pdf
"",13. LTD - 07 July 2022 Statement.pdf,Corporate/XX Original files/13. LTD - 07 July 2022 Statement.pdf,.pdf,0,0,"",XX Original files,XX Original files,XX Original files,XX Original files,"","","","","",.pdf
"",2. LTD - 07 August 2021 Statement .pdf,Corporate/XX Original files/2. LTD - 07 August 2021 Statement .pdf,.pdf,0,0,"",XX Original files,XX Original files,XX Original files,XX Original files,"","","","","",.pdf
"",3. LTD - 07 September 2021 Statement .pdf,Corporate/XX Original files/3. LTD - 07 September 2021 Statement .pdf,.pdf,0,0,"",XX Original files,XX Original files,XX Original files,XX Original files,"","","","","",.pdf
"",4. LTD - 07 October 2021 Statement  .pdf,Corporate/XX Original files/4. LTD - 07 October 2021 Statement  .pdf,.pdf,0,0,"",XX Original files,XX Original files,XX Original files,XX Original files,"","","","","",.pdf
"",5. LTD - 07 November 2021 Statement.pdf,Corporate/XX Original files/5. LTD - 07 November 2021 Statement.pdf,.pdf,0,0,"",XX Original files,XX Original files,XX Original files,XX Original files,"","","","","",.pdf
"",6. LTD - 07 December 2021 Statement  .pdf,Corporate/XX Original files/6. LTD - 07 December 2021 Statement  .pdf,.pdf,0,0,"",XX Original files,XX Original files,XX Original files,XX Original files,"","","","","",.pdf
"",7. LTD - 07 January 2022 Statement  .pdf,Corporate/XX Original files/7. LTD - 07 January 2022 Statement  .pdf,.pdf,0,0,"",XX Original files,XX Original files,XX Original files,XX Original files,"","","","","",.pdf
"",8. LTD - 07 February 2022 Statement .pdf,Corporate/XX Original files/8. LTD - 07 February 2022 Statement .pdf,.pdf,0,0,"",XX Original files,XX Original files,XX Original files,XX Original files,"","","","","",.pdf
"",9. LTD - 07 March 2022 Statement  .pdf,Corporate/XX Original files/9. LTD - 07 March 2022 Statement  .pdf,.pdf,0,0,"",XX Original files,XX Original files,XX Original files,XX Original files,"","","","","",.pdf
"",Capture.PNG,Corporate/XX Original files/Capture.PNG,.PNG,0,0,"",XX Original files,XX Original files,XX Original files,XX Original files,"","","","","",.PNG
"",LTD W’pac Investment Loan .pdf,Corporate/XX Original files/LTD W’pac Investment Loan .pdf,.pdf,0,0,"",XX Original files,XX Original files,XX Original files,XX Original files,"","","","","",.pdf
"",LTD W'Pac 29.03.2018-30.04.2018.pdf,Corporate/XX Original files/LTD W'Pac 29.03.2018-30.04.2018.pdf,.pdf,0,0,"",XX Original files,XX Original files,XX Original files,XX Original files,"","","","","",.pdf
"",LTD W'Pac 29.06.2018-31.07.2018.pdf,Corporate/XX Original files/LTD W'Pac 29.06.2018-31.07.2018.pdf,.pdf,0,0,"",XX Original files,XX Original files,XX Original files,XX Original files,"","","","","",.pdf
"",LTD W'Pac 29.12.2017-31.01.2018.pdf,Corporate/XX Original files/LTD W'Pac 29.12.2017-31.01.2018.pdf,.pdf,0,0,"",XX Original files,XX Original files,XX Original files,XX Original files,"","","","","",.pdf
"",LTD W'Pac 30.11.2017 - 29.12.2017.pdf,Corporate/XX Original files/LTD W'Pac 30.11.2017 - 29.12.2017.pdf,.pdf,0,0,"",XX Original files,XX Original files,XX Original files,XX Original files,"","","","","",.pdf
"",LTD W'Pac 31.01.2018-28.02.2018.pdf,Corporate/XX Original files/LTD W'Pac 31.01.2018-28.02.2018.pdf,.pdf,0,0,"",XX Original files,XX Original files,XX Original files,XX Original files,"","","","","",.pdf
"",LTD W'Pac 31.05.2019-28.06.2019.pdf,Corporate/XX Original files/LTD W'Pac 31.05.2019-28.06.2019.pdf,.pdf,0,0,"",XX Original files,XX Original files,XX Original files,XX Original files,"","","","","",.pdf
"",[00031]-[887601460]-[28-09-2018].pdf,Corporate/XX Original files/[00031]-[887601460]-[28-09-2018].pdf,.pdf,0,0,"",XX Original files,XX Original files,XX Original files,XX Original files,"","","","","",.pdf
"",[00032]-[887601460]-[31-12-2018].pdf,Corporate/XX Original files/[00032]-[887601460]-[31-12-2018].pdf,.pdf,0,0,"",XX Original files,XX Original files,XX Original files,XX Original files,"","","","","",.pdf
"",[00033]-[887601460]-[29-03-2019].pdf,Corporate/XX Original files/[00033]-[887601460]-[29-03-2019].pdf,.pdf,0,0,"",XX Original files,XX Original files,XX Original files,XX Original files,"","","","","",.pdf
"",[00034]-[887601460]-[28-06-2019].pdf,Corporate/XX Original files/[00034]-[887601460]-[28-06-2019].pdf,.pdf,0,0,"",XX Original files,XX Original files,XX Original files,XX Original files,"","","","","",.pdf
"",[00035]-[887601460]-[30-09-2019].pdf,Corporate/XX Original files/[00035]-[887601460]-[30-09-2019].pdf,.pdf,0,0,"",XX Original files,XX Original files,XX Original files,XX Original files,"","","","","",.pdf
"",[00036]-[887601460]-[31-12-2019].pdf,Corporate/XX Original files/[00036]-[887601460]-[31-12-2019].pdf,.pdf,0,0,"",XX Original files,XX Original files,XX Original files,XX Original files,"","","","","",.pdf
"",[00037]-[887601460]-[20-01-2020].pdf,Corporate/XX Original files/[00037]-[887601460]-[20-01-2020].pdf,.pdf,0,0,"",XX Original files,XX Original files,XX Original files,XX Original files,"","","","","",.pdf
"",[00038]-[887601460]-[31-03-2020].pdf,Corporate/XX Original files/[00038]-[887601460]-[31-03-2020].pdf,.pdf,0,0,"",XX Original files,XX Original files,XX Original files,XX Original files,"","","","","",.pdf
"",[00039]-[887601460]-[30-06-2020].pdf,Corporate/XX Original files/[00039]-[887601460]-[30-06-2020].pdf,.pdf,0,0,"",XX Original files,XX Original files,XX Original files,XX Original files,"","","","","",.pdf
"",[00040]-[887601460]-[30-09-2020].pdf,Corporate/XX Original files/[00040]-[887601460]-[30-09-2020].pdf,.pdf,0,0,"",XX Original files,XX Original files,XX Original files,XX Original files,"","","","","",.pdf
"",[00041]-[887601460]-[31-12-2020].pdf,Corporate/XX Original files/[00041]-[887601460]-[31-12-2020].pdf,.pdf,0,0,"",XX Original files,XX Original files,XX Original files,XX Original files,"","","","","",.pdf
"",[00042]-[887601460]-[31-03-2021].pdf,Corporate/XX Original files/[00042]-[887601460]-[31-03-2021].pdf,.pdf,0,0,"",XX Original files,XX Original files,XX Original files,XX Original files,"","","","","",.pdf
"",[00043]-[887601460]-[30-06-2021].pdf,Corporate/XX Original files/[00043]-[887601460]-[30-06-2021].pdf,.pdf,0,0,"",XX Original files,XX Original files,XX Original files,XX Original files,"","","","","",.pdf
"",[00044]-[887601460]-[30-09-2021].pdf,Corporate/XX Original files/[00044]-[887601460]-[30-09-2021].pdf,.pdf,0,0,"",XX Original files,XX Original files,XX Original files,XX Original files,"","","","","",.pdf
"",[00045]-[887601460]-[05-10-2021].pdf,Corporate/XX Original files/[00045]-[887601460]-[05-10-2021].pdf,.pdf,0,0,"",XX Original files,XX Original files,XX Original files,XX Original files,"","","","","",.pdf
"",Livin the Dream Account Authority.pdf,Corporate/XX Original files/Livin the Dream Account Authority.pdf,.pdf,0,0,"",XX Original files,XX Original files,XX Original files,XX Original files,"","","","","",.pdf
"",LTD BOQ FY20-21 Statements.pdf,Corporate/XX Original files/LTD BOQ FY20-21 Statements.pdf,.pdf,0,0,"",XX Original files,XX Original files,XX Original files,XX Original files,"","","","","",.pdf
"",LTD BOQ FY21-22 Statements.pdf,Corporate/XX Original files/LTD BOQ FY21-22 Statements.pdf,.pdf,0,0,"",XX Original files,XX Original files,XX Original files,XX Original files,"","","","","",.pdf
"",Bank Account.docx,Corporate/XX Original files/Bank Account.docx,.docx,0,0,"",XX Original files,XX Original files,XX Original files,XX Original files,"","","","","",.docx
"",Livin the Dream Account Authority.pdf,Corporate/XX Original files/Livin the Dream Account Authority.pdf,.pdf,0,0,"",XX Original files,XX Original files,XX Original files,XX Original files,"","","","","",.pdf
"",LTD BOQ FY18-19 Statements for Acc 21446468  .pdf,Corporate/XX Original files/LTD BOQ FY18-19 Statements for Acc 21446468  .pdf,.pdf,0,0,"",XX Original files,XX Original files,XX Original files,XX Original files,"","","","","",.pdf
"",LTD BOQ FY19-20 Statements for Acc 21446468  .pdf,Corporate/XX Original files/LTD BOQ FY19-20 Statements for Acc 21446468  .pdf,.pdf,0,0,"",XX Original files,XX Original files,XX Original files,XX Original files,"","","","","",.pdf
"",LTD BOQ FY20-21 Statements for Acc 23078385.pdf,Corporate/XX Original files/LTD BOQ FY20-21 Statements for Acc 23078385.pdf,.pdf,0,0,"",XX Original files,XX Original files,XX Original files,XX Original files,"","","","","",.pdf
"",LTD BOQ FY21-22 Statements for Acc 23078385.pdf,Corporate/XX Original files/LTD BOQ FY21-22 Statements for Acc 23078385.pdf,.pdf,0,0,"",XX Original files,XX Original files,XX Original files,XX Original files,"","","","","",.pdf
"",20230619_Livin the Dream_Review Commencement letter and RFI.docx,Corporate/XX Original files/20230619_Livin the Dream_Review Commencement letter and RFI.docx,.docx,0,0,"",XX Original files,XX Original files,XX Original files,XX Original files,"","","","","",.docx
"",20230619_Livin the Dream_Review Commencement letter and RFI.pdf,Corporate/XX Original files/20230619_Livin the Dream_Review Commencement letter and RFI.pdf,.pdf,0,0,"",XX Original files,XX Original files,XX Original files,XX Original files,"","","","","",.pdf
"",ASIC 30052019 LTD James Address Changed.pdf,Corporate/XX Original files/ASIC 30052019 LTD James Address Changed.pdf,.pdf,0,0,"",XX Original files,XX Original files,XX Original files,XX Original files,"","","","","",.pdf
"",ATO Questions  And Answers In Word.docx,Corporate/XX Original files/ATO Questions  And Answers In Word.docx,.docx,0,0,"",XX Original files,XX Original files,XX Original files,XX Original files,"","","","","",.docx
"",How do we go about the debt forgiveness from the promise this is strike off by ASIC.xlsx,Corporate/XX Original files/How do we go about the debt forgiveness from the promise this is strike off by ASIC.xlsx,.xlsx,0,0,"",XX Original files,XX Original files,XX Original files,XX Original files,"","","","","",.xlsx
"",LYW Loan.xlsx,Corporate/XX Original files/LYW Loan.xlsx,.xlsx,0,0,"",XX Original files,XX Original files,XX Original files,XX Original files,"","","","","",.xlsx
"",Resolution 6 - The Promise -Debt Forgiveness to LTD - Resolution of Members.pdf,Corporate/XX Original files/Resolution 6 - The Promise -Debt Forgiveness to LTD - Resolution of Members.pdf,.pdf,0,0,"",XX Original files,XX Original files,XX Original files,XX Original files,"","","","","",.pdf
"",Time Line of Livin the Dream.xlsx,Corporate/XX Original files/Time Line of Livin the Dream.xlsx,.xlsx,0,0,"",XX Original files,XX Original files,XX Original files,XX Original files,"","","","","",.xlsx
"",Use Loans FY 19.xlsx,Corporate/XX Original files/Use Loans FY 19.xlsx,.xlsx,0,0,"",XX Original files,XX Original files,XX Original files,XX Original files,"","","","","",.xlsx
"",Use Loans FY 20.xlsx,Corporate/XX Original files/Use Loans FY 20.xlsx,.xlsx,0,0,"",XX Original files,XX Original files,XX Original files,XX Original files,"","","","","",.xlsx
"",Use Loans FY 21.xlsx,Corporate/XX Original files/Use Loans FY 21.xlsx,.xlsx,0,0,"",XX Original files,XX Original files,XX Original files,XX Original files,"","","","","",.xlsx
"",Different Methods Used Depreciation.xlsx,Corporate/XX Original files/Different Methods Used Depreciation.xlsx,.xlsx,0,0,"",XX Original files,XX Original files,XX Original files,XX Original files,"","","","","",.xlsx
"",1di - Orginal Livin The Dream Constitution called After Work Hire.pdf,Corporate/XX Original files/1di - Orginal Livin The Dream Constitution called After Work Hire.pdf,.pdf,0,0,"",XX Original files,XX Original files,XX Original files,XX Original files,"","","","","",.pdf
"",1dii - Constitution-Livin the Dream-LYW.docx,Corporate/XX Original files/1dii - Constitution-Livin the Dream-LYW.docx,.docx,0,0,"",XX Original files,XX Original files,XX Original files,XX Original files,"","","","","",.docx
"",B 01 Current - Homes of Hope Limited Constitution.pdf,Corporate/XX Original files/B 01 Current - Homes of Hope Limited Constitution.pdf,.pdf,0,0,"",XX Original files,XX Original files,XX Original files,XX Original files,"","","","","",.pdf
"",B 01 Original - Homes of Hope Limited Constitution.pdf,Corporate/XX Original files/B 01 Original - Homes of Hope Limited Constitution.pdf,.pdf,0,0,"",XX Original files,XX Original files,XX Original files,XX Original files,"","","","","",.pdf
"",Constitution-Livin the Dream-HOH.docx,Corporate/XX Original files/Constitution-Livin the Dream-HOH.docx,.docx,0,0,"",XX Original files,XX Original files,XX Original files,XX Original files,"","","","","",.docx
"",Resolution 6 - The Promise -Debt Forgiveness to LTD - Resolution of Members.pdf,Corporate/XX Original files/Resolution 6 - The Promise -Debt Forgiveness to LTD - Resolution of Members.pdf,.pdf,0,0,"",XX Original files,XX Original files,XX Original files,XX Original files,"","","","","",.pdf
"",Copy of Promissory Note 1.pdf,Corporate/XX Original files/Copy of Promissory Note 1.pdf,.pdf,0,0,"",XX Original files,XX Original files,XX Original files,XX Original files,"","","","","",.pdf
"",Copy of Promissory Note 2.pdf,Corporate/XX Original files/Copy of Promissory Note 2.pdf,.pdf,0,0,"",XX Original files,XX Original files,XX Original files,XX Original files,"","","","","",.pdf
"",Copy of register of Lenders.pdf,Corporate/XX Original files/Copy of register of Lenders.pdf,.pdf,0,0,"",XX Original files,XX Original files,XX Original files,XX Original files,"","","","","",.pdf
"",Time Line.docx,Corporate/XX Original files/Time Line.docx,.docx,0,0,"",XX Original files,XX Original files,XX Original files,XX Original files,"","","","","",.docx
"",Time Line.xlsx,Corporate/XX Original files/Time Line.xlsx,.xlsx,0,0,"",XX Original files,XX Original files,XX Original files,XX Original files,"","","","","",.xlsx
"",History and notes (2).xlsx,Corporate/XX Original files/History and notes (2).xlsx,.xlsx,0,0,"",XX Original files,XX Original files,XX Original files,XX Original files,"","","","","",.xlsx
"",History and notes Q22.xlsx,Corporate/XX Original files/History and notes Q22.xlsx,.xlsx,0,0,"",XX Original files,XX Original files,XX Original files,XX Original files,"","","","","",.xlsx
"",Import Data Example.PNG,Corporate/XX Original files/Import Data Example.PNG,.PNG,0,0,"",XX Original files,XX Original files,XX Original files,XX Original files,"","","","","",.PNG
"",REN MV QBE - VEHICLE SCHEDULE.xls,Corporate/XX Original files/REN MV QBE - VEHICLE SCHEDULE.xls,.xls,0,0,"",XX Original files,XX Original files,XX Original files,XX Original files,"","","","","",.xls
"",Vertex Commercial Motor Vehicle Multi-Client Invoice D056702-002.pdf,Corporate/XX Original files/Vertex Commercial Motor Vehicle Multi-Client Invoice D056702-002.pdf,.pdf,0,0,"",XX Original files,XX Original files,XX Original files,XX Original files,"","","","","",.pdf
"",Vertex Commercial Motor Vehicle Policy Schedule D056702-000.pdf,Corporate/XX Original files/Vertex Commercial Motor Vehicle Policy Schedule D056702-000.pdf,.pdf,0,0,"",XX Original files,XX Original files,XX Original files,XX Original files,"","","","","",.pdf
"",Trail of jounal entries showing money paid to Privium Homes.docx,Corporate/XX Original files/Trail of jounal entries showing money paid to Privium Homes.docx,.docx,0,0,"",XX Original files,XX Original files,XX Original files,XX Original files,"","","","","",.docx
"",Depreciation Schedule Moogerah.pdf,Corporate/XX Original files/Depreciation Schedule Moogerah.pdf,.pdf,0,0,"",XX Original files,XX Original files,XX Original files,XX Original files,"","","","","",.pdf
"",20231003_Second RFI_Livin The Dream Pty Ltd.docx,Corporate/XX Original files/20231003_Second RFI_Livin The Dream Pty Ltd.docx,.docx,0,0,"",XX Original files,XX Original files,XX Original files,XX Original files,"","","","","",.docx
"",20231003_Second RFI_Livin The Dream Pty Ltd.pdf,Corporate/XX Original files/20231003_Second RFI_Livin The Dream Pty Ltd.pdf,.pdf,0,0,"",XX Original files,XX Original files,XX Original files,XX Original files,"","","","","",.pdf
"",Questions for ATO.xlsx,Corporate/XX Original files/Questions for ATO.xlsx,.xlsx,0,0,"",XX Original files,XX Original files,XX Original files,XX Original files,"","","","","",.xlsx
"",Response Second RFI_Livin The Dream Pty Ltd.docx,Corporate/XX Original files/Response Second RFI_Livin The Dream Pty Ltd.docx,.docx,0,0,"",XX Original files,XX Original files,XX Original files,XX Original files,"","","","","",.docx
"",1.1 Signed - Bare Trust Deed LYW.pdf,Corporate/XX Original files/1.1 Signed - Bare Trust Deed LYW.pdf,.pdf,0,0,"",XX Original files,XX Original files,XX Original files,XX Original files,"","","","","",.pdf
"",1-2 Promise 201.pdf,Corporate/XX Original files/1-2 Promise 201.pdf,.pdf,0,0,"",XX Original files,XX Original files,XX Original files,XX Original files,"","","","","",.pdf
"",1-3 The Promise 484-1.pdf,Corporate/XX Original files/1-3 The Promise 484-1.pdf,.pdf,0,0,"",XX Original files,XX Original files,XX Original files,XX Original files,"","","","","",.pdf
"",1-4 The Promise Pty Ltd C&H ASIC Search.pdf,Corporate/XX Original files/1-4 The Promise Pty Ltd C&H ASIC Search.pdf,.pdf,0,0,"",XX Original files,XX Original files,XX Original files,XX Original files,"","","","","",.pdf
"",3.1 Money Going to Rock Invest Bank.pdf,Corporate/XX Original files/3.1 Money Going to Rock Invest Bank.pdf,.pdf,0,0,"",XX Original files,XX Original files,XX Original files,XX Original files,"","","","","",.pdf
"",3.2 Recon going into Rock Invest Account.pdf,Corporate/XX Original files/3.2 Recon going into Rock Invest Account.pdf,.pdf,0,0,"",XX Original files,XX Original files,XX Original files,XX Original files,"","","","","",.pdf
"",3.3 LYW loan from Rock Invest QLD .pdf,Corporate/XX Original files/3.3 LYW loan from Rock Invest QLD .pdf,.pdf,0,0,"",XX Original files,XX Original files,XX Original files,XX Original files,"","","","","",.pdf
"",3.4 LYW to W2G Loan Journal Balance.pdf,Corporate/XX Original files/3.4 LYW to W2G Loan Journal Balance.pdf,.pdf,0,0,"",XX Original files,XX Original files,XX Original files,XX Original files,"","","","","",.pdf
"",3.5 W2G Loan Journal Balance With LYW.pdf,Corporate/XX Original files/3.5 W2G Loan Journal Balance With LYW.pdf,.pdf,0,0,"",XX Original files,XX Original files,XX Original files,XX Original files,"","","","","",.pdf
"",6.1 Payment 534k BPS Financials from LYW.pdf,Corporate/XX Original files/6.1 Payment 534k BPS Financials from LYW.pdf,.pdf,0,0,"",XX Original files,XX Original files,XX Original files,XX Original files,"","","","","",.pdf
"",6.2 Repayment of BPS 418k 24062021.pdf,Corporate/XX Original files/6.2 Repayment of BPS 418k 24062021.pdf,.pdf,0,0,"",XX Original files,XX Original files,XX Original files,XX Original files,"","","","","",.pdf
"",6.3 LYW BOQ Statement 18.06.21 TO 17.07.21.pdf,Corporate/XX Original files/6.3 LYW BOQ Statement 18.06.21 TO 17.07.21.pdf,.pdf,0,0,"",XX Original files,XX Original files,XX Original files,XX Original files,"","","","","",.pdf
"",7.1 Payment 800k From LYW Bank to W2G Assets .pdf,Corporate/XX Original files/7.1 Payment 800k From LYW Bank to W2G Assets .pdf,.pdf,0,0,"",XX Original files,XX Original files,XX Original files,XX Original files,"","","","","",.pdf
"",7.2 W2G Assets NAB Trade Account - CashStatement_NT2400790-87470_21-07-10_1707569713203.pdf,Corporate/XX Original files/7.2 W2G Assets NAB Trade Account - CashStatement_NT2400790-87470_21-07-10_1707569713203.pdf,.pdf,0,0,"",XX Original files,XX Original files,XX Original files,XX Original files,"","","","","",.pdf
"",8.1 MYOB Value Search.pdf,Corporate/XX Original files/8.1 MYOB Value Search.pdf,.pdf,0,0,"",XX Original files,XX Original files,XX Original files,XX Original files,"","","","","",.pdf
"",Response to Neumann and Turnour 10-5-3.pdf,Corporate/XX Original files/Response to Neumann and Turnour 10-5-3.pdf,.pdf,0,0,"",XX Original files,XX Original files,XX Original files,XX Original files,"","","","","",.pdf
"",2021 HOH Financials and Tax Return - signed.pdf,Corporate/XX Original files/2021 HOH Financials and Tax Return - signed.pdf,.pdf,0,0,"",XX Original files,XX Original files,XX Original files,XX Original files,"","","","","",.pdf
"",2021 HOH Financials and Tax Return.pdf,Corporate/XX Original files/2021 HOH Financials and Tax Return.pdf,.pdf,0,0,"",XX Original files,XX Original files,XX Original files,XX Original files,"","","","","",.pdf
"",2021 Homes of Hope Consolidated Financials - Signed.pdf,Corporate/XX Original files/2021 Homes of Hope Consolidated Financials - Signed.pdf,.pdf,0,0,"",XX Original files,XX Original files,XX Original files,XX Original files,"","","","","",.pdf
"",Next_Steps_Global_Pty_Ltd_-_Balance_Sheet 2021.xlsx,Corporate/XX Original files/Next_Steps_Global_Pty_Ltd_-_Balance_Sheet 2021.xlsx,.xlsx,0,0,"",XX Original files,XX Original files,XX Original files,XX Original files,"","","","","",.xlsx
"",Next_Steps_Global_Pty_Ltd_-_Profit_and_Loss 2021.xlsx,Corporate/XX Original files/Next_Steps_Global_Pty_Ltd_-_Profit_and_Loss 2021.xlsx,.xlsx,0,0,"",XX Original files,XX Original files,XX Original files,XX Original files,"","","","","",.xlsx
"",FY 2021 Homes Of Hope Consolidated Financials - Unsigned.pdf,Corporate/XX Original files/FY 2021 Homes Of Hope Consolidated Financials - Unsigned.pdf,.pdf,0,0,"",XX Original files,XX Original files,XX Original files,XX Original files,"","","","","",.pdf
"",HOH Consolidated - Company Financials 2021.xlsx,Corporate/XX Original files/HOH Consolidated - Company Financials 2021.xlsx,.xlsx,0,0,"",XX Original files,XX Original files,XX Original files,XX Original files,"","","","","",.xlsx
"",Homes Of Hope Consolidated 2021 - All Companies.xlsx,Corporate/XX Original files/Homes Of Hope Consolidated 2021 - All Companies.xlsx,.xlsx,0,0,"",XX Original files,XX Original files,XX Original files,XX Original files,"","","","","",.xlsx
"",Homes_Of_Hope_Ltd_-_Balance_Sheet 2021.xlsx,Corporate/XX Original files/Homes_Of_Hope_Ltd_-_Balance_Sheet 2021.xlsx,.xlsx,0,0,"",XX Original files,XX Original files,XX Original files,XX Original files,"","","","","",.xlsx
"",Homes_Of_Hope_Ltd_-_Profit_and_Loss 2021.xlsx,Corporate/XX Original files/Homes_Of_Hope_Ltd_-_Profit_and_Loss 2021.xlsx,.xlsx,0,0,"",XX Original files,XX Original files,XX Original files,XX Original files,"","","","","",.xlsx
"",Livin_the_Dream_Pty_Ltd_-_Balance_Sheet 2021.xlsx,Corporate/XX Original files/Livin_the_Dream_Pty_Ltd_-_Balance_Sheet 2021.xlsx,.xlsx,0,0,"",XX Original files,XX Original files,XX Original files,XX Original files,"","","","","",.xlsx
"",Livin_the_Dream_Pty_Ltd_-_Profit_and_Loss 2021.xlsx,Corporate/XX Original files/Livin_the_Dream_Pty_Ltd_-_Profit_and_Loss 2021.xlsx,.xlsx,0,0,"",XX Original files,XX Original files,XX Original files,XX Original files,"","","","","",.xlsx
"",Activate your secured party group - 103394294.pdf,Corporate/XX Original files/Activate your secured party group - 103394294.pdf,.pdf,0,0,"",XX Original files,XX Original files,XX Original files,XX Original files,"","","","","",.pdf
"",Gen2612 - HOH - LYW - Div-7A Loan Agreement.docx,Corporate/XX Original files/Gen2612 - HOH - LYW - Div-7A Loan Agreement.docx,.docx,0,0,"",XX Original files,XX Original files,XX Original files,XX Original files,"","","","","",.docx
"",Gen2612 Security Document over HOH.docx,Corporate/XX Original files/Gen2612 Security Document over HOH.docx,.docx,0,0,"",XX Original files,XX Original files,XX Original files,XX Original files,"","","","","",.docx
"",HOH Charity.docx,Corporate/XX Original files/HOH Charity.docx,.docx,0,0,"",XX Original files,XX Original files,XX Original files,XX Original files,"","","","","",.docx
"",HOH Security Document over LYW.docx,Corporate/XX Original files/HOH Security Document over LYW.docx,.docx,0,0,"",XX Original files,XX Original files,XX Original files,XX Original files,"","","","","",.docx
"",Homes Of Hope - Livin The Dream - Div-7A Loan Agreement.docx,Corporate/XX Original files/Homes Of Hope - Livin The Dream - Div-7A Loan Agreement.docx,.docx,0,0,"",XX Original files,XX Original files,XX Original files,XX Original files,"","","","","",.docx
"",Homes Of Hope - Livin The Dream - Div-7A Loan Agreement.pdf,Corporate/XX Original files/Homes Of Hope - Livin The Dream - Div-7A Loan Agreement.pdf,.pdf,0,0,"",XX Original files,XX Original files,XX Original files,XX Original files,"","","","","",.pdf
"",Livin The Dream - Homes Of Hope - Div-7A Loan Agreement.docx,Corporate/XX Original files/Livin The Dream - Homes Of Hope - Div-7A Loan Agreement.docx,.docx,0,0,"",XX Original files,XX Original files,XX Original files,XX Original files,"","","","","",.docx
"",Livin The Dream - Homes Of Hope - Div-7A Loan Agreement.pdf,Corporate/XX Original files/Livin The Dream - Homes Of Hope - Div-7A Loan Agreement.pdf,.pdf,0,0,"",XX Original files,XX Original files,XX Original files,XX Original files,"","","","","",.pdf
"",Moogerah Lakeside Retreat Trust Deed.pdf,Corporate/XX Original files/Moogerah Lakeside Retreat Trust Deed.pdf,.pdf,0,0,"",XX Original files,XX Original files,XX Original files,XX Original files,"","","","","",.pdf
"",Security Doc Homes of Hope Over Love Your World - Signed.pdf,Corporate/XX Original files/Security Doc Homes of Hope Over Love Your World - Signed.pdf,.pdf,0,0,"",XX Original files,XX Original files,XX Original files,XX Original files,"","","","","",.pdf
"",Security Doc Homes of Hope Over Love Your World.pdf,Corporate/XX Original files/Security Doc Homes of Hope Over Love Your World.pdf,.pdf,0,0,"",XX Original files,XX Original files,XX Original files,XX Original files,"","","","","",.pdf
"",Token Issued for 202212150066185.pdf,Corporate/XX Original files/Token Issued for 202212150066185.pdf,.pdf,0,0,"",XX Original files,XX Original files,XX Original files,XX Original files,"","","","","",.pdf
"",Verification statement for 202212150066185.pdf,Corporate/XX Original files/Verification statement for 202212150066185.pdf,.pdf,0,0,"",XX Original files,XX Original files,XX Original files,XX Original files,"","","","","",.pdf
"",Homes Of Hope consolidated 2021 FY. Done xlsx.xlsx,Corporate/XX Original files/Homes Of Hope consolidated 2021 FY. Done xlsx.xlsx,.xlsx,0,0,"",XX Original files,XX Original files,XX Original files,XX Original files,"","","","","",.xlsx
"",Next Steps Global - Company Financials.xlsx,Corporate/XX Original files/Next Steps Global - Company Financials.xlsx,.xlsx,0,0,"",XX Original files,XX Original files,XX Original files,XX Original files,"","","","","",.xlsx
"",FY 2022 Homes Of Hope Conslidated Financials - Unsigned.pdf,Corporate/XX Original files/FY 2022 Homes Of Hope Conslidated Financials - Unsigned.pdf,.pdf,0,0,"",XX Original files,XX Original files,XX Original files,XX Original files,"","","","","",.pdf
"",Homes Of Hope - LYW - Div-7A Loan Agreement - signed (1).pdf,Corporate/XX Original files/Homes Of Hope - LYW - Div-7A Loan Agreement - signed (1).pdf,.pdf,0,0,"",XX Original files,XX Original files,XX Original files,XX Original files,"","","","","",.pdf
"",Homes Of Hope Consolidated - Company Financials 2022.xlsx,Corporate/XX Original files/Homes Of Hope Consolidated - Company Financials 2022.xlsx,.xlsx,0,0,"",XX Original files,XX Original files,XX Original files,XX Original files,"","","","","",.xlsx
"",Homes Of Hope consolidated 2022 - All Companies.xlsx,Corporate/XX Original files/Homes Of Hope consolidated 2022 - All Companies.xlsx,.xlsx,0,0,"",XX Original files,XX Original files,XX Original files,XX Original files,"","","","","",.xlsx
"",Homes_Of_Hope_Ltd_-_Balance_Sheet 2022.xlsx,Corporate/XX Original files/Homes_Of_Hope_Ltd_-_Balance_Sheet 2022.xlsx,.xlsx,0,0,"",XX Original files,XX Original files,XX Original files,XX Original files,"","","","","",.xlsx
"",Homes_Of_Hope_Ltd_-_Profit_and_Loss 2022.xlsx,Corporate/XX Original files/Homes_Of_Hope_Ltd_-_Profit_and_Loss 2022.xlsx,.xlsx,0,0,"",XX Original files,XX Original files,XX Original files,XX Original files,"","","","","",.xlsx
"",Livin_the_Dream_Pty_Ltd_-_Balance_Sheet 2022.xlsx,Corporate/XX Original files/Livin_the_Dream_Pty_Ltd_-_Balance_Sheet 2022.xlsx,.xlsx,0,0,"",XX Original files,XX Original files,XX Original files,XX Original files,"","","","","",.xlsx
"",Livin_the_Dream_Pty_Ltd_-_Profit_and_Loss 2022.xlsx,Corporate/XX Original files/Livin_the_Dream_Pty_Ltd_-_Profit_and_Loss 2022.xlsx,.xlsx,0,0,"",XX Original files,XX Original files,XX Original files,XX Original files,"","","","","",.xlsx
"",03 August 2021 Statement.pdf,Corporate/XX Original files/03 August 2021 Statement.pdf,.pdf,0,0,"",XX Original files,XX Original files,XX Original files,XX Original files,"","","","","",.pdf
"",03 December 2021 Statement.pdf,Corporate/XX Original files/03 December 2021 Statement.pdf,.pdf,0,0,"",XX Original files,XX Original files,XX Original files,XX Original files,"","","","","",.pdf
"",03 February 2022 Statement.pdf,Corporate/XX Original files/03 February 2022 Statement.pdf,.pdf,0,0,"",XX Original files,XX Original files,XX Original files,XX Original files,"","","","","",.pdf
"",03 January 2022 Statement.pdf,Corporate/XX Original files/03 January 2022 Statement.pdf,.pdf,0,0,"",XX Original files,XX Original files,XX Original files,XX Original files,"","","","","",.pdf
"",03 July 2021 Statement.pdf,Corporate/XX Original files/03 July 2021 Statement.pdf,.pdf,0,0,"",XX Original files,XX Original files,XX Original files,XX Original files,"","","","","",.pdf
"",03 March 2022 Statement.pdf,Corporate/XX Original files/03 March 2022 Statement.pdf,.pdf,0,0,"",XX Original files,XX Original files,XX Original files,XX Original files,"","","","","",.pdf
"",03 November 2021 Statement.pdf,Corporate/XX Original files/03 November 2021 Statement.pdf,.pdf,0,0,"",XX Original files,XX Original files,XX Original files,XX Original files,"","","","","",.pdf
"",03 October 2021 Statement.pdf,Corporate/XX Original files/03 October 2021 Statement.pdf,.pdf,0,0,"",XX Original files,XX Original files,XX Original files,XX Original files,"","","","","",.pdf
"",03 September 2021 Statement.pdf,Corporate/XX Original files/03 September 2021 Statement.pdf,.pdf,0,0,"",XX Original files,XX Original files,XX Original files,XX Original files,"","","","","",.pdf
"",07 April 2021 Statement.pdf,Corporate/XX Original files/07 April 2021 Statement.pdf,.pdf,0,0,"",XX Original files,XX Original files,XX Original files,XX Original files,"","","","","",.pdf
"",07 August 2020 Statement.pdf,Corporate/XX Original files/07 August 2020 Statement.pdf,.pdf,0,0,"",XX Original files,XX Original files,XX Original files,XX Original files,"","","","","",.pdf
"",07 December 2020 Statement.pdf,Corporate/XX Original files/07 December 2020 Statement.pdf,.pdf,0,0,"",XX Original files,XX Original files,XX Original files,XX Original files,"","","","","",.pdf
"",07 February 2021 Statement.pdf,Corporate/XX Original files/07 February 2021 Statement.pdf,.pdf,0,0,"",XX Original files,XX Original files,XX Original files,XX Original files,"","","","","",.pdf
"",07 January 2021 Statement.pdf,Corporate/XX Original files/07 January 2021 Statement.pdf,.pdf,0,0,"",XX Original files,XX Original files,XX Original files,XX Original files,"","","","","",.pdf
"",07 July 2021 Statement.pdf,Corporate/XX Original files/07 July 2021 Statement.pdf,.pdf,0,0,"",XX Original files,XX Original files,XX Original files,XX Original files,"","","","","",.pdf
"",07 June 2021 Statement.pdf,Corporate/XX Original files/07 June 2021 Statement.pdf,.pdf,0,0,"",XX Original files,XX Original files,XX Original files,XX Original files,"","","","","",.pdf
"",07 March 2021 Statement.pdf,Corporate/XX Original files/07 March 2021 Statement.pdf,.pdf,0,0,"",XX Original files,XX Original files,XX Original files,XX Original files,"","","","","",.pdf
"",07 May 2021 Statement.pdf,Corporate/XX Original files/07 May 2021 Statement.pdf,.pdf,0,0,"",XX Original files,XX Original files,XX Original files,XX Original files,"","","","","",.pdf
"",07 November 2020 Statement.pdf,Corporate/XX Original files/07 November 2020 Statement.pdf,.pdf,0,0,"",XX Original files,XX Original files,XX Original files,XX Original files,"","","","","",.pdf
"",07 October 2020 Statement.pdf,Corporate/XX Original files/07 October 2020 Statement.pdf,.pdf,0,0,"",XX Original files,XX Original files,XX Original files,XX Original files,"","","","","",.pdf
"",07 September 2020 Statement.pdf,Corporate/XX Original files/07 September 2020 Statement.pdf,.pdf,0,0,"",XX Original files,XX Original files,XX Original files,XX Original files,"","","","","",.pdf
"",06042020No10of20SamuelJamesHarder.pdf.pdf,Corporate/XX Original files/06042020No10of20SamuelJamesHarder.pdf.pdf,.pdf,0,0,"",XX Original files,XX Original files,XX Original files,XX Original files,"","","","","",.pdf
"",06042020No11of20SamuelJamesHarder.pdf.pdf,Corporate/XX Original files/06042020No11of20SamuelJamesHarder.pdf.pdf,.pdf,0,0,"",XX Original files,XX Original files,XX Original files,XX Original files,"","","","","",.pdf
"",06042020No1of20DavidJamesThurstonandKatherineElizabethThurston.pdf.pdf,Corporate/XX Original files/06042020No1of20DavidJamesThurstonandKatherineElizabethThurston.pdf.pdf,.pdf,0,0,"",XX Original files,XX Original files,XX Original files,XX Original files,"","","","","",.pdf
"",06042020No2of20DavidJamesThurstonandKatherineElizabethThurston.pdf.pdf,Corporate/XX Original files/06042020No2of20DavidJamesThurstonandKatherineElizabethThurston.pdf.pdf,.pdf,0,0,"",XX Original files,XX Original files,XX Original files,XX Original files,"","","","","",.pdf
"",HTW report Lake Moogerah Rd Moogerah.pdf,Corporate/XX Original files/HTW report Lake Moogerah Rd Moogerah.pdf,.pdf,0,0,"",XX Original files,XX Original files,XX Original files,XX Original files,"","","","","",.pdf
"",Different Methods Used Depreciation.xlsx,Corporate/XX Original files/Different Methods Used Depreciation.xlsx,.xlsx,0,0,"",XX Original files,XX Original files,XX Original files,XX Original files,"","","","","",.xlsx
"",REN MV QBE - VEHICLE SCHEDULE.xls,Corporate/XX Original files/REN MV QBE - VEHICLE SCHEDULE.xls,.xls,0,0,"",XX Original files,XX Original files,XX Original files,XX Original files,"","","","","",.xls
"",Vertex Commercial Motor Vehicle Multi-Client Invoice D056702-002.pdf,Corporate/XX Original files/Vertex Commercial Motor Vehicle Multi-Client Invoice D056702-002.pdf,.pdf,0,0,"",XX Original files,XX Original files,XX Original files,XX Original files,"","","","","",.pdf
"",Vertex Commercial Motor Vehicle Policy Schedule D056702-000.pdf,Corporate/XX Original files/Vertex Commercial Motor Vehicle Policy Schedule D056702-000.pdf,.pdf,0,0,"",XX Original files,XX Original files,XX Original files,XX Original files,"","","","","",.pdf
"",2021 AIS Review.pdf,Corporate/XX Original files/2021 AIS Review.pdf,.pdf,0,0,"",XX Original files,XX Original files,XX Original files,XX Original files,"","","","","",.pdf
"",2022 AIS Review.pdf,Corporate/XX Original files/2022 AIS Review.pdf,.pdf,0,0,"",XX Original files,XX Original files,XX Original files,XX Original files,"","","","","",.pdf
"",old [SIGNED] Homes_Of_Hope_Ltd_-_CONSOLIDATED_FINANCIALS 2021.pdf,Corporate/XX Original files/old [SIGNED] Homes_Of_Hope_Ltd_-_CONSOLIDATED_FINANCIALS 2021.pdf,.pdf,0,0,"",XX Original files,XX Original files,XX Original files,XX Original files,"","","","","",.pdf
"",old [SIGNED] Homes_Of_Hope_Ltd_-_CONSOLIDATED_FINANCIALS 2022.pdf,Corporate/XX Original files/old [SIGNED] Homes_Of_Hope_Ltd_-_CONSOLIDATED_FINANCIALS 2022.pdf,.pdf,0,0,"",XX Original files,XX Original files,XX Original files,XX Original files,"","","","","",.pdf
"",Signed - Homes of Hope - Consolidated Finanicals 2021.pdf,Corporate/XX Original files/Signed - Homes of Hope - Consolidated Finanicals 2021.pdf,.pdf,0,0,"",XX Original files,XX Original files,XX Original files,XX Original files,"","","","","",.pdf
"",Signed - Homes of Hope - Consolidated Finanicals 2022.pdf,Corporate/XX Original files/Signed - Homes of Hope - Consolidated Finanicals 2022.pdf,.pdf,0,0,"",XX Original files,XX Original files,XX Original files,XX Original files,"","","","","",.pdf
"",Agenda Chris.docx,Corporate/XX Original files/Agenda Chris.docx,.docx,0,0,"",XX Original files,XX Original files,XX Original files,XX Original files,"","","","","",.docx
"",Current Livin The Dream _Balance_Sheet.pdf,Corporate/XX Original files/Current Livin The Dream _Balance_Sheet.pdf,.pdf,0,0,"",XX Original files,XX Original files,XX Original files,XX Original files,"","","","","",.pdf
"",Current Livin the Dream_Profit_and_Loss.pdf,Corporate/XX Original files/Current Livin the Dream_Profit_and_Loss.pdf,.pdf,0,0,"",XX Original files,XX Original files,XX Original files,XX Original files,"","","","","",.pdf
"",DUAL-AUS-WebRater-AL-Proposal-Form.pdf,Corporate/XX Original files/DUAL-AUS-WebRater-AL-Proposal-Form.pdf,.pdf,0,0,"",XX Original files,XX Original files,XX Original files,XX Original files,"","","","","",.pdf
"",Moogerah Booking 2021-23.xlsx,Corporate/XX Original files/Moogerah Booking 2021-23.xlsx,.xlsx,0,0,"",XX Original files,XX Original files,XX Original files,XX Original files,"","","","","",.xlsx
"",Moogerah Mission Statement.docx,Corporate/XX Original files/Moogerah Mission Statement.docx,.docx,0,0,"",XX Original files,XX Original files,XX Original files,XX Original files,"","","","","",.docx
"",07 April 2021 Statement .pdf,Corporate/XX Original files/07 April 2021 Statement .pdf,.pdf,0,0,"",XX Original files,XX Original files,XX Original files,XX Original files,"","","","","",.pdf
"",07 August 2020 Statement .pdf,Corporate/XX Original files/07 August 2020 Statement .pdf,.pdf,0,0,"",XX Original files,XX Original files,XX Original files,XX Original files,"","","","","",.pdf
"",07 December 2020 Statement .pdf,Corporate/XX Original files/07 December 2020 Statement .pdf,.pdf,0,0,"",XX Original files,XX Original files,XX Original files,XX Original files,"","","","","",.pdf
"",07 February 2021 Statement .pdf,Corporate/XX Original files/07 February 2021 Statement .pdf,.pdf,0,0,"",XX Original files,XX Original files,XX Original files,XX Original files,"","","","","",.pdf
"",07 January 2021 Statement .pdf,Corporate/XX Original files/07 January 2021 Statement .pdf,.pdf,0,0,"",XX Original files,XX Original files,XX Original files,XX Original files,"","","","","",.pdf
"",07 July 2021 Statement .pdf,Corporate/XX Original files/07 July 2021 Statement .pdf,.pdf,0,0,"",XX Original files,XX Original files,XX Original files,XX Original files,"","","","","",.pdf
"",07 June 2021 Statement .pdf,Corporate/XX Original files/07 June 2021 Statement .pdf,.pdf,0,0,"",XX Original files,XX Original files,XX Original files,XX Original files,"","","","","",.pdf
"",07 March 2021 Statement .pdf,Corporate/XX Original files/07 March 2021 Statement .pdf,.pdf,0,0,"",XX Original files,XX Original files,XX Original files,XX Original files,"","","","","",.pdf
"",07 May 2021 Statement .pdf,Corporate/XX Original files/07 May 2021 Statement .pdf,.pdf,0,0,"",XX Original files,XX Original files,XX Original files,XX Original files,"","","","","",.pdf
"",07 November 2020 Statement .pdf,Corporate/XX Original files/07 November 2020 Statement .pdf,.pdf,0,0,"",XX Original files,XX Original files,XX Original files,XX Original files,"","","","","",.pdf
"",07 October 2020 Statement .pdf,Corporate/XX Original files/07 October 2020 Statement .pdf,.pdf,0,0,"",XX Original files,XX Original files,XX Original files,XX Original files,"","","","","",.pdf
"",07 September 2020 Statement .pdf,Corporate/XX Original files/07 September 2020 Statement .pdf,.pdf,0,0,"",XX Original files,XX Original files,XX Original files,XX Original files,"","","","","",.pdf
"",07 April 2022 Statement .pdf,Corporate/XX Original files/07 April 2022 Statement .pdf,.pdf,0,0,"",XX Original files,XX Original files,XX Original files,XX Original files,"","","","","",.pdf
"",07 August 2021 Statement .pdf,Corporate/XX Original files/07 August 2021 Statement .pdf,.pdf,0,0,"",XX Original files,XX Original files,XX Original files,XX Original files,"","","","","",.pdf
"",07 December 2021 Statement.pdf,Corporate/XX Original files/07 December 2021 Statement.pdf,.pdf,0,0,"",XX Original files,XX Original files,XX Original files,XX Original files,"","","","","",.pdf
"",07 February 2022 Statement .pdf,Corporate/XX Original files/07 February 2022 Statement .pdf,.pdf,0,0,"",XX Original files,XX Original files,XX Original files,XX Original files,"","","","","",.pdf
"",07 January 2022 Statement .pdf,Corporate/XX Original files/07 January 2022 Statement .pdf,.pdf,0,0,"",XX Original files,XX Original files,XX Original files,XX Original files,"","","","","",.pdf
"",07 July 2021 Statement (2).pdf,Corporate/XX Original files/07 July 2021 Statement (2).pdf,.pdf,0,0,"",XX Original files,XX Original files,XX Original files,XX Original files,"","","","","",.pdf
"",07 July 2022 Statement .pdf,Corporate/XX Original files/07 July 2022 Statement .pdf,.pdf,0,0,"",XX Original files,XX Original files,XX Original files,XX Original files,"","","","","",.pdf
"",07 June 2021 Statement.pdf,Corporate/XX Original files/07 June 2021 Statement.pdf,.pdf,0,0,"",XX Original files,XX Original files,XX Original files,XX Original files,"","","","","",.pdf
"",07 June 2022 Statement .pdf,Corporate/XX Original files/07 June 2022 Statement .pdf,.pdf,0,0,"",XX Original files,XX Original files,XX Original files,XX Original files,"","","","","",.pdf
"",07 March 2022 Statement.pdf,Corporate/XX Original files/07 March 2022 Statement.pdf,.pdf,0,0,"",XX Original files,XX Original files,XX Original files,XX Original files,"","","","","",.pdf
"",07 May 2022 Statement .pdf,Corporate/XX Original files/07 May 2022 Statement .pdf,.pdf,0,0,"",XX Original files,XX Original files,XX Original files,XX Original files,"","","","","",.pdf
"",07 November 2021 Statement.pdf,Corporate/XX Original files/07 November 2021 Statement.pdf,.pdf,0,0,"",XX Original files,XX Original files,XX Original files,XX Original files,"","","","","",.pdf
"",07 October 2021 Statement .pdf,Corporate/XX Original files/07 October 2021 Statement .pdf,.pdf,0,0,"",XX Original files,XX Original files,XX Original files,XX Original files,"","","","","",.pdf
"",07 September 2021 Statement .pdf,Corporate/XX Original files/07 September 2021 Statement .pdf,.pdf,0,0,"",XX Original files,XX Original files,XX Original files,XX Original files,"","","","","",.pdf
"",07 August 2022 Statement.pdf,Corporate/XX Original files/07 August 2022 Statement.pdf,.pdf,0,0,"",XX Original files,XX Original files,XX Original files,XX Original files,"","","","","",.pdf
"",07 December 2022 Statement.pdf,Corporate/XX Original files/07 December 2022 Statement.pdf,.pdf,0,0,"",XX Original files,XX Original files,XX Original files,XX Original files,"","","","","",.pdf
"",07 February 2023 Statement.pdf,Corporate/XX Original files/07 February 2023 Statement.pdf,.pdf,0,0,"",XX Original files,XX Original files,XX Original files,XX Original files,"","","","","",.pdf
"",07 January 2023 Statement.pdf,Corporate/XX Original files/07 January 2023 Statement.pdf,.pdf,0,0,"",XX Original files,XX Original files,XX Original files,XX Original files,"","","","","",.pdf
"",07 July 2022 Statement .pdf,Corporate/XX Original files/07 July 2022 Statement .pdf,.pdf,0,0,"",XX Original files,XX Original files,XX Original files,XX Original files,"","","","","",.pdf
"",07 March 2023 Statement.pdf,Corporate/XX Original files/07 March 2023 Statement.pdf,.pdf,0,0,"",XX Original files,XX Original files,XX Original files,XX Original files,"","","","","",.pdf
"",07 November 2022 Statement.pdf,Corporate/XX Original files/07 November 2022 Statement.pdf,.pdf,0,0,"",XX Original files,XX Original files,XX Original files,XX Original files,"","","","","",.pdf
"",07 October 2022 Statement.pdf,Corporate/XX Original files/07 October 2022 Statement.pdf,.pdf,0,0,"",XX Original files,XX Original files,XX Original files,XX Original files,"","","","","",.pdf
"",07 September 2022 Statement.pdf,Corporate/XX Original files/07 September 2022 Statement.pdf,.pdf,0,0,"",XX Original files,XX Original files,XX Original files,XX Original files,"","","","","",.pdf
"",07 April 2021 Statement .pdf,Corporate/XX Original files/07 April 2021 Statement .pdf,.pdf,0,0,"",XX Original files,XX Original files,XX Original files,XX Original files,"","","","","",.pdf
"",07 August 2020 Statement .pdf,Corporate/XX Original files/07 August 2020 Statement .pdf,.pdf,0,0,"",XX Original files,XX Original files,XX Original files,XX Original files,"","","","","",.pdf
"",07 December 2020 Statement .pdf,Corporate/XX Original files/07 December 2020 Statement .pdf,.pdf,0,0,"",XX Original files,XX Original files,XX Original files,XX Original files,"","","","","",.pdf
"",07 February 2021 Statement .pdf,Corporate/XX Original files/07 February 2021 Statement .pdf,.pdf,0,0,"",XX Original files,XX Original files,XX Original files,XX Original files,"","","","","",.pdf
"",07 January 2021 Statement .pdf,Corporate/XX Original files/07 January 2021 Statement .pdf,.pdf,0,0,"",XX Original files,XX Original files,XX Original files,XX Original files,"","","","","",.pdf
"",07 July 2021 Statement .pdf,Corporate/XX Original files/07 July 2021 Statement .pdf,.pdf,0,0,"",XX Original files,XX Original files,XX Original files,XX Original files,"","","","","",.pdf
"",07 June 2021 Statement .pdf,Corporate/XX Original files/07 June 2021 Statement .pdf,.pdf,0,0,"",XX Original files,XX Original files,XX Original files,XX Original files,"","","","","",.pdf
"",07 March 2021 Statement .pdf,Corporate/XX Original files/07 March 2021 Statement .pdf,.pdf,0,0,"",XX Original files,XX Original files,XX Original files,XX Original files,"","","","","",.pdf
"",07 May 2021 Statement .pdf,Corporate/XX Original files/07 May 2021 Statement .pdf,.pdf,0,0,"",XX Original files,XX Original files,XX Original files,XX Original files,"","","","","",.pdf
"",07 November 2020 Statement .pdf,Corporate/XX Original files/07 November 2020 Statement .pdf,.pdf,0,0,"",XX Original files,XX Original files,XX Original files,XX Original files,"","","","","",.pdf
"",07 October 2020 Statement .pdf,Corporate/XX Original files/07 October 2020 Statement .pdf,.pdf,0,0,"",XX Original files,XX Original files,XX Original files,XX Original files,"","","","","",.pdf
"",07 September 2020 Statement .pdf,Corporate/XX Original files/07 September 2020 Statement .pdf,.pdf,0,0,"",XX Original files,XX Original files,XX Original files,XX Original files,"","","","","",.pdf
"",49 Gretchen LT Dream 2 25012019.pdf,Corporate/XX Original files/49 Gretchen LT Dream 2 25012019.pdf,.pdf,0,0,"",XX Original files,XX Original files,XX Original files,XX Original files,"","","","","",.pdf
"",Other Properties.docx,Corporate/XX Original files/Other Properties.docx,.docx,0,0,"",XX Original files,XX Original files,XX Original files,XX Original files,"","","","","",.docx
"",2014 Income Tax Return 2014 Livin the Dream (Signed).pdf,Corporate/XX Original files/2014 Income Tax Return 2014 Livin the Dream (Signed).pdf,.pdf,0,0,"",XX Original files,XX Original files,XX Original files,XX Original files,"","","","","",.pdf
"",2015 - Livin the Dream - ITR.pdf,Corporate/XX Original files/2015 - Livin the Dream - ITR.pdf,.pdf,0,0,"",XX Original files,XX Original files,XX Original files,XX Original files,"","","","","",.pdf
"",2015 - Livin the Dream - Workpapers.pdf,Corporate/XX Original files/2015 - Livin the Dream - Workpapers.pdf,.pdf,0,0,"",XX Original files,XX Original files,XX Original files,XX Original files,"","","","","",.pdf
"",2016 - Livin the Dream - Financials.pdf,Corporate/XX Original files/2016 - Livin the Dream - Financials.pdf,.pdf,0,0,"",XX Original files,XX Original files,XX Original files,XX Original files,"","","","","",.pdf
"",2016 - Livin the Dream - ITR.pdf,Corporate/XX Original files/2016 - Livin the Dream - ITR.pdf,.pdf,0,0,"",XX Original files,XX Original files,XX Original files,XX Original files,"","","","","",.pdf
"",2017 - Livin the Dream - Financials.pdf,Corporate/XX Original files/2017 - Livin the Dream - Financials.pdf,.pdf,0,0,"",XX Original files,XX Original files,XX Original files,XX Original files,"","","","","",.pdf
"",2017 - Livin the Dream - ITR.pdf,Corporate/XX Original files/2017 - Livin the Dream - ITR.pdf,.pdf,0,0,"",XX Original files,XX Original files,XX Original files,XX Original files,"","","","","",.pdf
"",2018 - Livin the Dream - Financials.pdf,Corporate/XX Original files/2018 - Livin the Dream - Financials.pdf,.pdf,0,0,"",XX Original files,XX Original files,XX Original files,XX Original files,"","","","","",.pdf
"",2018_CTR_LivinTheDreamPtyLtd signed.pdf,Corporate/XX Original files/2018_CTR_LivinTheDreamPtyLtd signed.pdf,.pdf,0,0,"",XX Original files,XX Original files,XX Original files,XX Original files,"","","","","",.pdf
"",2019 - Livin The Dream - Financials.pdf,Corporate/XX Original files/2019 - Livin The Dream - Financials.pdf,.pdf,0,0,"",XX Original files,XX Original files,XX Original files,XX Original files,"","","","","",.pdf
"",2019_CTR_LivinTheDreamPtyLtd.pdf,Corporate/XX Original files/2019_CTR_LivinTheDreamPtyLtd.pdf,.pdf,0,0,"",XX Original files,XX Original files,XX Original files,XX Original files,"","","","","",.pdf
"",2020 - Livin The Dream - Financials.pdf,Corporate/XX Original files/2020 - Livin The Dream - Financials.pdf,.pdf,0,0,"",XX Original files,XX Original files,XX Original files,XX Original files,"","","","","",.pdf
"",2020 CTR Livin the Dream.pdf,Corporate/XX Original files/2020 CTR Livin the Dream.pdf,.pdf,0,0,"",XX Original files,XX Original files,XX Original files,XX Original files,"","","","","",.pdf
"",2020 Employee Contribution to Reduce FBT.docx,Corporate/XX Original files/2020 Employee Contribution to Reduce FBT.docx,.docx,0,0,"",XX Original files,XX Original files,XX Original files,XX Original files,"","","","","",.docx
"",Flow of Funds When Gave LTD to LYW.xlsx,Corporate/XX Original files/Flow of Funds When Gave LTD to LYW.xlsx,.xlsx,0,0,"",XX Original files,XX Original files,XX Original files,XX Original files,"","","","","",.xlsx
"",MYOB upuntil import XERO.xlsx,Corporate/XX Original files/MYOB upuntil import XERO.xlsx,.xlsx,0,0,"",XX Original files,XX Original files,XX Original files,XX Original files,"","","","","",.xlsx
"",XERO Moogerah_Lakeside_Retreat_-_General_Ledger_Detail.xlsx,Corporate/XX Original files/XERO Moogerah_Lakeside_Retreat_-_General_Ledger_Detail.xlsx,.xlsx,0,0,"",XX Original files,XX Original files,XX Original files,XX Original files,"","","","","",.xlsx
"",Debt Forgivness 21062021.docx,Corporate/XX Original files/Debt Forgivness 21062021.docx,.docx,0,0,"",XX Original files,XX Original files,XX Original files,XX Original files,"","","","","",.docx
"",History.docx,Corporate/XX Original files/History.docx,.docx,0,0,"",XX Original files,XX Original files,XX Original files,XX Original files,"","","","","",.docx
"",Livin The Dream  Journal Entry 1072020-30062021.pdf,Corporate/XX Original files/Livin The Dream  Journal Entry 1072020-30062021.pdf,.pdf,0,0,"",XX Original files,XX Original files,XX Original files,XX Original files,"","","","","",.pdf
"",LYW Balance Sheet Showing 2.4 Million and 800k.xlsx,Corporate/XX Original files/LYW Balance Sheet Showing 2.4 Million and 800k.xlsx,.xlsx,0,0,"",XX Original files,XX Original files,XX Original files,XX Original files,"","","","","",.xlsx
"",LYW Balance Sheet.xlsx,Corporate/XX Original files/LYW Balance Sheet.xlsx,.xlsx,0,0,"",XX Original files,XX Original files,XX Original files,XX Original files,"","","","","",.xlsx
"",LYW GL Rock Loan April 2020.xlsx,Corporate/XX Original files/LYW GL Rock Loan April 2020.xlsx,.xlsx,0,0,"",XX Original files,XX Original files,XX Original files,XX Original files,"","","","","",.xlsx
"",LYW GL The Promise April 2020.xlsx,Corporate/XX Original files/LYW GL The Promise April 2020.xlsx,.xlsx,0,0,"",XX Original files,XX Original files,XX Original files,XX Original files,"","","","","",.xlsx
"",Rock GL LYW Loan April 2020.xlsx,Corporate/XX Original files/Rock GL LYW Loan April 2020.xlsx,.xlsx,0,0,"",XX Original files,XX Original files,XX Original files,XX Original files,"","","","","",.xlsx
"",Rock Invest Balance sheet showing difference by Month.xlsx,Corporate/XX Original files/Rock Invest Balance sheet showing difference by Month.xlsx,.xlsx,0,0,"",XX Original files,XX Original files,XX Original files,XX Original files,"","","","","",.xlsx
"",The Promise - Debt forgiveness - Resolution of Members.pdf,Corporate/XX Original files/The Promise - Debt forgiveness - Resolution of Members.pdf,.pdf,0,0,"",XX Original files,XX Original files,XX Original files,XX Original files,"","","","","",.pdf
"",The Promise - Forgive Debt to Livin the Dream.pdf,Corporate/XX Original files/The Promise - Forgive Debt to Livin the Dream.pdf,.pdf,0,0,"",XX Original files,XX Original files,XX Original files,XX Original files,"","","","","",.pdf
"",The Promise - Forgiven Debt Income - Resolution of Members.docx,Corporate/XX Original files/The Promise - Forgiven Debt Income - Resolution of Members.docx,.docx,0,0,"",XX Original files,XX Original files,XX Original files,XX Original files,"","","","","",.docx
"",The Promise - Write Off Privium Resolution of Members.docx,Corporate/XX Original files/The Promise - Write Off Privium Resolution of Members.docx,.docx,0,0,"",XX Original files,XX Original files,XX Original files,XX Original files,"","","","","",.docx
"",The Promise April 2020 Balance Sheet.xlsx,Corporate/XX Original files/The Promise April 2020 Balance Sheet.xlsx,.xlsx,0,0,"",XX Original files,XX Original files,XX Original files,XX Original files,"","","","","",.xlsx
"",The Promise GJ 01042020 to  30062021.xlsx,Corporate/XX Original files/The Promise GJ 01042020 to  30062021.xlsx,.xlsx,0,0,"",XX Original files,XX Original files,XX Original files,XX Original files,"","","","","",.xlsx
"",The Promise GL April 2020.xlsx,Corporate/XX Original files/The Promise GL April 2020.xlsx,.xlsx,0,0,"",XX Original files,XX Original files,XX Original files,XX Original files,"","","","","",.xlsx
"",The Promise GL LYW Loan April 2020.xlsx,Corporate/XX Original files/The Promise GL LYW Loan April 2020.xlsx,.xlsx,0,0,"",XX Original files,XX Original files,XX Original files,XX Original files,"","","","","",.xlsx
"",The Promise Journal Entry 1072020-30062021.pdf,Corporate/XX Original files/The Promise Journal Entry 1072020-30062021.pdf,.pdf,0,0,"",XX Original files,XX Original files,XX Original files,XX Original files,"","","","","",.pdf
"",The Promise March 2020 Balance Sheet.xlsx,Corporate/XX Original files/The Promise March 2020 Balance Sheet.xlsx,.xlsx,0,0,"",XX Original files,XX Original files,XX Original files,XX Original files,"","","","","",.xlsx
"",Moogerah Lakeside Retreat Trust Deed.pdf,Corporate/XX Original files/Moogerah Lakeside Retreat Trust Deed.pdf,.pdf,0,0,"",XX Original files,XX Original files,XX Original files,XX Original files,"","","","","",.pdf
"",Moogerah Lakeside Retreat.xlsx,Corporate/XX Original files/Moogerah Lakeside Retreat.xlsx,.xlsx,0,0,"",XX Original files,XX Original files,XX Original files,XX Original files,"","","","","",.xlsx
"",Unit certificates.pdf,Corporate/XX Original files/Unit certificates.pdf,.pdf,0,0,"",XX Original files,XX Original files,XX Original files,XX Original files,"","","","","",.pdf
"",Redemption.docx,Corporate/XX Original files/Redemption.docx,.docx,0,0,"",XX Original files,XX Original files,XX Original files,XX Original files,"","","","","",.docx
"",06042020No10of20SamuelJamesHarder.pdf.pdf,Corporate/XX Original files/06042020No10of20SamuelJamesHarder.pdf.pdf,.pdf,0,0,"",XX Original files,XX Original files,XX Original files,XX Original files,"","","","","",.pdf
"",06042020No11of20SamuelJamesHarder.pdf.pdf,Corporate/XX Original files/06042020No11of20SamuelJamesHarder.pdf.pdf,.pdf,0,0,"",XX Original files,XX Original files,XX Original files,XX Original files,"","","","","",.pdf
"",06042020No12of20SamuelJamesHarder.pdf.pdf,Corporate/XX Original files/06042020No12of20SamuelJamesHarder.pdf.pdf,.pdf,0,0,"",XX Original files,XX Original files,XX Original files,XX Original files,"","","","","",.pdf
"",06042020No13of20SamuelJamesHarder.pdf.pdf,Corporate/XX Original files/06042020No13of20SamuelJamesHarder.pdf.pdf,.pdf,0,0,"",XX Original files,XX Original files,XX Original files,XX Original files,"","","","","",.pdf
"",06042020No14of20SamuelJamesHarder.pdf.pdf,Corporate/XX Original files/06042020No14of20SamuelJamesHarder.pdf.pdf,.pdf,0,0,"",XX Original files,XX Original files,XX Original files,XX Original files,"","","","","",.pdf
"",06042020No15of20SamuelJamesHarder.pdf.pdf,Corporate/XX Original files/06042020No15of20SamuelJamesHarder.pdf.pdf,.pdf,0,0,"",XX Original files,XX Original files,XX Original files,XX Original files,"","","","","",.pdf
"",06042020No16of20GraceHye-RinHarder.pdf.pdf,Corporate/XX Original files/06042020No16of20GraceHye-RinHarder.pdf.pdf,.pdf,0,0,"",XX Original files,XX Original files,XX Original files,XX Original files,"","","","","",.pdf
"",06042020No17of20GraceHye-RinHarder.pdf.pdf,Corporate/XX Original files/06042020No17of20GraceHye-RinHarder.pdf.pdf,.pdf,0,0,"",XX Original files,XX Original files,XX Original files,XX Original files,"","","","","",.pdf
"",06042020No18of20GraceHye-RinHarder.pdf.pdf,Corporate/XX Original files/06042020No18of20GraceHye-RinHarder.pdf.pdf,.pdf,0,0,"",XX Original files,XX Original files,XX Original files,XX Original files,"","","","","",.pdf
"",06042020No19of20SophieMee-JeongHarder.pdf.pdf,Corporate/XX Original files/06042020No19of20SophieMee-JeongHarder.pdf.pdf,.pdf,0,0,"",XX Original files,XX Original files,XX Original files,XX Original files,"","","","","",.pdf
"",06042020No1of20DavidJamesThurstonandKatherineElizabethThurston.pdf.pdf,Corporate/XX Original files/06042020No1of20DavidJamesThurstonandKatherineElizabethThurston.pdf.pdf,.pdf,0,0,"",XX Original files,XX Original files,XX Original files,XX Original files,"","","","","",.pdf
"",06042020No20of20SophieMee-JeongHarder.pdf.pdf,Corporate/XX Original files/06042020No20of20SophieMee-JeongHarder.pdf.pdf,.pdf,0,0,"",XX Original files,XX Original files,XX Original files,XX Original files,"","","","","",.pdf
"",06042020No2of20DavidJamesThurstonandKatherineElizabethThurston.pdf.pdf,Corporate/XX Original files/06042020No2of20DavidJamesThurstonandKatherineElizabethThurston.pdf.pdf,.pdf,0,0,"",XX Original files,XX Original files,XX Original files,XX Original files,"","","","","",.pdf
"",06042020No3of20KeithFerdinandMillerandHilkelinaLouisaMiller.pdf.pdf,Corporate/XX Original files/06042020No3of20KeithFerdinandMillerandHilkelinaLouisaMiller.pdf.pdf,.pdf,0,0,"",XX Original files,XX Original files,XX Original files,XX Original files,"","","","","",.pdf
"",06042020No4of20KeithFerdinandMillerandHilkelinaLouisaMiller.pdf.PDF,Corporate/XX Original files/06042020No4of20KeithFerdinandMillerandHilkelinaLouisaMiller.pdf.PDF,.PDF,0,0,"",XX Original files,XX Original files,XX Original files,XX Original files,"","","","","",.PDF
"",06042020No5of20KeithFerdinandMillerandHilkelinaLouisaMiller.pdf.pdf,Corporate/XX Original files/06042020No5of20KeithFerdinandMillerandHilkelinaLouisaMiller.pdf.pdf,.pdf,0,0,"",XX Original files,XX Original files,XX Original files,XX Original files,"","","","","",.pdf
"",06042020No6of20KeithFerdinandMillerandHilkelinaLouisaMiller.pdf.pdf,Corporate/XX Original files/06042020No6of20KeithFerdinandMillerandHilkelinaLouisaMiller.pdf.pdf,.pdf,0,0,"",XX Original files,XX Original files,XX Original files,XX Original files,"","","","","",.pdf
"",06042020No7of20KeithFerdinandMillerandHilkelinaLouisaMiller.pdf.pdf,Corporate/XX Original files/06042020No7of20KeithFerdinandMillerandHilkelinaLouisaMiller.pdf.pdf,.pdf,0,0,"",XX Original files,XX Original files,XX Original files,XX Original files,"","","","","",.pdf
"",06042020No8of20KeithFerdinandMillerandHilkelinaLouisaMiller.pdf.pdf,Corporate/XX Original files/06042020No8of20KeithFerdinandMillerandHilkelinaLouisaMiller.pdf.pdf,.pdf,0,0,"",XX Original files,XX Original files,XX Original files,XX Original files,"","","","","",.pdf
"",06042020No9of20BradleJohnGordonSamuelKeithGordonMatthewAlexanderGordon.pdf.pdf,Corporate/XX Original files/06042020No9of20BradleJohnGordonSamuelKeithGordonMatthewAlexanderGordon.pdf.pdf,.pdf,0,0,"",XX Original files,XX Original files,XX Original files,XX Original files,"","","","","",.pdf
"",20200403 Promissory Mortgage Note.docx,Corporate/XX Original files/20200403 Promissory Mortgage Note.docx,.docx,0,0,"",XX Original files,XX Original files,XX Original files,XX Original files,"","","","","",.docx
"","Application for Units-Brad, Samuel, Matthew.docx","Corporate/XX Original files/Application for Units-Brad, Samuel, Matthew.docx",.docx,0,0,"",XX Original files,XX Original files,XX Original files,XX Original files,"","","","","",.docx
"",Application for Units-David & Katherine.docx,Corporate/XX Original files/Application for Units-David & Katherine.docx,.docx,0,0,"",XX Original files,XX Original files,XX Original files,XX Original files,"","","","","",.docx
"",Application for Units-Grace Hye-Rin Harder.docx,Corporate/XX Original files/Application for Units-Grace Hye-Rin Harder.docx,.docx,0,0,"",XX Original files,XX Original files,XX Original files,XX Original files,"","","","","",.docx
"",Application for Units-Keith and Hilkelina.docx,Corporate/XX Original files/Application for Units-Keith and Hilkelina.docx,.docx,0,0,"",XX Original files,XX Original files,XX Original files,XX Original files,"","","","","",.docx
"",Application for Units-Samuel James Harder.docx,Corporate/XX Original files/Application for Units-Samuel James Harder.docx,.docx,0,0,"",XX Original files,XX Original files,XX Original files,XX Original files,"","","","","",.docx
"",Application for Units-Sophie Mee-Jeong Harder.docx,Corporate/XX Original files/Application for Units-Sophie Mee-Jeong Harder.docx,.docx,0,0,"",XX Original files,XX Original files,XX Original files,XX Original files,"","","","","",.docx
"",Certificate 0001 of Unit Holding - David and Katherine.docx,Corporate/XX Original files/Certificate 0001 of Unit Holding - David and Katherine.docx,.docx,0,0,"",XX Original files,XX Original files,XX Original files,XX Original files,"","","","","",.docx
"",Certificate 0002 of Unit Holding - Keith and Hilkelina.docx,Corporate/XX Original files/Certificate 0002 of Unit Holding - Keith and Hilkelina.docx,.docx,0,0,"",XX Original files,XX Original files,XX Original files,XX Original files,"","","","","",.docx
"","Certificate 0003 of Unit Holding - Bradley, Samuel, Matthew.docx","Corporate/XX Original files/Certificate 0003 of Unit Holding - Bradley, Samuel, Matthew.docx",.docx,0,0,"",XX Original files,XX Original files,XX Original files,XX Original files,"","","","","",.docx
"",Certificate 0004 of Unit Holding - Samuel.docx,Corporate/XX Original files/Certificate 0004 of Unit Holding - Samuel.docx,.docx,0,0,"",XX Original files,XX Original files,XX Original files,XX Original files,"","","","","",.docx
"",Certificate 0005 of Unit Holding - Grace.docx,Corporate/XX Original files/Certificate 0005 of Unit Holding - Grace.docx,.docx,0,0,"",XX Original files,XX Original files,XX Original files,XX Original files,"","","","","",.docx
"",Certificate 0006 of Unit Holding - Sophie.docx,Corporate/XX Original files/Certificate 0006 of Unit Holding - Sophie.docx,.docx,0,0,"",XX Original files,XX Original files,XX Original files,XX Original files,"","","","","",.docx
"",Livin the Dream Balance Sheet.docx,Corporate/XX Original files/Livin the Dream Balance Sheet.docx,.docx,0,0,"",XX Original files,XX Original files,XX Original files,XX Original files,"","","","","",.docx
"",REGISTER OF UNITS ISSUED.docx,Corporate/XX Original files/REGISTER OF UNITS ISSUED.docx,.docx,0,0,"",XX Original files,XX Original files,XX Original files,XX Original files,"","","","","",.docx
"",The_governing_document_of_Love_Your_World.pdf,Corporate/XX Original files/The_governing_document_of_Love_Your_World.pdf,.pdf,0,0,"",XX Original files,XX Original files,XX Original files,XX Original files,"","","","","",.pdf
"",Unit Trust Deed Moogerah.docx,Corporate/XX Original files/Unit Trust Deed Moogerah.docx,.docx,0,0,"",XX Original files,XX Original files,XX Original files,XX Original files,"","","","","",.docx
"",LYW - Donation Shares to Livin the Dream.pdf,Corporate/XX Original files/LYW - Donation Shares to Livin the Dream.pdf,.pdf,0,0,"",XX Original files,XX Original files,XX Original files,XX Original files,"","","","","",.pdf
"",Statement 07-Apr-2021.pdf,Corporate/XX Original files/Statement 07-Apr-2021.pdf,.pdf,0,0,"",XX Original files,XX Original files,XX Original files,XX Original files,"","","","","",.pdf
"",Statement 07-Aug-2020.pdf,Corporate/XX Original files/Statement 07-Aug-2020.pdf,.pdf,0,0,"",XX Original files,XX Original files,XX Original files,XX Original files,"","","","","",.pdf
"",Statement 07-Dec-2020.pdf,Corporate/XX Original files/Statement 07-Dec-2020.pdf,.pdf,0,0,"",XX Original files,XX Original files,XX Original files,XX Original files,"","","","","",.pdf
"",Statement 07-Feb-2021.pdf,Corporate/XX Original files/Statement 07-Feb-2021.pdf,.pdf,0,0,"",XX Original files,XX Original files,XX Original files,XX Original files,"","","","","",.pdf
"",Statement 07-Jan-2021.pdf,Corporate/XX Original files/Statement 07-Jan-2021.pdf,.pdf,0,0,"",XX Original files,XX Original files,XX Original files,XX Original files,"","","","","",.pdf
"",Statement 07-June-2021.pdf,Corporate/XX Original files/Statement 07-June-2021.pdf,.pdf,0,0,"",XX Original files,XX Original files,XX Original files,XX Original files,"","","","","",.pdf
"",Statement 07-Mar-2021.pdf,Corporate/XX Original files/Statement 07-Mar-2021.pdf,.pdf,0,0,"",XX Original files,XX Original files,XX Original files,XX Original files,"","","","","",.pdf
"",Statement 07-May-2021.pdf,Corporate/XX Original files/Statement 07-May-2021.pdf,.pdf,0,0,"",XX Original files,XX Original files,XX Original files,XX Original files,"","","","","",.pdf
"",Statement 07-Nov-2020.pdf,Corporate/XX Original files/Statement 07-Nov-2020.pdf,.pdf,0,0,"",XX Original files,XX Original files,XX Original files,XX Original files,"","","","","",.pdf
"",Statement 07-Oct-2020.pdf,Corporate/XX Original files/Statement 07-Oct-2020.pdf,.pdf,0,0,"",XX Original files,XX Original files,XX Original files,XX Original files,"","","","","",.pdf
"",Statement 07-Sep-2020.pdf,Corporate/XX Original files/Statement 07-Sep-2020.pdf,.pdf,0,0,"",XX Original files,XX Original files,XX Original files,XX Original files,"","","","","",.pdf
"",Statement 07-Apr-2022.pdf,Corporate/XX Original files/Statement 07-Apr-2022.pdf,.pdf,0,0,"",XX Original files,XX Original files,XX Original files,XX Original files,"","","","","",.pdf
"",Statement 07-Aug-2021.pdf,Corporate/XX Original files/Statement 07-Aug-2021.pdf,.pdf,0,0,"",XX Original files,XX Original files,XX Original files,XX Original files,"","","","","",.pdf
"",Statement 07-Dec-2021.pdf,Corporate/XX Original files/Statement 07-Dec-2021.pdf,.pdf,0,0,"",XX Original files,XX Original files,XX Original files,XX Original files,"","","","","",.pdf
"",Statement 07-Feb-2022.pdf,Corporate/XX Original files/Statement 07-Feb-2022.pdf,.pdf,0,0,"",XX Original files,XX Original files,XX Original files,XX Original files,"","","","","",.pdf
"",Statement 07-Jan-2022.pdf,Corporate/XX Original files/Statement 07-Jan-2022.pdf,.pdf,0,0,"",XX Original files,XX Original files,XX Original files,XX Original files,"","","","","",.pdf
"",Statement 07-Jul-2021.pdf,Corporate/XX Original files/Statement 07-Jul-2021.pdf,.pdf,0,0,"",XX Original files,XX Original files,XX Original files,XX Original files,"","","","","",.pdf
"",Statement 07-Mar-2022.pdf,Corporate/XX Original files/Statement 07-Mar-2022.pdf,.pdf,0,0,"",XX Original files,XX Original files,XX Original files,XX Original files,"","","","","",.pdf
"",Statement 07-Nov-2021.pdf,Corporate/XX Original files/Statement 07-Nov-2021.pdf,.pdf,0,0,"",XX Original files,XX Original files,XX Original files,XX Original files,"","","","","",.pdf
"",Statement 07-Oct-2021.pdf,Corporate/XX Original files/Statement 07-Oct-2021.pdf,.pdf,0,0,"",XX Original files,XX Original files,XX Original files,XX Original files,"","","","","",.pdf
"",Statement 07-Sep-2021.pdf,Corporate/XX Original files/Statement 07-Sep-2021.pdf,.pdf,0,0,"",XX Original files,XX Original files,XX Original files,XX Original files,"","","","","",.pdf
"",LIVIN THE DREAM BOQ Statement 8-03-2022 to 07-04-2022.pdf,Corporate/XX Original files/LIVIN THE DREAM BOQ Statement 8-03-2022 to 07-04-2022.pdf,.pdf,0,0,"",XX Original files,XX Original files,XX Original files,XX Original files,"","","","","",.pdf
"",06042020No10of20SamuelJamesHarder.pdf.pdf,Corporate/XX Original files/06042020No10of20SamuelJamesHarder.pdf.pdf,.pdf,0,0,"",XX Original files,XX Original files,XX Original files,XX Original files,"","","","","",.pdf
"",06042020No11of20SamuelJamesHarder.pdf.pdf,Corporate/XX Original files/06042020No11of20SamuelJamesHarder.pdf.pdf,.pdf,0,0,"",XX Original files,XX Original files,XX Original files,XX Original files,"","","","","",.pdf
"",06042020No12of20SamuelJamesHarder.pdf.pdf,Corporate/XX Original files/06042020No12of20SamuelJamesHarder.pdf.pdf,.pdf,0,0,"",XX Original files,XX Original files,XX Original files,XX Original files,"","","","","",.pdf
"",06042020No13of20SamuelJamesHarder.pdf.pdf,Corporate/XX Original files/06042020No13of20SamuelJamesHarder.pdf.pdf,.pdf,0,0,"",XX Original files,XX Original files,XX Original files,XX Original files,"","","","","",.pdf
"",06042020No14of20SamuelJamesHarder.pdf.pdf,Corporate/XX Original files/06042020No14of20SamuelJamesHarder.pdf.pdf,.pdf,0,0,"",XX Original files,XX Original files,XX Original files,XX Original files,"","","","","",.pdf
"",06042020No15of20SamuelJamesHarder.pdf.pdf,Corporate/XX Original files/06042020No15of20SamuelJamesHarder.pdf.pdf,.pdf,0,0,"",XX Original files,XX Original files,XX Original files,XX Original files,"","","","","",.pdf
"",06042020No16of20GraceHye-RinHarder.pdf.pdf,Corporate/XX Original files/06042020No16of20GraceHye-RinHarder.pdf.pdf,.pdf,0,0,"",XX Original files,XX Original files,XX Original files,XX Original files,"","","","","",.pdf
"",06042020No17of20GraceHye-RinHarder.pdf.pdf,Corporate/XX Original files/06042020No17of20GraceHye-RinHarder.pdf.pdf,.pdf,0,0,"",XX Original files,XX Original files,XX Original files,XX Original files,"","","","","",.pdf
"",06042020No18of20GraceHye-RinHarder.pdf.pdf,Corporate/XX Original files/06042020No18of20GraceHye-RinHarder.pdf.pdf,.pdf,0,0,"",XX Original files,XX Original files,XX Original files,XX Original files,"","","","","",.pdf
"",06042020No19of20SophieMee-JeongHarder.pdf.pdf,Corporate/XX Original files/06042020No19of20SophieMee-JeongHarder.pdf.pdf,.pdf,0,0,"",XX Original files,XX Original files,XX Original files,XX Original files,"","","","","",.pdf
"",06042020No1of20DavidJamesThurstonandKatherineElizabethThurston.pdf.pdf,Corporate/XX Original files/06042020No1of20DavidJamesThurstonandKatherineElizabethThurston.pdf.pdf,.pdf,0,0,"",XX Original files,XX Original files,XX Original files,XX Original files,"","","","","",.pdf
"",06042020No20of20SophieMee-JeongHarder.pdf.pdf,Corporate/XX Original files/06042020No20of20SophieMee-JeongHarder.pdf.pdf,.pdf,0,0,"",XX Original files,XX Original files,XX Original files,XX Original files,"","","","","",.pdf
"",06042020No2of20DavidJamesThurstonandKatherineElizabethThurston.pdf.pdf,Corporate/XX Original files/06042020No2of20DavidJamesThurstonandKatherineElizabethThurston.pdf.pdf,.pdf,0,0,"",XX Original files,XX Original files,XX Original files,XX Original files,"","","","","",.pdf
"",06042020No3of20KeithFerdinandMillerandHilkelinaLouisaMiller.pdf.pdf,Corporate/XX Original files/06042020No3of20KeithFerdinandMillerandHilkelinaLouisaMiller.pdf.pdf,.pdf,0,0,"",XX Original files,XX Original files,XX Original files,XX Original files,"","","","","",.pdf
"",06042020No4of20KeithFerdinandMillerandHilkelinaLouisaMiller.pdf.PDF,Corporate/XX Original files/06042020No4of20KeithFerdinandMillerandHilkelinaLouisaMiller.pdf.PDF,.PDF,0,0,"",XX Original files,XX Original files,XX Original files,XX Original files,"","","","","",.PDF
"",06042020No5of20KeithFerdinandMillerandHilkelinaLouisaMiller.pdf.pdf,Corporate/XX Original files/06042020No5of20KeithFerdinandMillerandHilkelinaLouisaMiller.pdf.pdf,.pdf,0,0,"",XX Original files,XX Original files,XX Original files,XX Original files,"","","","","",.pdf
"",06042020No6of20KeithFerdinandMillerandHilkelinaLouisaMiller.pdf.pdf,Corporate/XX Original files/06042020No6of20KeithFerdinandMillerandHilkelinaLouisaMiller.pdf.pdf,.pdf,0,0,"",XX Original files,XX Original files,XX Original files,XX Original files,"","","","","",.pdf
"",06042020No7of20KeithFerdinandMillerandHilkelinaLouisaMiller.pdf.pdf,Corporate/XX Original files/06042020No7of20KeithFerdinandMillerandHilkelinaLouisaMiller.pdf.pdf,.pdf,0,0,"",XX Original files,XX Original files,XX Original files,XX Original files,"","","","","",.pdf
"",06042020No8of20KeithFerdinandMillerandHilkelinaLouisaMiller.pdf.pdf,Corporate/XX Original files/06042020No8of20KeithFerdinandMillerandHilkelinaLouisaMiller.pdf.pdf,.pdf,0,0,"",XX Original files,XX Original files,XX Original files,XX Original files,"","","","","",.pdf
"",06042020No9of20BradleJohnGordonSamuelKeithGordonMatthewAlexanderGordon.pdf.pdf,Corporate/XX Original files/06042020No9of20BradleJohnGordonSamuelKeithGordonMatthewAlexanderGordon.pdf.pdf,.pdf,0,0,"",XX Original files,XX Original files,XX Original files,XX Original files,"","","","","",.pdf
"",LTD MOOGERAH MORTGAGE.pdf,Corporate/XX Original files/LTD MOOGERAH MORTGAGE.pdf,.pdf,0,0,"",XX Original files,XX Original files,XX Original files,XX Original files,"","","","","",.pdf
"",LYW Bank Account 15.01.20 - 18.05.20.pdf,Corporate/XX Original files/LYW Bank Account 15.01.20 - 18.05.20.pdf,.pdf,0,0,"",XX Original files,XX Original files,XX Original files,XX Original files,"","","","","",.pdf
"",Time Line.docx,Corporate/XX Original files/Time Line.docx,.docx,0,0,"",XX Original files,XX Original files,XX Original files,XX Original files,"","","","","",.docx
"",Time Line.xlsx,Corporate/XX Original files/Time Line.xlsx,.xlsx,0,0,"",XX Original files,XX Original files,XX Original files,XX Original files,"","","","","",.xlsx
"",Constitution Of Homes Of Hope.pdf,Corporate/XX Original files/Constitution Of Homes Of Hope.pdf,.pdf,0,0,"",XX Original files,XX Original files,XX Original files,XX Original files,"","","","","",.pdf
"",Current_Title_Search_18182074.pdf,Corporate/XX Original files/Current_Title_Search_18182074.pdf,.pdf,0,0,"",XX Original files,XX Original files,XX Original files,XX Original files,"","","","","",.pdf
"",Deed of Sale.docx,Corporate/XX Original files/Deed of Sale.docx,.docx,0,0,"",XX Original files,XX Original files,XX Original files,XX Original files,"","","","","",.docx
"",Deed of Sale.pdf,Corporate/XX Original files/Deed of Sale.pdf,.pdf,0,0,"",XX Original files,XX Original files,XX Original files,XX Original files,"","","","","",.pdf
"",form-d2.2_v10_12october2020.pdf,Corporate/XX Original files/form-d2.2_v10_12october2020.pdf,.pdf,0,0,"",XX Original files,XX Original files,XX Original files,XX Original files,"","","","","",.pdf
"",Livin the Dream ASIC.pdf,Corporate/XX Original files/Livin the Dream ASIC.pdf,.pdf,0,0,"",XX Original files,XX Original files,XX Original files,XX Original files,"","","","","",.pdf
"",MINUTES OF THE MEETING - Buyer.pdf,Corporate/XX Original files/MINUTES OF THE MEETING - Buyer.pdf,.pdf,0,0,"",XX Original files,XX Original files,XX Original files,XX Original files,"","","","","",.pdf
"",MINUTES OF THE MEETING - Seller.pdf,Corporate/XX Original files/MINUTES OF THE MEETING - Seller.pdf,.pdf,0,0,"",XX Original files,XX Original files,XX Original files,XX Original files,"","","","","",.pdf
"",Purchase of Moogerah.pdf,Corporate/XX Original files/Purchase of Moogerah.pdf,.pdf,0,0,"",XX Original files,XX Original files,XX Original files,XX Original files,"","","","","",.pdf
"",Queeensland Land Registry Form 1 and Form 24.docx,Corporate/XX Original files/Queeensland Land Registry Form 1 and Form 24.docx,.docx,0,0,"",XX Original files,XX Original files,XX Original files,XX Original files,"","","","","",.docx
"",Valuation_Report_1474_Lake_Moogerah_Road_Moogerah_QLD_4309_05-05-2022.pdf,Corporate/XX Original files/Valuation_Report_1474_Lake_Moogerah_Road_Moogerah_QLD_4309_05-05-2022.pdf,.pdf,0,0,"",XX Original files,XX Original files,XX Original files,XX Original files,"","","","","",.pdf
"",CMA-Report-1474-Lake-Moogerah-Road-Moogerah-QLD-4309-36647bf0-c9f9-4864-....pdf,Corporate/XX Original files/CMA-Report-1474-Lake-Moogerah-Road-Moogerah-QLD-4309-36647bf0-c9f9-4864-....pdf,.pdf,0,0,"",XX Original files,XX Original files,XX Original files,XX Original files,"","","","","",.pdf
"",Current_Title_Search_18182074.pdf,Corporate/XX Original files/Current_Title_Search_18182074.pdf,.pdf,0,0,"",XX Original files,XX Original files,XX Original files,XX Original files,"","","","","",.pdf
"",Depreciation Schedule Moogerah.pdf,Corporate/XX Original files/Depreciation Schedule Moogerah.pdf,.pdf,0,0,"",XX Original files,XX Original files,XX Original files,XX Original files,"","","","","",.pdf
"",Moogerah Booking 2022-2023.xlsx,Corporate/XX Original files/Moogerah Booking 2022-2023.xlsx,.xlsx,0,0,"",XX Original files,XX Original files,XX Original files,XX Original files,"","","","","",.xlsx
"",Signed licence agreement Moogerah.pdf,Corporate/XX Original files/Signed licence agreement Moogerah.pdf,.pdf,0,0,"",XX Original files,XX Original files,XX Original files,XX Original files,"","","","","",.pdf
"",Testimonies.docx,Corporate/XX Original files/Testimonies.docx,.docx,0,0,"",XX Original files,XX Original files,XX Original files,XX Original files,"","","","","",.docx
"",Valuation_Report_1474_Lake_Moogerah_Road_Moogerah_QLD_4309_05-05-2022.pdf,Corporate/XX Original files/Valuation_Report_1474_Lake_Moogerah_Road_Moogerah_QLD_4309_05-05-2022.pdf,.pdf,0,0,"",XX Original files,XX Original files,XX Original files,XX Original files,"","","","","",.pdf
"",Homes of Hopes.pdf,Corporate/XX Original files/Homes of Hopes.pdf,.pdf,0,0,"",XX Original files,XX Original files,XX Original files,XX Original files,"","","","","",.pdf
"",Homes of Hopes.png,Corporate/XX Original files/Homes of Hopes.png,.png,0,0,"",XX Original files,XX Original files,XX Original files,XX Original files,"","","","","",.png
"",20230316_ReasonsForDecision_Love Your World.pdf,Corporate/XX Original files/20230316_ReasonsForDecision_Love Your World.pdf,.pdf,0,0,"",XX Original files,XX Original files,XX Original files,XX Original files,"","","","","",.pdf
"",3 month Liquidation Report.pdf,Corporate/XX Original files/3 month Liquidation Report.pdf,.pdf,0,0,"",XX Original files,XX Original files,XX Original files,XX Original files,"","","","","",.pdf
"",5011V004 Form 5011 minutes lodged 10may23.pdf,Corporate/XX Original files/5011V004 Form 5011 minutes lodged 10may23.pdf,.pdf,0,0,"",XX Original files,XX Original files,XX Original files,XX Original files,"","","","","",.pdf
"",2018 Original Print _ Australian Taxation Office.pdf,Corporate/XX Original files/2018 Original Print _ Australian Taxation Office.pdf,.pdf,0,0,"",XX Original files,XX Original files,XX Original files,XX Original files,"","","","","",.pdf
"",2019 Original Print _ Australian Taxation Office.pdf,Corporate/XX Original files/2019 Original Print _ Australian Taxation Office.pdf,.pdf,0,0,"",XX Original files,XX Original files,XX Original files,XX Original files,"","","","","",.pdf
"",2019 Print _ Australian Taxation Office.pdf,Corporate/XX Original files/2019 Print _ Australian Taxation Office.pdf,.pdf,0,0,"",XX Original files,XX Original files,XX Original files,XX Original files,"","","","","",.pdf
"",2020 Original Print _ Australian Taxation Office.pdf,Corporate/XX Original files/2020 Original Print _ Australian Taxation Office.pdf,.pdf,0,0,"",XX Original files,XX Original files,XX Original files,XX Original files,"","","","","",.pdf
"",2020 Print _ Australian Taxation Office.pdf,Corporate/XX Original files/2020 Print _ Australian Taxation Office.pdf,.pdf,0,0,"",XX Original files,XX Original files,XX Original files,XX Original files,"","","","","",.pdf
"",2021 orginal Print _ Australian Taxation Office.pdf,Corporate/XX Original files/2021 orginal Print _ Australian Taxation Office.pdf,.pdf,0,0,"",XX Original files,XX Original files,XX Original files,XX Original files,"","","","","",.pdf
"",2021 Print _ Australian Taxation Office.pdf,Corporate/XX Original files/2021 Print _ Australian Taxation Office.pdf,.pdf,0,0,"",XX Original files,XX Original files,XX Original files,XX Original files,"","","","","",.pdf
"",7137267503913.pdf,Corporate/XX Original files/7137267503913.pdf,.pdf,0,0,"",XX Original files,XX Original files,XX Original files,XX Original files,"","","","","",.pdf
"",Summary Print _ Australian Taxation Office.pdf,Corporate/XX Original files/Summary Print _ Australian Taxation Office.pdf,.pdf,0,0,"",XX Original files,XX Original files,XX Original files,XX Original files,"","","","","",.pdf
"",20230127 Love Your World - withdrawal of Audit Reports for 2020 & 2019.pdf,Corporate/XX Original files/20230127 Love Your World - withdrawal of Audit Reports for 2020 & 2019.pdf,.pdf,0,0,"",XX Original files,XX Original files,XX Original files,XX Original files,"","","","","",.pdf
"",ASA_705_Compiled_2020.pdf,Corporate/XX Original files/ASA_705_Compiled_2020.pdf,.pdf,0,0,"",XX Original files,XX Original files,XX Original files,XX Original files,"","","","","",.pdf
"",Love_Your_World_2019.pdf,Corporate/XX Original files/Love_Your_World_2019.pdf,.pdf,0,0,"",XX Original files,XX Original files,XX Original files,XX Original files,"","","","","",.pdf
"",Love_Your_World_2020.pdf,Corporate/XX Original files/Love_Your_World_2020.pdf,.pdf,0,0,"",XX Original files,XX Original files,XX Original files,XX Original files,"","","","","",.pdf
"",ATO ICA.pdf,Corporate/XX Original files/ATO ICA.pdf,.pdf,0,0,"",XX Original files,XX Original files,XX Original files,XX Original files,"","","","","",.pdf
"",Financial Statements - Money Matters (Aus).pdf,Corporate/XX Original files/Financial Statements - Money Matters (Aus).pdf,.pdf,0,0,"",XX Original files,XX Original files,XX Original files,XX Original files,"","","","","",.pdf
"",June-20 consulting invoice.pdf,Corporate/XX Original files/June-20 consulting invoice.pdf,.pdf,0,0,"",XX Original files,XX Original files,XX Original files,XX Original files,"","","","","",.pdf
"",Company Tax Return Money Matters 2019-20.pdf,Corporate/XX Original files/Company Tax Return Money Matters 2019-20.pdf,.pdf,0,0,"",XX Original files,XX Original files,XX Original files,XX Original files,"","","","","",.pdf
"",Company Tax Return Money Matters 2020-21.pdf,Corporate/XX Original files/Company Tax Return Money Matters 2020-21.pdf,.pdf,0,0,"",XX Original files,XX Original files,XX Original files,XX Original files,"","","","","",.pdf
"",General Ledger [Detail] Money Matters 2019-20.pdf,Corporate/XX Original files/General Ledger [Detail] Money Matters 2019-20.pdf,.pdf,0,0,"",XX Original files,XX Original files,XX Original files,XX Original files,"","","","","",.pdf
"",General Ledger [Detail] Money Matters 2020-21.pdf,Corporate/XX Original files/General Ledger [Detail] Money Matters 2020-21.pdf,.pdf,0,0,"",XX Original files,XX Original files,XX Original files,XX Original files,"","","","","",.pdf
"",Profit & Loss [Accrual] Money Matters 2019-20.pdf,Corporate/XX Original files/Profit & Loss [Accrual] Money Matters 2019-20.pdf,.pdf,0,0,"",XX Original files,XX Original files,XX Original files,XX Original files,"","","","","",.pdf
"",Profit & Loss [Accrual] Money Matters 2020-21.pdf,Corporate/XX Original files/Profit & Loss [Accrual] Money Matters 2020-21.pdf,.pdf,0,0,"",XX Original files,XX Original files,XX Original files,XX Original files,"","","","","",.pdf
"",Standard Balance Sheet Money Matters 2020.pdf,Corporate/XX Original files/Standard Balance Sheet Money Matters 2020.pdf,.pdf,0,0,"",XX Original files,XX Original files,XX Original files,XX Original files,"","","","","",.pdf
"",Standard Balance Sheet Money Matters 2021.pdf,Corporate/XX Original files/Standard Balance Sheet Money Matters 2021.pdf,.pdf,0,0,"",XX Original files,XX Original files,XX Original files,XX Original files,"","","","","",.pdf
"",485873-2-1-1-l1_Demand LYW.pdf,Corporate/XX Original files/485873-2-1-1-l1_Demand LYW.pdf,.pdf,0,0,"",XX Original files,XX Original files,XX Original files,XX Original files,"","","","","",.pdf
"",BOQ IB - Account Details.pdf,Corporate/XX Original files/BOQ IB - Account Details.pdf,.pdf,0,0,"",XX Original files,XX Original files,XX Original files,XX Original files,"","","","","",.pdf
"",Company Tax Return Money Matters 2021-22.pdf,Corporate/XX Original files/Company Tax Return Money Matters 2021-22.pdf,.pdf,0,0,"",XX Original files,XX Original files,XX Original files,XX Original files,"","","","","",.pdf
"",David Linney Text to Rob after Board Meeting on the 1st of March.docx,Corporate/XX Original files/David Linney Text to Rob after Board Meeting on the 1st of March.docx,.docx,0,0,"",XX Original files,XX Original files,XX Original files,XX Original files,"","","","","",.docx
"",Letter to Auditor for LYW Proof of Debt .docx,Corporate/XX Original files/Letter to Auditor for LYW Proof of Debt .docx,.docx,0,0,"",XX Original files,XX Original files,XX Original files,XX Original files,"","","","","",.docx
"",Love_Your_World_-_Insurance.pdf,Corporate/XX Original files/Love_Your_World_-_Insurance.pdf,.pdf,0,0,"",XX Original files,XX Original files,XX Original files,XX Original files,"","","","","",.pdf
"",Money Matters Liquidation ASIC Part A.pdf,Corporate/XX Original files/Money Matters Liquidation ASIC Part A.pdf,.pdf,0,0,"",XX Original files,XX Original files,XX Original files,XX Original files,"","","","","",.pdf
"",Money Matters Liquidation ASIC Part B.pdf,Corporate/XX Original files/Money Matters Liquidation ASIC Part B.pdf,.pdf,0,0,"",XX Original files,XX Original files,XX Original files,XX Original files,"","","","","",.pdf
"",Money Matters Liquidation.pdf,Corporate/XX Original files/Money Matters Liquidation.pdf,.pdf,0,0,"",XX Original files,XX Original files,XX Original files,XX Original files,"","","","","",.pdf
"",Resolution 1 - MM - Debt forgiveness - Resolution of Members.pdf,Corporate/XX Original files/Resolution 1 - MM - Debt forgiveness - Resolution of Members.pdf,.pdf,0,0,"",XX Original files,XX Original files,XX Original files,XX Original files,"","","","","",.pdf
"",Audit 2018 Financial Report - Love_Your_World.pdf,Corporate/XX Original files/Audit 2018 Financial Report - Love_Your_World.pdf,.pdf,0,0,"",XX Original files,XX Original files,XX Original files,XX Original files,"","","","","",.pdf
"",Audit 2019 Financial Report - Love_Your_World.pdf,Corporate/XX Original files/Audit 2019 Financial Report - Love_Your_World.pdf,.pdf,0,0,"",XX Original files,XX Original files,XX Original files,XX Original files,"","","","","",.pdf
"",Audit 2020 Financial Report - Love_Your_World.pdf,Corporate/XX Original files/Audit 2020 Financial Report - Love_Your_World.pdf,.pdf,0,0,"",XX Original files,XX Original files,XX Original files,XX Original files,"","","","","",.pdf
"",Constitution 2013 to May 2020.pdf,Corporate/XX Original files/Constitution 2013 to May 2020.pdf,.pdf,0,0,"",XX Original files,XX Original files,XX Original files,XX Original files,"","","","","",.pdf
"",Constitution Current Love_Your_World_Constitution_V1.00.pdf,Corporate/XX Original files/Constitution Current Love_Your_World_Constitution_V1.00.pdf,.pdf,0,0,"",XX Original files,XX Original files,XX Original files,XX Original files,"","","","","",.pdf
"",Homes of Hope Business Plan_Mar2021 (002).docx,Corporate/XX Original files/Homes of Hope Business Plan_Mar2021 (002).docx,.docx,0,0,"",XX Original files,XX Original files,XX Original files,XX Original files,"","","","","",.docx
"",LYW appoint Legal Advice.docx,Corporate/XX Original files/LYW appoint Legal Advice.docx,.docx,0,0,"",XX Original files,XX Original files,XX Original files,XX Original files,"","","","","",.docx
"",Supply of Services Agreement Money Matters and Money Maid.docx,Corporate/XX Original files/Supply of Services Agreement Money Matters and Money Maid.docx,.docx,0,0,"",XX Original files,XX Original files,XX Original files,XX Original files,"","","","","",.docx
"",Who was the Auditor.docx,Corporate/XX Original files/Who was the Auditor.docx,.docx,0,0,"",XX Original files,XX Original files,XX Original files,XX Original files,"","","","","",.docx
"",Inv 1638 13 05 2022.pdf,Corporate/XX Original files/Inv 1638 13 05 2022.pdf,.pdf,0,0,"",XX Original files,XX Original files,XX Original files,XX Original files,"","","","","",.pdf
"",Inv 1638 19 05 2022.pdf,Corporate/XX Original files/Inv 1638 19 05 2022.pdf,.pdf,0,0,"",XX Original files,XX Original files,XX Original files,XX Original files,"","","","","",.pdf
"",Email showing his bill was capped.pdf,Corporate/XX Original files/Email showing his bill was capped.pdf,.pdf,0,0,"",XX Original files,XX Original files,XX Original files,XX Original files,"","","","","",.pdf
"",HOH Invoice INV-2277 showing credit.pdf,Corporate/XX Original files/HOH Invoice INV-2277 showing credit.pdf,.pdf,0,0,"",XX Original files,XX Original files,XX Original files,XX Original files,"","","","","",.pdf
"",HOH Invoice INV-2278 showing credit.pdf,Corporate/XX Original files/HOH Invoice INV-2278 showing credit.pdf,.pdf,0,0,"",XX Original files,XX Original files,XX Original files,XX Original files,"","","","","",.pdf
"",Invoice INV-2111 showing credit nothig owing .pdf,Corporate/XX Original files/Invoice INV-2111 showing credit nothig owing .pdf,.pdf,0,0,"",XX Original files,XX Original files,XX Original files,XX Original files,"","","","","",.pdf
"",Invoice INV-2111.pdf,Corporate/XX Original files/Invoice INV-2111.pdf,.pdf,0,0,"",XX Original files,XX Original files,XX Original files,XX Original files,"","","","","",.pdf
"",Invoice INV-2125 showing credit nothig owing .pdf,Corporate/XX Original files/Invoice INV-2125 showing credit nothig owing .pdf,.pdf,0,0,"",XX Original files,XX Original files,XX Original files,XX Original files,"","","","","",.pdf
"",Invoice INV-2125.pdf,Corporate/XX Original files/Invoice INV-2125.pdf,.pdf,0,0,"",XX Original files,XX Original files,XX Original files,XX Original files,"","","","","",.pdf
"",New Client Profile Individual V4.1.docx,Corporate/XX Original files/New Client Profile Individual V4.1.docx,.docx,0,0,"",XX Original files,XX Original files,XX Original files,XX Original files,"","","","","",.docx
"",Balance Sheets.xlsx,Corporate/XX Original files/Balance Sheets.xlsx,.xlsx,0,0,"",XX Original files,XX Original files,XX Original files,XX Original files,"","","","","",.xlsx
"",20230324 Board Meeting Homes of Hope.docx,Corporate/XX Original files/20230324 Board Meeting Homes of Hope.docx,.docx,0,0,"",XX Original files,XX Original files,XX Original files,XX Original files,"","","","","",.docx
"",Body Of Email with Response.docx,Corporate/XX Original files/Body Of Email with Response.docx,.docx,0,0,"",XX Original files,XX Original files,XX Original files,XX Original files,"","","","","",.docx
"",Minutes 20230327 AGM Homes of Hope.docx,Corporate/XX Original files/Minutes 20230327 AGM Homes of Hope.docx,.docx,0,0,"",XX Original files,XX Original files,XX Original files,XX Original files,"","","","","",.docx
"",Moogerah_Lakeside_Retreat_-_Profit_and_Loss_ STAYZ.xlsx,Corporate/XX Original files/Moogerah_Lakeside_Retreat_-_Profit_and_Loss_ STAYZ.xlsx,.xlsx,0,0,"",XX Original files,XX Original files,XX Original files,XX Original files,"","","","","",.xlsx
"",Add Responsible Person.pdf,Corporate/XX Original files/Add Responsible Person.pdf,.pdf,0,0,"",XX Original files,XX Original files,XX Original files,XX Original files,"","","","","",.pdf
"",Board Minutes 06 02 2023 HOH.pdf,Corporate/XX Original files/Board Minutes 06 02 2023 HOH.pdf,.pdf,0,0,"",XX Original files,XX Original files,XX Original files,XX Original files,"","","","","",.pdf
"",Draft Board Charter LYW.docx,Corporate/XX Original files/Draft Board Charter LYW.docx,.docx,0,0,"",XX Original files,XX Original files,XX Original files,XX Original files,"","","","","",.docx
"",LYW Meeting Minutes 2022 04 19.pdf,Corporate/XX Original files/LYW Meeting Minutes 2022 04 19.pdf,.pdf,0,0,"",XX Original files,XX Original files,XX Original files,XX Original files,"","","","","",.pdf
"",LYW Meeting Minutes 2022 05 31.pdf,Corporate/XX Original files/LYW Meeting Minutes 2022 05 31.pdf,.pdf,0,0,"",XX Original files,XX Original files,XX Original files,XX Original files,"","","","","",.pdf
"",LYW Meeting Minutes 2022 08 24.docx,Corporate/XX Original files/LYW Meeting Minutes 2022 08 24.docx,.docx,0,0,"",XX Original files,XX Original files,XX Original files,XX Original files,"","","","","",.docx
"",LYW Meeting Minutes 2022 11 16.pdf,Corporate/XX Original files/LYW Meeting Minutes 2022 11 16.pdf,.pdf,0,0,"",XX Original files,XX Original files,XX Original files,XX Original files,"","","","","",.pdf
"",Minutes 14 02 2023 HOH meeting.pdf,Corporate/XX Original files/Minutes 14 02 2023 HOH meeting.pdf,.pdf,0,0,"",XX Original files,XX Original files,XX Original files,XX Original files,"","","","","",.pdf
"",Minutes 20230327 AGM Homes of Hope.docx,Corporate/XX Original files/Minutes 20230327 AGM Homes of Hope.docx,.docx,0,0,"",XX Original files,XX Original files,XX Original files,XX Original files,"","","","","",.docx
"",Recklessness for Income Tax ATO Love Your World.pdf,Corporate/XX Original files/Recklessness for Income Tax ATO Love Your World.pdf,.pdf,0,0,"",XX Original files,XX Original files,XX Original files,XX Original files,"","","","","",.pdf
"",'Refund Franknig Credits.docx,Corporate/XX Original files/'Refund Franknig Credits.docx,.docx,0,0,"",XX Original files,XX Original files,XX Original files,XX Original files,"","","","","",.docx
"",Proxy Homes of Hope.pdf,Corporate/XX Original files/Proxy Homes of Hope.pdf,.pdf,0,0,"",XX Original files,XX Original files,XX Original files,XX Original files,"","","","","",.pdf
"",04. Multiplace Showing weird Pricing Structure Invoice INV-2002 (2).pdf,Corporate/XX Original files/04. Multiplace Showing weird Pricing Structure Invoice INV-2002 (2).pdf,.pdf,0,0,"",XX Original files,XX Original files,XX Original files,XX Original files,"","","","","",.pdf
"",04. Multiplace Std Cost for Invoice INV-1953.pdf,Corporate/XX Original files/04. Multiplace Std Cost for Invoice INV-1953.pdf,.pdf,0,0,"",XX Original files,XX Original files,XX Original files,XX Original files,"","","","","",.pdf
"",05. Engagement letter - Love Your World - signed.pdf,Corporate/XX Original files/05. Engagement letter - Love Your World - signed.pdf,.pdf,0,0,"",XX Original files,XX Original files,XX Original files,XX Original files,"","","","","",.pdf
"",05. Multiplace for Feb Work Invoice INV-2111.pdf,Corporate/XX Original files/05. Multiplace for Feb Work Invoice INV-2111.pdf,.pdf,0,0,"",XX Original files,XX Original files,XX Original files,XX Original files,"","","","","",.pdf
"",05. Multiplace showing Solvency 2822023 ATO corro re closure.docx,Corporate/XX Original files/05. Multiplace showing Solvency 2822023 ATO corro re closure.docx,.docx,0,0,"",XX Original files,XX Original files,XX Original files,XX Original files,"","","","","",.docx
"",08. LYW Meeting Minutes 2022 11 16.pdf,Corporate/XX Original files/08. LYW Meeting Minutes 2022 11 16.pdf,.pdf,0,0,"",XX Original files,XX Original files,XX Original files,XX Original files,"","","","","",.pdf
"",11. C. i. W2G ASX Shares.docx,Corporate/XX Original files/11. C. i. W2G ASX Shares.docx,.docx,0,0,"",XX Original files,XX Original files,XX Original files,XX Original files,"","","","","",.docx
"",11. C. i. W2G_Assets_Pty_Ltd_-_Balance_Sheet.xlsx,Corporate/XX Original files/11. C. i. W2G_Assets_Pty_Ltd_-_Balance_Sheet.xlsx,.xlsx,0,0,"",XX Original files,XX Original files,XX Original files,XX Original files,"","","","","",.xlsx
"",11. D. i. Rachels Salary.pdf,Corporate/XX Original files/11. D. i. Rachels Salary.pdf,.pdf,0,0,"",XX Original files,XX Original files,XX Original files,XX Original files,"","","","","",.pdf
"",12. Employment Contract Kaab Rehman.pdf,Corporate/XX Original files/12. Employment Contract Kaab Rehman.pdf,.pdf,0,0,"",XX Original files,XX Original files,XX Original files,XX Original files,"","","","","",.pdf
"",Questions for Lawyer .docx,Corporate/XX Original files/Questions for Lawyer .docx,.docx,0,0,"",XX Original files,XX Original files,XX Original files,XX Original files,"","","","","",.docx
"",HOH - Interest Free Loan Facility Agreement - Khiroya.docx,Corporate/XX Original files/HOH - Interest Free Loan Facility Agreement - Khiroya.docx,.docx,0,0,"",XX Original files,XX Original files,XX Original files,XX Original files,"","","","","",.docx
"",HOH - National Mortgage Document - Khiroya.docx,Corporate/XX Original files/HOH - National Mortgage Document - Khiroya.docx,.docx,0,0,"",XX Original files,XX Original files,XX Original files,XX Original files,"","","","","",.docx
"",Khiroya Shared equity Signed Agreement HOH.pdf,Corporate/XX Original files/Khiroya Shared equity Signed Agreement HOH.pdf,.pdf,0,0,"",XX Original files,XX Original files,XX Original files,XX Original files,"","","","","",.pdf
"",Khiroya Shared equity Signed Agreement LYW.pdf,Corporate/XX Original files/Khiroya Shared equity Signed Agreement LYW.pdf,.pdf,0,0,"",XX Original files,XX Original files,XX Original files,XX Original files,"","","","","",.pdf
"",Land Registry Release of Mortgage Form 3 version 4 - Khiroya.pdf,Corporate/XX Original files/Land Registry Release of Mortgage Form 3 version 4 - Khiroya.pdf,.pdf,0,0,"",XX Original files,XX Original files,XX Original files,XX Original files,"","","","","",.pdf
"",Mortgage Conditions Annexure.docx,Corporate/XX Original files/Mortgage Conditions Annexure.docx,.docx,0,0,"",XX Original files,XX Original files,XX Original files,XX Original files,"","","","","",.docx
"",Scannable Document on 20 Nov 2023 at 5_21_01 pm.pdf,Corporate/XX Original files/Scannable Document on 20 Nov 2023 at 5_21_01 pm.pdf,.pdf,0,0,"",XX Original files,XX Original files,XX Original files,XX Original files,"","","","","",.pdf
"",Titles Showing HOH Khiroya.pdf,Corporate/XX Original files/Titles Showing HOH Khiroya.pdf,.pdf,0,0,"",XX Original files,XX Original files,XX Original files,XX Original files,"","","","","",.pdf
"",Titles Showing LYW Khiroya.pdf,Corporate/XX Original files/Titles Showing LYW Khiroya.pdf,.pdf,0,0,"",XX Original files,XX Original files,XX Original files,XX Original files,"","","","","",.pdf
"",HOH - Interest Free Loan Facility Agreement - Mansfield.docx,Corporate/XX Original files/HOH - Interest Free Loan Facility Agreement - Mansfield.docx,.docx,0,0,"",XX Original files,XX Original files,XX Original files,XX Original files,"","","","","",.docx
"",HOH - National Mortgage Document - Mansfield.docx,Corporate/XX Original files/HOH - National Mortgage Document - Mansfield.docx,.docx,0,0,"",XX Original files,XX Original files,XX Original files,XX Original files,"","","","","",.docx
"",Land Registry Release of Mortgage Form 3 version 4 - Mansfield.pdf,Corporate/XX Original files/Land Registry Release of Mortgage Form 3 version 4 - Mansfield.pdf,.pdf,0,0,"",XX Original files,XX Original files,XX Original files,XX Original files,"","","","","",.pdf
"",Mansfield Signed Shared Equity Agreement HOH.pdf,Corporate/XX Original files/Mansfield Signed Shared Equity Agreement HOH.pdf,.pdf,0,0,"",XX Original files,XX Original files,XX Original files,XX Original files,"","","","","",.pdf
"",Mansfield Signed Shared Equity Agreement LYW.pdf,Corporate/XX Original files/Mansfield Signed Shared Equity Agreement LYW.pdf,.pdf,0,0,"",XX Original files,XX Original files,XX Original files,XX Original files,"","","","","",.pdf
"",Scannable Document on 20 Nov 2023 at 5_22_06 pm.pdf,Corporate/XX Original files/Scannable Document on 20 Nov 2023 at 5_22_06 pm.pdf,.pdf,0,0,"",XX Original files,XX Original files,XX Original files,XX Original files,"","","","","",.pdf
"",Shared Equity signed Agreement HOH from LYW.pdf,Corporate/XX Original files/Shared Equity signed Agreement HOH from LYW.pdf,.pdf,0,0,"",XX Original files,XX Original files,XX Original files,XX Original files,"","","","","",.pdf
"",Title Showing HOH Mansfield.pdf,Corporate/XX Original files/Title Showing HOH Mansfield.pdf,.pdf,0,0,"",XX Original files,XX Original files,XX Original files,XX Original files,"","","","","",.pdf
"",Title Showing LYW Mansfield.pdf,Corporate/XX Original files/Title Showing LYW Mansfield.pdf,.pdf,0,0,"",XX Original files,XX Original files,XX Original files,XX Original files,"","","","","",.pdf
"",c2QATSLotPlanTitleOrderS (3).pdf,Corporate/XX Original files/c2QATSLotPlanTitleOrderS (3).pdf,.pdf,0,0,"",XX Original files,XX Original files,XX Original files,XX Original files,"","","","","",.pdf
"",Interest Free Loan Facility Agreement - Khiroya.docx,Corporate/XX Original files/Interest Free Loan Facility Agreement - Khiroya.docx,.docx,0,0,"",XX Original files,XX Original files,XX Original files,XX Original files,"","","","","",.docx
"",Interest Free Loan Facility Agreement.docx,Corporate/XX Original files/Interest Free Loan Facility Agreement.docx,.docx,0,0,"",XX Original files,XX Original files,XX Original files,XX Original files,"","","","","",.docx
"",National Mortgage Document - Khiroya.pdf,Corporate/XX Original files/National Mortgage Document - Khiroya.pdf,.pdf,0,0,"",XX Original files,XX Original files,XX Original files,XX Original files,"","","","","",.pdf
"",National Mortgage Document.docx,Corporate/XX Original files/National Mortgage Document.docx,.docx,0,0,"",XX Original files,XX Original files,XX Original files,XX Original files,"","","","","",.docx
"",Titles Showing LYW Khiroya.pdf,Corporate/XX Original files/Titles Showing LYW Khiroya.pdf,.pdf,0,0,"",XX Original files,XX Original files,XX Original files,XX Original files,"","","","","",.pdf
"",c2QATSLotPlanTitleOrderS (2).pdf,Corporate/XX Original files/c2QATSLotPlanTitleOrderS (2).pdf,.pdf,0,0,"",XX Original files,XX Original files,XX Original files,XX Original files,"","","","","",.pdf
"",Interest Free Loan Facility Agreement - Mansfield.docx,Corporate/XX Original files/Interest Free Loan Facility Agreement - Mansfield.docx,.docx,0,0,"",XX Original files,XX Original files,XX Original files,XX Original files,"","","","","",.docx
"",National Mortgage Document - Mansfield.pdf,Corporate/XX Original files/National Mortgage Document - Mansfield.pdf,.pdf,0,0,"",XX Original files,XX Original files,XX Original files,XX Original files,"","","","","",.pdf
"",Schedule - Form 20 - LYW.docx,Corporate/XX Original files/Schedule - Form 20 - LYW.docx,.docx,0,0,"",XX Original files,XX Original files,XX Original files,XX Original files,"","","","","",.docx
"",Title Showing LYW Mansfield.pdf,Corporate/XX Original files/Title Showing LYW Mansfield.pdf,.pdf,0,0,"",XX Original files,XX Original files,XX Original files,XX Original files,"","","","","",.pdf
"",Joint Equity - Unit Trust Transfer Form - Love your world.pdf,Corporate/XX Original files/Joint Equity - Unit Trust Transfer Form - Love your world.pdf,.pdf,0,0,"",XX Original files,XX Original files,XX Original files,XX Original files,"","","","","",.pdf
"",cc-mail-payment-request.pdf,Corporate/XX Original files/cc-mail-payment-request.pdf,.pdf,0,0,"",XX Original files,XX Original files,XX Original files,XX Original files,"","","","","",.pdf
"",Khiroya Shared Equity .pdf,Corporate/XX Original files/Khiroya Shared Equity .pdf,.pdf,0,0,"",XX Original files,XX Original files,XX Original files,XX Original files,"","","","","",.pdf
"",Mansfield Shared Equity.pdf,Corporate/XX Original files/Mansfield Shared Equity.pdf,.pdf,0,0,"",XX Original files,XX Original files,XX Original files,XX Original files,"","","","","",.pdf
"",AGM Template Homes of Hope.docx,Corporate/XX Original files/AGM Template Homes of Hope.docx,.docx,0,0,"",XX Original files,XX Original files,XX Original files,XX Original files,"","","","","",.docx
"",Board Template Homes of Hope.docx,Corporate/XX Original files/Board Template Homes of Hope.docx,.docx,0,0,"",XX Original files,XX Original files,XX Original files,XX Original files,"","","","","",.docx
"",homes of hope letterhead.docx,Corporate/XX Original files/homes of hope letterhead.docx,.docx,0,0,"",XX Original files,XX Original files,XX Original files,XX Original files,"","","","","",.docx
"",homes of hope Watermark.docx,Corporate/XX Original files/homes of hope Watermark.docx,.docx,0,0,"",XX Original files,XX Original files,XX Original files,XX Original files,"","","","","",.docx
"",Timeline.docx,Corporate/XX Original files/Timeline.docx,.docx,0,0,"",XX Original files,XX Original files,XX Original files,XX Original files,"","","","","",.docx
"",Invoice INV-2111.pdf,Corporate/XX Original files/Invoice INV-2111.pdf,.pdf,0,0,"",XX Original files,XX Original files,XX Original files,XX Original files,"","","","","",.pdf
"",XERo Changes by Multiplace.docx,Corporate/XX Original files/XERo Changes by Multiplace.docx,.docx,0,0,"",XX Original files,XX Original files,XX Original files,XX Original files,"","","","","",.docx
"",6th August 2025 Dividend Declared.docx,Corporate/XX Original files/6th August 2025 Dividend Declared.docx,.docx,0,0,"",XX Original files,XX Original files,XX Original files,XX Original files,"","","","","",.docx
"",change constiution objectives.docx,Corporate/XX Original files/change constiution objectives.docx,.docx,0,0,"",XX Original files,XX Original files,XX Original files,XX Original files,"","","","","",.docx
"",Homes Of Hope ASIC.pdf,Corporate/XX Original files/Homes Of Hope ASIC.pdf,.pdf,0,0,"",XX Original files,XX Original files,XX Original files,XX Original files,"","","","","",.pdf
"",Homes of Hope FRANKING CREDITS.pdf,Corporate/XX Original files/Homes of Hope FRANKING CREDITS.pdf,.pdf,0,0,"",XX Original files,XX Original files,XX Original files,XX Original files,"","","","","",.pdf
"",Homes of Hope Limited Constitution.pdf,Corporate/XX Original files/Homes of Hope Limited Constitution.pdf,.pdf,0,0,"",XX Original files,XX Original files,XX Original files,XX Original files,"","","","","",.pdf
"",Homes of Hope Tax Status.pdf,Corporate/XX Original files/Homes of Hope Tax Status.pdf,.pdf,0,0,"",XX Original files,XX Original files,XX Original files,XX Original files,"","","","","",.pdf
"",Membership.xlsx,Corporate/XX Original files/Membership.xlsx,.xlsx,0,0,"",XX Original files,XX Original files,XX Original files,XX Original files,"","","","","",.xlsx
"",Netregistry Homes of HOpe 51.95.pdf,Corporate/XX Original files/Netregistry Homes of HOpe 51.95.pdf,.pdf,0,0,"",XX Original files,XX Original files,XX Original files,XX Original files,"","","","","",.pdf
"",Redchip.xlsx,Corporate/XX Original files/Redchip.xlsx,.xlsx,0,0,"",XX Original files,XX Original files,XX Original files,XX Original files,"","","","","",.xlsx
"",Changes to Objectives Constitution.docx,Corporate/XX Original files/Changes to Objectives Constitution.docx,.docx,0,0,"",XX Original files,XX Original files,XX Original files,XX Original files,"","","","","",.docx
"",Homes of Hope Limited Constitution - Changed.docx,Corporate/XX Original files/Homes of Hope Limited Constitution - Changed.docx,.docx,0,0,"",XX Original files,XX Original files,XX Original files,XX Original files,"","","","","",.docx
"",Homes of Hope Limited Constitution - Original.docx,Corporate/XX Original files/Homes of Hope Limited Constitution - Original.docx,.docx,0,0,"",XX Original files,XX Original files,XX Original files,XX Original files,"","","","","",.docx
"",Conflict Of Interest Register.xlsx,Corporate/XX Original files/Conflict Of Interest Register.xlsx,.xlsx,0,0,"",XX Original files,XX Original files,XX Original files,XX Original files,"","","","","",.xlsx
"",Current Moogerah_Lakeside_Retreat_-_Balance_Sheet.pdf,Corporate/XX Original files/Current Moogerah_Lakeside_Retreat_-_Balance_Sheet.pdf,.pdf,0,0,"",XX Original files,XX Original files,XX Original files,XX Original files,"","","","","",.pdf
"",Current Moogerah_Lakeside_Retreat_-_Profit_and_Loss.pdf,Corporate/XX Original files/Current Moogerah_Lakeside_Retreat_-_Profit_and_Loss.pdf,.pdf,0,0,"",XX Original files,XX Original files,XX Original files,XX Original files,"","","","","",.pdf
"",Draft - ATO Response 20 02 2023.docx,Corporate/XX Original files/Draft - ATO Response 20 02 2023.docx,.docx,0,0,"",XX Original files,XX Original files,XX Original files,XX Original files,"","","","","",.docx
"",FY 2021 Homes Of Hope Consolidated Financials - Unsigned.pdf,Corporate/XX Original files/FY 2021 Homes Of Hope Consolidated Financials - Unsigned.pdf,.pdf,0,0,"",XX Original files,XX Original files,XX Original files,XX Original files,"","","","","",.pdf
"",FY 2022 Homes Of Hope Conslidated Financials - Unsigned.pdf,Corporate/XX Original files/FY 2022 Homes Of Hope Conslidated Financials - Unsigned.pdf,.pdf,0,0,"",XX Original files,XX Original files,XX Original files,XX Original files,"","","","","",.pdf
"",HOH Consolidated - Company Financials 2021.xlsx,Corporate/XX Original files/HOH Consolidated - Company Financials 2021.xlsx,.xlsx,0,0,"",XX Original files,XX Original files,XX Original files,XX Original files,"","","","","",.xlsx
"",Homes Of Hope - LYW - Div-7A Loan Agreement - signed (1).pdf,Corporate/XX Original files/Homes Of Hope - LYW - Div-7A Loan Agreement - signed (1).pdf,.pdf,0,0,"",XX Original files,XX Original files,XX Original files,XX Original files,"","","","","",.pdf
"",Homes Of Hope Consolidated - Company Financials 2022.xlsx,Corporate/XX Original files/Homes Of Hope Consolidated - Company Financials 2022.xlsx,.xlsx,0,0,"",XX Original files,XX Original files,XX Original files,XX Original files,"","","","","",.xlsx
"",Homes Of Hope Consolidated 2021 - All Companies.xlsx,Corporate/XX Original files/Homes Of Hope Consolidated 2021 - All Companies.xlsx,.xlsx,0,0,"",XX Original files,XX Original files,XX Original files,XX Original files,"","","","","",.xlsx
"",Homes Of Hope consolidated 2022 - All Companies.xlsx,Corporate/XX Original files/Homes Of Hope consolidated 2022 - All Companies.xlsx,.xlsx,0,0,"",XX Original files,XX Original files,XX Original files,XX Original files,"","","","","",.xlsx
"",Homes_Of_Hope_Ltd_-_Account_Transactions FY21.xlsx,Corporate/XX Original files/Homes_Of_Hope_Ltd_-_Account_Transactions FY21.xlsx,.xlsx,0,0,"",XX Original files,XX Original files,XX Original files,XX Original files,"","","","","",.xlsx
"",Homes_Of_Hope_Ltd_-_Account_Transactions FY22.xlsx,Corporate/XX Original files/Homes_Of_Hope_Ltd_-_Account_Transactions FY22.xlsx,.xlsx,0,0,"",XX Original files,XX Original files,XX Original files,XX Original files,"","","","","",.xlsx
"",Homes_Of_Hope_Ltd_-_Balance_Sheet_FY21.xlsx,Corporate/XX Original files/Homes_Of_Hope_Ltd_-_Balance_Sheet_FY21.xlsx,.xlsx,0,0,"",XX Original files,XX Original files,XX Original files,XX Original files,"","","","","",.xlsx
"",Homes_Of_Hope_Ltd_-_Balance_Sheet_FY22.xlsx,Corporate/XX Original files/Homes_Of_Hope_Ltd_-_Balance_Sheet_FY22.xlsx,.xlsx,0,0,"",XX Original files,XX Original files,XX Original files,XX Original files,"","","","","",.xlsx
"",Homes_Of_Hope_Ltd_-_Cash_Summary.xlsx,Corporate/XX Original files/Homes_Of_Hope_Ltd_-_Cash_Summary.xlsx,.xlsx,0,0,"",XX Original files,XX Original files,XX Original files,XX Original files,"","","","","",.xlsx
"",Homes_Of_Hope_Ltd_-_Profit_and_Loss FY21.xlsx,Corporate/XX Original files/Homes_Of_Hope_Ltd_-_Profit_and_Loss FY21.xlsx,.xlsx,0,0,"",XX Original files,XX Original files,XX Original files,XX Original files,"","","","","",.xlsx
"",Homes_Of_Hope_Ltd_-_Profit_and_Loss_FY22.xlsx,Corporate/XX Original files/Homes_Of_Hope_Ltd_-_Profit_and_Loss_FY22.xlsx,.xlsx,0,0,"",XX Original files,XX Original files,XX Original files,XX Original files,"","","","","",.xlsx
"",Livin the Dream GL 2021 FY (1).xlsx,Corporate/XX Original files/Livin the Dream GL 2021 FY (1).xlsx,.xlsx,0,0,"",XX Original files,XX Original files,XX Original files,XX Original files,"","","","","",.xlsx
"",Livin_the_Dream_Pty_Ltd_-_Balance_Sheet FY21.xlsx,Corporate/XX Original files/Livin_the_Dream_Pty_Ltd_-_Balance_Sheet FY21.xlsx,.xlsx,0,0,"",XX Original files,XX Original files,XX Original files,XX Original files,"","","","","",.xlsx
"",Livin_the_Dream_Pty_Ltd_-_Balance_Sheet_FY22.xlsx,Corporate/XX Original files/Livin_the_Dream_Pty_Ltd_-_Balance_Sheet_FY22.xlsx,.xlsx,0,0,"",XX Original files,XX Original files,XX Original files,XX Original files,"","","","","",.xlsx
"",Livin_the_Dream_Pty_Ltd_-_Cash_Summary.pdf,Corporate/XX Original files/Livin_the_Dream_Pty_Ltd_-_Cash_Summary.pdf,.pdf,0,0,"",XX Original files,XX Original files,XX Original files,XX Original files,"","","","","",.pdf
"",Livin_the_Dream_Pty_Ltd_-_Gen ledger 2022 FY.xlsx,Corporate/XX Original files/Livin_the_Dream_Pty_Ltd_-_Gen ledger 2022 FY.xlsx,.xlsx,0,0,"",XX Original files,XX Original files,XX Original files,XX Original files,"","","","","",.xlsx
"",Livin_the_Dream_Pty_Ltd_-_Profit_and_Loss FY21.xlsx,Corporate/XX Original files/Livin_the_Dream_Pty_Ltd_-_Profit_and_Loss FY21.xlsx,.xlsx,0,0,"",XX Original files,XX Original files,XX Original files,XX Original files,"","","","","",.xlsx
"",Livin_the_Dream_Pty_Ltd_-_Profit_and_Loss_FY22.xlsx,Corporate/XX Original files/Livin_the_Dream_Pty_Ltd_-_Profit_and_Loss_FY22.xlsx,.xlsx,0,0,"",XX Original files,XX Original files,XX Original files,XX Original files,"","","","","",.xlsx
"",Loan - LYW and HOH Transactions 21 and 22 FY.xlsx,Corporate/XX Original files/Loan - LYW and HOH Transactions 21 and 22 FY.xlsx,.xlsx,0,0,"",XX Original files,XX Original files,XX Original files,XX Original files,"","","","","",.xlsx
"",ATO Debt Saying Due April 2023.pdf,Corporate/XX Original files/ATO Debt Saying Due April 2023.pdf,.pdf,0,0,"",XX Original files,XX Original files,XX Original files,XX Original files,"","","","","",.pdf
"",Commerciality of Gift of Livin The Dream.docx,Corporate/XX Original files/Commerciality of Gift of Livin The Dream.docx,.docx,0,0,"",XX Original files,XX Original files,XX Original files,XX Original files,"","","","","",.docx
"",Paper on Uncommercial Transactions.PDF.pdf,Corporate/XX Original files/Paper on Uncommercial Transactions.PDF.pdf,.pdf,0,0,"",XX Original files,XX Original files,XX Original files,XX Original files,"","","","","",.pdf
"",Robs Point of View.docx,Corporate/XX Original files/Robs Point of View.docx,.docx,0,0,"",XX Original files,XX Original files,XX Original files,XX Original files,"","","","","",.docx
"",When Did LYW Become Insolvent.docx,Corporate/XX Original files/When Did LYW Become Insolvent.docx,.docx,0,0,"",XX Original files,XX Original files,XX Original files,XX Original files,"","","","","",.docx
"",20250923 Board Meeting Homes Of Hope - Agenda.docx,Corporate/XX Original files/20250923 Board Meeting Homes Of Hope - Agenda.docx,.docx,0,0,"",XX Original files,XX Original files,XX Original files,XX Original files,"","","","","",.docx
"",20250923 Board Meeting Homes Of Hope - Minutes.docx,Corporate/XX Original files/20250923 Board Meeting Homes Of Hope - Minutes.docx,.docx,0,0,"",XX Original files,XX Original files,XX Original files,XX Original files,"","","","","",.docx
"",20250923 Board Meeting Homes Of Hope.docx,Corporate/XX Original files/20250923 Board Meeting Homes Of Hope.docx,.docx,0,0,"",XX Original files,XX Original files,XX Original files,XX Original files,"","","","","",.docx
"",Homes_Of_Hope_Limited_-_Balance_Sheet.pdf,Corporate/XX Original files/Homes_Of_Hope_Limited_-_Balance_Sheet.pdf,.pdf,0,0,"",XX Original files,XX Original files,XX Original files,XX Original files,"","","","","",.pdf
"",Homes_Of_Hope_Limited_-_Profit_and_Loss.pdf,Corporate/XX Original files/Homes_Of_Hope_Limited_-_Profit_and_Loss.pdf,.pdf,0,0,"",XX Original files,XX Original files,XX Original files,XX Original files,"","","","","",.pdf
"",Livin_The_Dream_PTY_LTD_-_Balance_Sheet_1.pdf,Corporate/XX Original files/Livin_The_Dream_PTY_LTD_-_Balance_Sheet_1.pdf,.pdf,0,0,"",XX Original files,XX Original files,XX Original files,XX Original files,"","","","","",.pdf
"",Livin_The_Dream_PTY_LTD_-_Profit_and_Loss_1.pdf,Corporate/XX Original files/Livin_The_Dream_PTY_LTD_-_Profit_and_Loss_1.pdf,.pdf,0,0,"",XX Original files,XX Original files,XX Original files,XX Original files,"","","","","",.pdf
"",BOQ IB - Transfers & BPAY.pdf,Corporate/XX Original files/BOQ IB - Transfers & BPAY.pdf,.pdf,0,0,"",XX Original files,XX Original files,XX Original files,XX Original files,"","","","","",.pdf
"",CMA-Report-70-COLLETT-STREET-EIGHT-MILE-PLAINS-QLD-4113-71824245-8f1f-42f5-8b28-f5a273c87f05.pdf,Corporate/XX Original files/CMA-Report-70-COLLETT-STREET-EIGHT-MILE-PLAINS-QLD-4113-71824245-8f1f-42f5-8b28-f5a273c87f05.pdf,.pdf,0,0,"",XX Original files,XX Original files,XX Original files,XX Original files,"","","","","",.pdf
"",CMA-Report-7-WALLABY-PARADE-ROCHEDALE-QLD-4123-6306be5e-50cb-4274-88bb-e9c6b8d24a27.pdf,Corporate/XX Original files/CMA-Report-7-WALLABY-PARADE-ROCHEDALE-QLD-4123-6306be5e-50cb-4274-88bb-e9c6b8d24a27.pdf,.pdf,0,0,"",XX Original files,XX Original files,XX Original files,XX Original files,"","","","","",.pdf
"",HOME-2311-Valuation Report [SIGNED] 21-Nov-2023 R.pdf,Corporate/XX Original files/HOME-2311-Valuation Report [SIGNED] 21-Nov-2023 R.pdf,.pdf,0,0,"",XX Original files,XX Original files,XX Original files,XX Original files,"","","","","",.pdf
"",Homes of Hope - Engagement Letter 15-Nov-2023.pdf,Corporate/XX Original files/Homes of Hope - Engagement Letter 15-Nov-2023.pdf,.pdf,0,0,"",XX Original files,XX Original files,XX Original files,XX Original files,"","","","","",.pdf
"",Offer to Purchase Shared Equity Agreement - James Harder - Outlook.pdf,Corporate/XX Original files/Offer to Purchase Shared Equity Agreement - James Harder - Outlook.pdf,.pdf,0,0,"",XX Original files,XX Original files,XX Original files,XX Original files,"","","","","",.pdf
"",Shared equity Agreement.xlsx,Corporate/XX Original files/Shared equity Agreement.xlsx,.xlsx,0,0,"",XX Original files,XX Original files,XX Original files,XX Original files,"","","","","",.xlsx
"",Tekna Pty Ltd.Deed of Novation - Khiroya .231122.FINAL.docx,Corporate/XX Original files/Tekna Pty Ltd.Deed of Novation - Khiroya .231122.FINAL.docx,.docx,0,0,"",XX Original files,XX Original files,XX Original files,XX Original files,"","","","","",.docx
"",Tekna Pty Ltd.Deed of Novation - Mansfield.231122.FINAL.docx,Corporate/XX Original files/Tekna Pty Ltd.Deed of Novation - Mansfield.231122.FINAL.docx,.docx,0,0,"",XX Original files,XX Original files,XX Original files,XX Original files,"","","","","",.docx
"",20230127 Love Your World - withdrawal of Audit Reports for 2020 & 2019.pdf,Corporate/XX Original files/20230127 Love Your World - withdrawal of Audit Reports for 2020 & 2019.pdf,.pdf,0,0,"",XX Original files,XX Original files,XX Original files,XX Original files,"","","","","",.pdf
"",Aaron text messages between Multipalce and Aaron.docx,Corporate/XX Original files/Aaron text messages between Multipalce and Aaron.docx,.docx,0,0,"",XX Original files,XX Original files,XX Original files,XX Original files,"","","","","",.docx
"",David Linney Text to Rob after Board Meeting on the 1st of March.docx,Corporate/XX Original files/David Linney Text to Rob after Board Meeting on the 1st of March.docx,.docx,0,0,"",XX Original files,XX Original files,XX Original files,XX Original files,"","","","","",.docx
"",Email Body.docx,Corporate/XX Original files/Email Body.docx,.docx,0,0,"",XX Original files,XX Original files,XX Original files,XX Original files,"","","","","",.docx
"",Information Request.docx,Corporate/XX Original files/Information Request.docx,.docx,0,0,"",XX Original files,XX Original files,XX Original files,XX Original files,"","","","","",.docx
"",OGUT CRPN conversion deed.pdf,Corporate/XX Original files/OGUT CRPN conversion deed.pdf,.pdf,0,0,"",XX Original files,XX Original files,XX Original files,XX Original files,"","","","","",.pdf
"",Response to Liquidator.docx,Corporate/XX Original files/Response to Liquidator.docx,.docx,0,0,"",XX Original files,XX Original files,XX Original files,XX Original files,"","","","","",.docx
"",Information Request.pdf,Corporate/XX Original files/Information Request.pdf,.pdf,0,0,"",XX Original files,XX Original files,XX Original files,XX Original files,"","","","","",.pdf
"",Liquidation_ A guide for creditors _ ASIC.pdf,Corporate/XX Original files/Liquidation_ A guide for creditors _ ASIC.pdf,.pdf,0,0,"",XX Original files,XX Original files,XX Original files,XX Original files,"","","","","",.pdf
"",Reviewing liquidator LYW FORM 5605_20170901.pdf,Corporate/XX Original files/Reviewing liquidator LYW FORM 5605_20170901.pdf,.pdf,0,0,"",XX Original files,XX Original files,XX Original files,XX Original files,"","","","","",.pdf
"",Draft - Business Plan - Homes Of Hope Ltd.docx,Corporate/XX Original files/Draft - Business Plan - Homes Of Hope Ltd.docx,.docx,0,0,"",XX Original files,XX Original files,XX Original files,XX Original files,"","","","","",.docx
"",Draft - Pitch Deck - Homes Of Hope Ltd.docx,Corporate/XX Original files/Draft - Pitch Deck - Homes Of Hope Ltd.docx,.docx,0,0,"",XX Original files,XX Original files,XX Original files,XX Original files,"","","","","",.docx
"",Homes of Hope Business Plan_Mar2021 Info Supplied to ACNC for Registration See Also Email .docx,Corporate/XX Original files/Homes of Hope Business Plan_Mar2021 Info Supplied to ACNC for Registration See Also Email .docx,.docx,0,0,"",XX Original files,XX Original files,XX Original files,XX Original files,"","","","","",.docx
"",Homes of Hope Business Plan_Mar2021 Info Supplied to ACNC for Registration See Also Email .docx,Corporate/XX Original files/Homes of Hope Business Plan_Mar2021 Info Supplied to ACNC for Registration See Also Email .docx,.docx,0,0,"",XX Original files,XX Original files,XX Original files,XX Original files,"","","","","",.docx
"",HTW report Lake Moogerah Rd Moogerah.pdf,Corporate/XX Original files/HTW report Lake Moogerah Rd Moogerah.pdf,.pdf,0,0,"",XX Original files,XX Original files,XX Original files,XX Original files,"","","","","",.pdf
"",Valuation_Report_1474_Lake_Moogerah_Road_Moogerah_QLD_4309_05-05-2022.pdf,Corporate/XX Original files/Valuation_Report_1474_Lake_Moogerah_Road_Moogerah_QLD_4309_05-05-2022.pdf,.pdf,0,0,"",XX Original files,XX Original files,XX Original files,XX Original files,"","","","","",.pdf
"",Draft - ATO Response 20 02 2023.docx,Corporate/XX Original files/Draft - ATO Response 20 02 2023.docx,.docx,0,0,"",XX Original files,XX Original files,XX Original files,XX Original files,"","","","","",.docx
"",Multiplace Authoirsed Tax Agent 28102020.docx,Corporate/XX Original files/Multiplace Authoirsed Tax Agent 28102020.docx,.docx,0,0,"",XX Original files,XX Original files,XX Original files,XX Original files,"","","","","",.docx
"",20230327 AGM Homes of Hope.docx,Corporate/XX Original files/20230327 AGM Homes of Hope.docx,.docx,0,0,"",XX Original files,XX Original files,XX Original files,XX Original files,"","","","","",.docx
"",Directors Update.docx,Corporate/XX Original files/Directors Update.docx,.docx,0,0,"",XX Original files,XX Original files,XX Original files,XX Original files,"","","","","",.docx
"",Proxy Form.docx,Corporate/XX Original files/Proxy Form.docx,.docx,0,0,"",XX Original files,XX Original files,XX Original files,XX Original files,"","","","","",.docx
"",20230127 Love Your World - withdrawal of Audit Reports for 2020 & 2019.pdf,Corporate/XX Original files/20230127 Love Your World - withdrawal of Audit Reports for 2020 & 2019.pdf,.pdf,0,0,"",XX Original files,XX Original files,XX Original files,XX Original files,"","","","","",.pdf
"",Cyber Alert 17_07_2023.pdf,Corporate/XX Original files/Cyber Alert 17_07_2023.pdf,.pdf,0,0,"",XX Original files,XX Original files,XX Original files,XX Original files,"","","","","",.pdf
"",Disclosure Notice 17_07_2023.pdf,Corporate/XX Original files/Disclosure Notice 17_07_2023.pdf,.pdf,0,0,"",XX Original files,XX Original files,XX Original files,XX Original files,"","","","","",.pdf
"",Livin the Dream Pty Ltd 17_07_2023.pdf,Corporate/XX Original files/Livin the Dream Pty Ltd 17_07_2023.pdf,.pdf,0,0,"",XX Original files,XX Original files,XX Original files,XX Original files,"","","","","",.pdf
"",Retainer Agreement 17_07_2023.pdf,Corporate/XX Original files/Retainer Agreement 17_07_2023.pdf,.pdf,0,0,"",XX Original files,XX Original files,XX Original files,XX Original files,"","","","","",.pdf
"",Costs Disclosure - Livin the Dream Pty Ltd - 21.08.23.pdf,Corporate/XX Original files/Costs Disclosure - Livin the Dream Pty Ltd - 21.08.23.pdf,.pdf,0,0,"",XX Original files,XX Original files,XX Original files,XX Original files,"","","","","",.pdf
"",James Harder 23_08_2023.pdf,Corporate/XX Original files/James Harder 23_08_2023.pdf,.pdf,0,0,"",XX Original files,XX Original files,XX Original files,XX Original files,"","","","","",.pdf
"",James Harder 3_11_2023 .pdf,Corporate/XX Original files/James Harder 3_11_2023 .pdf,.pdf,0,0,"",XX Original files,XX Original files,XX Original files,XX Original files,"","","","","",.pdf
"",Livin the Dream - Cost Ltr - 3 November 2023.pdf,Corporate/XX Original files/Livin the Dream - Cost Ltr - 3 November 2023.pdf,.pdf,0,0,"",XX Original files,XX Original files,XX Original files,XX Original files,"","","","","",.pdf
"",Disclosure Notice 15_11_2023 (3).pdf,Corporate/XX Original files/Disclosure Notice 15_11_2023 (3).pdf,.pdf,0,0,"",XX Original files,XX Original files,XX Original files,XX Original files,"","","","","",.pdf
"",James Harder 15_11_2023 .pdf,Corporate/XX Original files/James Harder 15_11_2023 .pdf,.pdf,0,0,"",XX Original files,XX Original files,XX Original files,XX Original files,"","","","","",.pdf
"",Retainer Agreement 15_11_2023.pdf,Corporate/XX Original files/Retainer Agreement 15_11_2023.pdf,.pdf,0,0,"",XX Original files,XX Original files,XX Original files,XX Original files,"","","","","",.pdf
"",Cyber Alert 21_11_2023.pdf,Corporate/XX Original files/Cyber Alert 21_11_2023.pdf,.pdf,0,0,"",XX Original files,XX Original files,XX Original files,XX Original files,"","","","","",.pdf
"",Disclosure Notice - Livin the Dream 21_11_2023.pdf,Corporate/XX Original files/Disclosure Notice - Livin the Dream 21_11_2023.pdf,.pdf,0,0,"",XX Original files,XX Original files,XX Original files,XX Original files,"","","","","",.pdf
"",James Harder - Livin the Dream 21_11_2023.pdf,Corporate/XX Original files/James Harder - Livin the Dream 21_11_2023.pdf,.pdf,0,0,"",XX Original files,XX Original files,XX Original files,XX Original files,"","","","","",.pdf
"",Retainer Agreement - Livin the Dream 21_11_2023.pdf,Corporate/XX Original files/Retainer Agreement - Livin the Dream 21_11_2023.pdf,.pdf,0,0,"",XX Original files,XX Original files,XX Original files,XX Original files,"","","","","",.pdf
"",Livin the Dream - Cost Ltr - 3 November 2023 (1).pdf,Corporate/XX Original files/Livin the Dream - Cost Ltr - 3 November 2023 (1).pdf,.pdf,0,0,"",XX Original files,XX Original files,XX Original files,XX Original files,"","","","","",.pdf
"",Draft letter to liquidator.docx,Corporate/XX Original files/Draft letter to liquidator.docx,.docx,0,0,"",XX Original files,XX Original files,XX Original files,XX Original files,"","","","","",.docx
"",20230135_57504.pdf,Corporate/XX Original files/20230135_57504.pdf,.pdf,0,0,"",XX Original files,XX Original files,XX Original files,XX Original files,"","","","","",.pdf
"",20230135_57591.pdf,Corporate/XX Original files/20230135_57591.pdf,.pdf,0,0,"",XX Original files,XX Original files,XX Original files,XX Original files,"","","","","",.pdf
"",HOH 20230135_57600.pdf,Corporate/XX Original files/HOH 20230135_57600.pdf,.pdf,0,0,"",XX Original files,XX Original files,XX Original files,XX Original files,"","","","","",.pdf
"",M230515 (Homes of Hope Limited The administration of Love Your World Ltd)-Invoi.pdf,Corporate/XX Original files/M230515 (Homes of Hope Limited The administration of Love Your World Ltd)-Invoi.pdf,.pdf,0,0,"",XX Original files,XX Original files,XX Original files,XX Original files,"","","","","",.pdf
"",Neumann & Turner Invoice 57480.pdf,Corporate/XX Original files/Neumann & Turner Invoice 57480.pdf,.pdf,0,0,"",XX Original files,XX Original files,XX Original files,XX Original files,"","","","","",.pdf
"",Neumann & Turnour - James Harder 18_05_2023.pdf,Corporate/XX Original files/Neumann & Turnour - James Harder 18_05_2023.pdf,.pdf,0,0,"",XX Original files,XX Original files,XX Original files,XX Original files,"","","","","",.pdf
"",Neumann & Turnour 20230135_57418.pdf,Corporate/XX Original files/Neumann & Turnour 20230135_57418.pdf,.pdf,0,0,"",XX Original files,XX Original files,XX Original files,XX Original files,"","","","","",.pdf
"",Redchip Lawyers Inv 3000061537 - $17077.50.pdf,Corporate/XX Original files/Redchip Lawyers Inv 3000061537 - $17077.50.pdf,.pdf,0,0,"",XX Original files,XX Original files,XX Original files,XX Original files,"","","","","",.pdf
"",Redchip Lawyers Inv 300060963 - $7386.00.pdf,Corporate/XX Original files/Redchip Lawyers Inv 300060963 - $7386.00.pdf,.pdf,0,0,"",XX Original files,XX Original files,XX Original files,XX Original files,"","","","","",.pdf
"",HOH Bank Statements.pdf,Corporate/XX Original files/HOH Bank Statements.pdf,.pdf,0,0,"",XX Original files,XX Original files,XX Original files,XX Original files,"","","","","",.pdf
"",HOH WBC Statement April 2025.pdf,Corporate/XX Original files/HOH WBC Statement April 2025.pdf,.pdf,0,0,"",XX Original files,XX Original files,XX Original files,XX Original files,"","","","","",.pdf
"",HOH WBC Statement June 2025.pdf,Corporate/XX Original files/HOH WBC Statement June 2025.pdf,.pdf,0,0,"",XX Original files,XX Original files,XX Original files,XX Original files,"","","","","",.pdf
"",HOH WBC Statement March 2025.pdf,Corporate/XX Original files/HOH WBC Statement March 2025.pdf,.pdf,0,0,"",XX Original files,XX Original files,XX Original files,XX Original files,"","","","","",.pdf
"",HOH WBC Statement May 2025.pdf,Corporate/XX Original files/HOH WBC Statement May 2025.pdf,.pdf,0,0,"",XX Original files,XX Original files,XX Original files,XX Original files,"","","","","",.pdf
"",Homes of Hope BOQ Statements 4 Jan 24 - Feb 25 - loan from Tekna Drafting to Homes of Hope.pdf,Corporate/XX Original files/Homes of Hope BOQ Statements 4 Jan 24 - Feb 25 - loan from Tekna Drafting to Homes of Hope.pdf,.pdf,0,0,"",XX Original files,XX Original files,XX Original files,XX Original files,"","","","","",.pdf
"",Homes_Of_Hope_Ltd_-_Account_Transactions.pdf,Corporate/XX Original files/Homes_Of_Hope_Ltd_-_Account_Transactions.pdf,.pdf,0,0,"",XX Original files,XX Original files,XX Original files,XX Original files,"","","","","",.pdf
"",07 April 2024 Statement.pdf,Corporate/XX Original files/07 April 2024 Statement.pdf,.pdf,0,0,"",XX Original files,XX Original files,XX Original files,XX Original files,"","","","","",.pdf
"",07 April 2025 Statement.pdf,Corporate/XX Original files/07 April 2025 Statement.pdf,.pdf,0,0,"",XX Original files,XX Original files,XX Original files,XX Original files,"","","","","",.pdf
"",07 August 2024 Statement.pdf,Corporate/XX Original files/07 August 2024 Statement.pdf,.pdf,0,0,"",XX Original files,XX Original files,XX Original files,XX Original files,"","","","","",.pdf
"",07 December 2023 Statement.pdf,Corporate/XX Original files/07 December 2023 Statement.pdf,.pdf,0,0,"",XX Original files,XX Original files,XX Original files,XX Original files,"","","","","",.pdf
"",07 December 2024 Statement.pdf,Corporate/XX Original files/07 December 2024 Statement.pdf,.pdf,0,0,"",XX Original files,XX Original files,XX Original files,XX Original files,"","","","","",.pdf
"",07 February 2024 Statement.pdf,Corporate/XX Original files/07 February 2024 Statement.pdf,.pdf,0,0,"",XX Original files,XX Original files,XX Original files,XX Original files,"","","","","",.pdf
"",07 February 2025 Statement.pdf,Corporate/XX Original files/07 February 2025 Statement.pdf,.pdf,0,0,"",XX Original files,XX Original files,XX Original files,XX Original files,"","","","","",.pdf
"",07 January 2024 Statement.pdf,Corporate/XX Original files/07 January 2024 Statement.pdf,.pdf,0,0,"",XX Original files,XX Original files,XX Original files,XX Original files,"","","","","",.pdf
"",07 January 2025 Statement.pdf,Corporate/XX Original files/07 January 2025 Statement.pdf,.pdf,0,0,"",XX Original files,XX Original files,XX Original files,XX Original files,"","","","","",.pdf
"",07 July 2024 Statement.pdf,Corporate/XX Original files/07 July 2024 Statement.pdf,.pdf,0,0,"",XX Original files,XX Original files,XX Original files,XX Original files,"","","","","",.pdf
"",07 June 2024 Statement.pdf,Corporate/XX Original files/07 June 2024 Statement.pdf,.pdf,0,0,"",XX Original files,XX Original files,XX Original files,XX Original files,"","","","","",.pdf
"",07 June 2025 Statement.pdf,Corporate/XX Original files/07 June 2025 Statement.pdf,.pdf,0,0,"",XX Original files,XX Original files,XX Original files,XX Original files,"","","","","",.pdf
"",07 March 2024 Statement.pdf,Corporate/XX Original files/07 March 2024 Statement.pdf,.pdf,0,0,"",XX Original files,XX Original files,XX Original files,XX Original files,"","","","","",.pdf
"",07 March 2025 Statement.pdf,Corporate/XX Original files/07 March 2025 Statement.pdf,.pdf,0,0,"",XX Original files,XX Original files,XX Original files,XX Original files,"","","","","",.pdf
"",07 May 2024 Statement.pdf,Corporate/XX Original files/07 May 2024 Statement.pdf,.pdf,0,0,"",XX Original files,XX Original files,XX Original files,XX Original files,"","","","","",.pdf
"",07 May 2025 Statement.pdf,Corporate/XX Original files/07 May 2025 Statement.pdf,.pdf,0,0,"",XX Original files,XX Original files,XX Original files,XX Original files,"","","","","",.pdf
"",07 November 2023 Statement.pdf,Corporate/XX Original files/07 November 2023 Statement.pdf,.pdf,0,0,"",XX Original files,XX Original files,XX Original files,XX Original files,"","","","","",.pdf
"",07 November 2024 Statement.pdf,Corporate/XX Original files/07 November 2024 Statement.pdf,.pdf,0,0,"",XX Original files,XX Original files,XX Original files,XX Original files,"","","","","",.pdf
"",07 October 2024 Statement.pdf,Corporate/XX Original files/07 October 2024 Statement.pdf,.pdf,0,0,"",XX Original files,XX Original files,XX Original files,XX Original files,"","","","","",.pdf
"",07 September 2024 Statement.pdf,Corporate/XX Original files/07 September 2024 Statement.pdf,.pdf,0,0,"",XX Original files,XX Original files,XX Original files,XX Original files,"","","","","",.pdf
"",BOQ LTD Statement 7th June - 30th June 2025.pdf,Corporate/XX Original files/BOQ LTD Statement 7th June - 30th June 2025.pdf,.pdf,0,0,"",XX Original files,XX Original files,XX Original files,XX Original files,"","","","","",.pdf
"",Livin_The_Dream_PTY_LTD_-_Account_Transactions.pdf,Corporate/XX Original files/Livin_The_Dream_PTY_LTD_-_Account_Transactions.pdf,.pdf,0,0,"",XX Original files,XX Original files,XX Original files,XX Original files,"","","","","",.pdf
"",Homes_Of_Hope_LTD_-_Balance_Sheet.pdf,Corporate/XX Original files/Homes_Of_Hope_LTD_-_Balance_Sheet.pdf,.pdf,0,0,"",XX Original files,XX Original files,XX Original files,XX Original files,"","","","","",.pdf
"",Homes_Of_Hope_Ltd_-_Profit_and_Loss.pdf,Corporate/XX Original files/Homes_Of_Hope_Ltd_-_Profit_and_Loss.pdf,.pdf,0,0,"",XX Original files,XX Original files,XX Original files,XX Original files,"","","","","",.pdf
"",Livin_The_Dream_PTY_LTD_-_Balance_Sheet_1.pdf,Corporate/XX Original files/Livin_The_Dream_PTY_LTD_-_Balance_Sheet_1.pdf,.pdf,0,0,"",XX Original files,XX Original files,XX Original files,XX Original files,"","","","","",.pdf
"",Livin_The_Dream_PTY_LTD_-_Profit_and_Loss_1.pdf,Corporate/XX Original files/Livin_The_Dream_PTY_LTD_-_Profit_and_Loss_1.pdf,.pdf,0,0,"",XX Original files,XX Original files,XX Original files,XX Original files,"","","","","",.pdf
"",Cost Statement - BS6620 of 2024 - Dated 19 June 2025 (002).pdf,Corporate/XX Original files/Cost Statement - BS6620 of 2024 - Dated 19 June 2025 (002).pdf,.pdf,0,0,"",XX Original files,XX Original files,XX Original files,XX Original files,"","","","","",.pdf
"",Livin The Dream Submission Proposal.pdf,Corporate/XX Original files/Livin The Dream Submission Proposal.pdf,.pdf,0,0,"",XX Original files,XX Original files,XX Original files,XX Original files,"","","","","",.pdf
"",LtD & HoH - Accountant Letter on Profit and Loss.pdf,Corporate/XX Original files/LtD & HoH - Accountant Letter on Profit and Loss.pdf,.pdf,0,0,"",XX Original files,XX Original files,XX Original files,XX Original files,"","","","","",.pdf
"",2025-06-13 ATO penalty $6260.pdf,Corporate/XX Original files/2025-06-13 ATO penalty $6260.pdf,.pdf,0,0,"",XX Original files,XX Original files,XX Original files,XX Original files,"","","","","",.pdf
"",ATO Penalty $317.70.pdf,Corporate/XX Original files/ATO Penalty $317.70.pdf,.pdf,0,0,"",XX Original files,XX Original files,XX Original files,XX Original files,"","","","","",.pdf
"",Invoice INV-0007.pdf,Corporate/XX Original files/Invoice INV-0007.pdf,.pdf,0,0,"",XX Original files,XX Original files,XX Original files,XX Original files,"","","","","",.pdf
"",Invoice INV-0008.pdf,Corporate/XX Original files/Invoice INV-0008.pdf,.pdf,0,0,"",XX Original files,XX Original files,XX Original files,XX Original files,"","","","","",.pdf
"",Invoice INV-0009.pdf,Corporate/XX Original files/Invoice INV-0009.pdf,.pdf,0,0,"",XX Original files,XX Original files,XX Original files,XX Original files,"","","","","",.pdf
"",Invoice INV-0010.pdf,Corporate/XX Original files/Invoice INV-0010.pdf,.pdf,0,0,"",XX Original files,XX Original files,XX Original files,XX Original files,"","","","","",.pdf
"",Invoice INV-0011.pdf,Corporate/XX Original files/Invoice INV-0011.pdf,.pdf,0,0,"",XX Original files,XX Original files,XX Original files,XX Original files,"","","","","",.pdf
"",Invoice INV-0012.pdf,Corporate/XX Original files/Invoice INV-0012.pdf,.pdf,0,0,"",XX Original files,XX Original files,XX Original files,XX Original files,"","","","","",.pdf
"",Invoice INV-0013.pdf,Corporate/XX Original files/Invoice INV-0013.pdf,.pdf,0,0,"",XX Original files,XX Original files,XX Original files,XX Original files,"","","","","",.pdf
"",Invoice INV-0014.pdf,Corporate/XX Original files/Invoice INV-0014.pdf,.pdf,0,0,"",XX Original files,XX Original files,XX Original files,XX Original files,"","","","","",.pdf
"",Invoice INV-0015.pdf,Corporate/XX Original files/Invoice INV-0015.pdf,.pdf,0,0,"",XX Original files,XX Original files,XX Original files,XX Original files,"","","","","",.pdf
"",Invoice INV-0016.pdf,Corporate/XX Original files/Invoice INV-0016.pdf,.pdf,0,0,"",XX Original files,XX Original files,XX Original files,XX Original files,"","","","","",.pdf
"",Invoice INV-0017.pdf,Corporate/XX Original files/Invoice INV-0017.pdf,.pdf,0,0,"",XX Original files,XX Original files,XX Original files,XX Original files,"","","","","",.pdf
"",Invoice INV-0018.pdf,Corporate/XX Original files/Invoice INV-0018.pdf,.pdf,0,0,"",XX Original files,XX Original files,XX Original files,XX Original files,"","","","","",.pdf
"",Magnus Invoice INV-22209 $1004.95.pdf,Corporate/XX Original files/Magnus Invoice INV-22209 $1004.95.pdf,.pdf,0,0,"",XX Original files,XX Original files,XX Original files,XX Original files,"","","","","",.pdf
"",Showing Payments Interest and ATo from bank account.docx,Corporate/XX Original files/Showing Payments Interest and ATo from bank account.docx,.docx,0,0,"",XX Original files,XX Original files,XX Original files,XX Original files,"","","","","",.docx
"",Email Letter to Moore Lawyers - Without Prejudice Save as to Costs -19.06.2025.pdf,Corporate/XX Original files/Email Letter to Moore Lawyers - Without Prejudice Save as to Costs -19.06.2025.pdf,.pdf,0,0,"",XX Original files,XX Original files,XX Original files,XX Original files,"","","","","",.pdf
"",Responses.docx,Corporate/XX Original files/Responses.docx,.docx,0,0,"",XX Original files,XX Original files,XX Original files,XX Original files,"","","","","",.docx
"",Two Offers.xlsx,Corporate/XX Original files/Two Offers.xlsx,.xlsx,0,0,"",XX Original files,XX Original files,XX Original files,XX Original files,"","","","","",.xlsx
"",Homes Of Hope - Livin The Dream - Div-7A Loan Agreement.pdf,Corporate/XX Original files/Homes Of Hope - Livin The Dream - Div-7A Loan Agreement.pdf,.pdf,0,0,"",XX Original files,XX Original files,XX Original files,XX Original files,"","","","","",.pdf
"",LTD Statements.pdf,Corporate/XX Original files/LTD Statements.pdf,.pdf,0,0,"",XX Original files,XX Original files,XX Original files,XX Original files,"","","","","",.pdf
"",Draft UCPR Cost Statement.pdf,Corporate/XX Original files/Draft UCPR Cost Statement.pdf,.pdf,0,0,"",XX Original files,XX Original files,XX Original files,XX Original files,"","","","","",.pdf
"",Livin The Dream Submission Proposal.pdf,Corporate/XX Original files/Livin The Dream Submission Proposal.pdf,.pdf,0,0,"",XX Original files,XX Original files,XX Original files,XX Original files,"","","","","",.pdf
"",Adv_FRCGW_clearance_certificate_7161310338619.pdf,Corporate/XX Original files/Adv_FRCGW_clearance_certificate_7161310338619.pdf,.pdf,0,0,"",XX Original files,XX Original files,XX Original files,XX Original files,"","","","","",.pdf
"",Foreign residentual Capital gains.pdf,Corporate/XX Original files/Foreign residentual Capital gains.pdf,.pdf,0,0,"",XX Original files,XX Original files,XX Original files,XX Original files,"","","","","",.pdf
"",Homes_Of_Hope_Ltd_-_Account_Transactions.pdf,Corporate/XX Original files/Homes_Of_Hope_Ltd_-_Account_Transactions.pdf,.pdf,0,0,"",XX Original files,XX Original files,XX Original files,XX Original files,"","","","","",.pdf
"",Homes_Of_Hope_Ltd_-_Balance_Sheet.pdf,Corporate/XX Original files/Homes_Of_Hope_Ltd_-_Balance_Sheet.pdf,.pdf,0,0,"",XX Original files,XX Original files,XX Original files,XX Original files,"","","","","",.pdf
"",Homes_Of_Hope_Ltd_-_Profit_and_Loss.pdf,Corporate/XX Original files/Homes_Of_Hope_Ltd_-_Profit_and_Loss.pdf,.pdf,0,0,"",XX Original files,XX Original files,XX Original files,XX Original files,"","","","","",.pdf
"",HTW report Lake Moogerah Rd Moogerah.pdf,Corporate/XX Original files/HTW report Lake Moogerah Rd Moogerah.pdf,.pdf,0,0,"",XX Original files,XX Original files,XX Original files,XX Original files,"","","","","",.pdf
"",Interest calculations.xlsx,Corporate/XX Original files/Interest calculations.xlsx,.xlsx,0,0,"",XX Original files,XX Original files,XX Original files,XX Original files,"","","","","",.xlsx
"",Invoice INV-0356 $44155.18 .pdf,Corporate/XX Original files/Invoice INV-0356 $44155.18 .pdf,.pdf,0,0,"",XX Original files,XX Original files,XX Original files,XX Original files,"","","","","",.pdf
"",Moogerah_Lakeside_Retreat_-_Balance_Sheet.pdf,Corporate/XX Original files/Moogerah_Lakeside_Retreat_-_Balance_Sheet.pdf,.pdf,0,0,"",XX Original files,XX Original files,XX Original files,XX Original files,"","","","","",.pdf
"",Moogerah_Lakeside_Retreat_-_Profit_and_Loss.pdf,Corporate/XX Original files/Moogerah_Lakeside_Retreat_-_Profit_and_Loss.pdf,.pdf,0,0,"",XX Original files,XX Original files,XX Original files,XX Original files,"","","","","",.pdf
"",Chris request advice.docx,Corporate/XX Original files/Chris request advice.docx,.docx,0,0,"",XX Original files,XX Original files,XX Original files,XX Original files,"","","","","",.docx
"",Homes_Of_Hope_Ltd_-_Balance_Sheet.pdf,Corporate/XX Original files/Homes_Of_Hope_Ltd_-_Balance_Sheet.pdf,.pdf,0,0,"",XX Original files,XX Original files,XX Original files,XX Original files,"","","","","",.pdf
"",Moogerah_Lakeside_Retreat_-_Balance_Sheet_1.pdf,Corporate/XX Original files/Moogerah_Lakeside_Retreat_-_Balance_Sheet_1.pdf,.pdf,0,0,"",XX Original files,XX Original files,XX Original files,XX Original files,"","","","","",.pdf
"",Tekna_Drafting_Pty_Ltd_-_Balance_Sheet.pdf,Corporate/XX Original files/Tekna_Drafting_Pty_Ltd_-_Balance_Sheet.pdf,.pdf,0,0,"",XX Original files,XX Original files,XX Original files,XX Original files,"","","","","",.pdf
"",Medicare .pdf,Corporate/XX Original files/Medicare .pdf,.pdf,0,0,"",XX Original files,XX Original files,XX Original files,XX Original files,"","","","","",.pdf
"",PAA00971_pg7 05.01.25.pdf,Corporate/XX Original files/PAA00971_pg7 05.01.25.pdf,.pdf,0,0,"",XX Original files,XX Original files,XX Original files,XX Original files,"","","","","",.pdf
"",PAA00971_pg7.pdf,Corporate/XX Original files/PAA00971_pg7.pdf,.pdf,0,0,"",XX Original files,XX Original files,XX Original files,XX Original files,"","","","","",.pdf
"",Rachel Certified Licence.pdf,Corporate/XX Original files/Rachel Certified Licence.pdf,.pdf,0,0,"",XX Original files,XX Original files,XX Original files,XX Original files,"","","","","",.pdf
"",Rachel's Driver Licence.pdf,Corporate/XX Original files/Rachel's Driver Licence.pdf,.pdf,0,0,"",XX Original files,XX Original files,XX Original files,XX Original files,"","","","","",.pdf
"",Rachels Drivers Licence expiry 2029.pdf,Corporate/XX Original files/Rachels Drivers Licence expiry 2029.pdf,.pdf,0,0,"",XX Original files,XX Original files,XX Original files,XX Original files,"","","","","",.pdf
"",Rob Drivers Licence.pdf,Corporate/XX Original files/Rob Drivers Licence.pdf,.pdf,0,0,"",XX Original files,XX Original files,XX Original files,XX Original files,"","","","","",.pdf
"",Robs Passport.pdf,Corporate/XX Original files/Robs Passport.pdf,.pdf,0,0,"",XX Original files,XX Original files,XX Original files,XX Original files,"","","","","",.pdf
